naics_industry_group,description,sourcing_class,rationale,source,customer_type,customer_rationale,customer_source
1111,Oilseed and Grain Farming,business,"Taxable sales of business-serving vendors (wholesale, contractors, information, professional and administrative services, etc.) and purchases subject to use tax, sourced to the customer's location. Allocated by where private economic activity is: workplace employment excluding public administration, since government purchases are exempt under Tax Law s.1116(a)(1). Total employment and Economic Census payroll are sensitivities.",https://lehd.ces.census.gov/data/,mixed,Nurseries and farm stands sell to households; farm services to farms.,https://www.census.gov/naics/ ; https://www.tax.ny.gov/pdf/publications/sales/pub750.pdf ; https://www.tax.ny.gov/forms/publications/st/pub718r.htm
1112,Vegetable and Melon Farming,business,"Taxable sales of business-serving vendors (wholesale, contractors, information, professional and administrative services, etc.) and purchases subject to use tax, sourced to the customer's location. Allocated by where private economic activity is: workplace employment excluding public administration, since government purchases are exempt under Tax Law s.1116(a)(1). Total employment and Economic Census payroll are sensitivities.",https://lehd.ces.census.gov/data/,mixed,Nurseries and farm stands sell to households; farm services to farms.,https://www.census.gov/naics/ ; https://www.tax.ny.gov/pdf/publications/sales/pub750.pdf ; https://www.tax.ny.gov/forms/publications/st/pub718r.htm
1113,Fruit and Tree Nut Farming,business,"Taxable sales of business-serving vendors (wholesale, contractors, information, professional and administrative services, etc.) and purchases subject to use tax, sourced to the customer's location. Allocated by where private economic activity is: workplace employment excluding public administration, since government purchases are exempt under Tax Law s.1116(a)(1). Total employment and Economic Census payroll are sensitivities.",https://lehd.ces.census.gov/data/,mixed,Nurseries and farm stands sell to households; farm services to farms.,https://www.census.gov/naics/ ; https://www.tax.ny.gov/pdf/publications/sales/pub750.pdf ; https://www.tax.ny.gov/forms/publications/st/pub718r.htm
1114,"Greenhouse, Nursery, and Floriculture Production",business,"Taxable sales of business-serving vendors (wholesale, contractors, information, professional and administrative services, etc.) and purchases subject to use tax, sourced to the customer's location. Allocated by where private economic activity is: workplace employment excluding public administration, since government purchases are exempt under Tax Law s.1116(a)(1). Total employment and Economic Census payroll are sensitivities.",https://lehd.ces.census.gov/data/,mixed,Nurseries and farm stands sell to households; farm services to farms.,https://www.census.gov/naics/ ; https://www.tax.ny.gov/pdf/publications/sales/pub750.pdf ; https://www.tax.ny.gov/forms/publications/st/pub718r.htm
1119,Other Crop Farming,business,"Taxable sales of business-serving vendors (wholesale, contractors, information, professional and administrative services, etc.) and purchases subject to use tax, sourced to the customer's location. Allocated by where private economic activity is: workplace employment excluding public administration, since government purchases are exempt under Tax Law s.1116(a)(1). Total employment and Economic Census payroll are sensitivities.",https://lehd.ces.census.gov/data/,mixed,Nurseries and farm stands sell to households; farm services to farms.,https://www.census.gov/naics/ ; https://www.tax.ny.gov/pdf/publications/sales/pub750.pdf ; https://www.tax.ny.gov/forms/publications/st/pub718r.htm
1121,Cattle Ranching and Farming,business,"Taxable sales of business-serving vendors (wholesale, contractors, information, professional and administrative services, etc.) and purchases subject to use tax, sourced to the customer's location. Allocated by where private economic activity is: workplace employment excluding public administration, since government purchases are exempt under Tax Law s.1116(a)(1). Total employment and Economic Census payroll are sensitivities.",https://lehd.ces.census.gov/data/,mixed,Nurseries and farm stands sell to households; farm services to farms.,https://www.census.gov/naics/ ; https://www.tax.ny.gov/pdf/publications/sales/pub750.pdf ; https://www.tax.ny.gov/forms/publications/st/pub718r.htm
1122,Hog and Pig Farming,business,"Taxable sales of business-serving vendors (wholesale, contractors, information, professional and administrative services, etc.) and purchases subject to use tax, sourced to the customer's location. Allocated by where private economic activity is: workplace employment excluding public administration, since government purchases are exempt under Tax Law s.1116(a)(1). Total employment and Economic Census payroll are sensitivities.",https://lehd.ces.census.gov/data/,mixed,Nurseries and farm stands sell to households; farm services to farms.,https://www.census.gov/naics/ ; https://www.tax.ny.gov/pdf/publications/sales/pub750.pdf ; https://www.tax.ny.gov/forms/publications/st/pub718r.htm
1123,Poultry and Egg Production,business,"Taxable sales of business-serving vendors (wholesale, contractors, information, professional and administrative services, etc.) and purchases subject to use tax, sourced to the customer's location. Allocated by where private economic activity is: workplace employment excluding public administration, since government purchases are exempt under Tax Law s.1116(a)(1). Total employment and Economic Census payroll are sensitivities.",https://lehd.ces.census.gov/data/,mixed,Nurseries and farm stands sell to households; farm services to farms.,https://www.census.gov/naics/ ; https://www.tax.ny.gov/pdf/publications/sales/pub750.pdf ; https://www.tax.ny.gov/forms/publications/st/pub718r.htm
1124,Sheep and Goat Farming,business,"Taxable sales of business-serving vendors (wholesale, contractors, information, professional and administrative services, etc.) and purchases subject to use tax, sourced to the customer's location. Allocated by where private economic activity is: workplace employment excluding public administration, since government purchases are exempt under Tax Law s.1116(a)(1). Total employment and Economic Census payroll are sensitivities.",https://lehd.ces.census.gov/data/,mixed,Nurseries and farm stands sell to households; farm services to farms.,https://www.census.gov/naics/ ; https://www.tax.ny.gov/pdf/publications/sales/pub750.pdf ; https://www.tax.ny.gov/forms/publications/st/pub718r.htm
1125,Aquaculture,business,"Taxable sales of business-serving vendors (wholesale, contractors, information, professional and administrative services, etc.) and purchases subject to use tax, sourced to the customer's location. Allocated by where private economic activity is: workplace employment excluding public administration, since government purchases are exempt under Tax Law s.1116(a)(1). Total employment and Economic Census payroll are sensitivities.",https://lehd.ces.census.gov/data/,mixed,Nurseries and farm stands sell to households; farm services to farms.,https://www.census.gov/naics/ ; https://www.tax.ny.gov/pdf/publications/sales/pub750.pdf ; https://www.tax.ny.gov/forms/publications/st/pub718r.htm
1129,Other Animal Production,business,"Taxable sales of business-serving vendors (wholesale, contractors, information, professional and administrative services, etc.) and purchases subject to use tax, sourced to the customer's location. Allocated by where private economic activity is: workplace employment excluding public administration, since government purchases are exempt under Tax Law s.1116(a)(1). Total employment and Economic Census payroll are sensitivities.",https://lehd.ces.census.gov/data/,mixed,Nurseries and farm stands sell to households; farm services to farms.,https://www.census.gov/naics/ ; https://www.tax.ny.gov/pdf/publications/sales/pub750.pdf ; https://www.tax.ny.gov/forms/publications/st/pub718r.htm
1131,Timber Tract Operations,business,"Taxable sales of business-serving vendors (wholesale, contractors, information, professional and administrative services, etc.) and purchases subject to use tax, sourced to the customer's location. Allocated by where private economic activity is: workplace employment excluding public administration, since government purchases are exempt under Tax Law s.1116(a)(1). Total employment and Economic Census payroll are sensitivities.",https://lehd.ces.census.gov/data/,mixed,Nurseries and farm stands sell to households; farm services to farms.,https://www.census.gov/naics/ ; https://www.tax.ny.gov/pdf/publications/sales/pub750.pdf ; https://www.tax.ny.gov/forms/publications/st/pub718r.htm
1132,Forest Nurseries and Gathering of Forest Products,business,"Taxable sales of business-serving vendors (wholesale, contractors, information, professional and administrative services, etc.) and purchases subject to use tax, sourced to the customer's location. Allocated by where private economic activity is: workplace employment excluding public administration, since government purchases are exempt under Tax Law s.1116(a)(1). Total employment and Economic Census payroll are sensitivities.",https://lehd.ces.census.gov/data/,mixed,Nurseries and farm stands sell to households; farm services to farms.,https://www.census.gov/naics/ ; https://www.tax.ny.gov/pdf/publications/sales/pub750.pdf ; https://www.tax.ny.gov/forms/publications/st/pub718r.htm
1133,Logging,business,"Taxable sales of business-serving vendors (wholesale, contractors, information, professional and administrative services, etc.) and purchases subject to use tax, sourced to the customer's location. Allocated by where private economic activity is: workplace employment excluding public administration, since government purchases are exempt under Tax Law s.1116(a)(1). Total employment and Economic Census payroll are sensitivities.",https://lehd.ces.census.gov/data/,mixed,Nurseries and farm stands sell to households; farm services to farms.,https://www.census.gov/naics/ ; https://www.tax.ny.gov/pdf/publications/sales/pub750.pdf ; https://www.tax.ny.gov/forms/publications/st/pub718r.htm
1141,Fishing,business,"Taxable sales of business-serving vendors (wholesale, contractors, information, professional and administrative services, etc.) and purchases subject to use tax, sourced to the customer's location. Allocated by where private economic activity is: workplace employment excluding public administration, since government purchases are exempt under Tax Law s.1116(a)(1). Total employment and Economic Census payroll are sensitivities.",https://lehd.ces.census.gov/data/,mixed,Nurseries and farm stands sell to households; farm services to farms.,https://www.census.gov/naics/ ; https://www.tax.ny.gov/pdf/publications/sales/pub750.pdf ; https://www.tax.ny.gov/forms/publications/st/pub718r.htm
1142,Hunting and Trapping,business,"Taxable sales of business-serving vendors (wholesale, contractors, information, professional and administrative services, etc.) and purchases subject to use tax, sourced to the customer's location. Allocated by where private economic activity is: workplace employment excluding public administration, since government purchases are exempt under Tax Law s.1116(a)(1). Total employment and Economic Census payroll are sensitivities.",https://lehd.ces.census.gov/data/,mixed,Nurseries and farm stands sell to households; farm services to farms.,https://www.census.gov/naics/ ; https://www.tax.ny.gov/pdf/publications/sales/pub750.pdf ; https://www.tax.ny.gov/forms/publications/st/pub718r.htm
1151,Support Activities for Crop Production,business,"Taxable sales of business-serving vendors (wholesale, contractors, information, professional and administrative services, etc.) and purchases subject to use tax, sourced to the customer's location. Allocated by where private economic activity is: workplace employment excluding public administration, since government purchases are exempt under Tax Law s.1116(a)(1). Total employment and Economic Census payroll are sensitivities.",https://lehd.ces.census.gov/data/,mixed,Nurseries and farm stands sell to households; farm services to farms.,https://www.census.gov/naics/ ; https://www.tax.ny.gov/pdf/publications/sales/pub750.pdf ; https://www.tax.ny.gov/forms/publications/st/pub718r.htm
1152,Support Activities for Animal Production,business,"Taxable sales of business-serving vendors (wholesale, contractors, information, professional and administrative services, etc.) and purchases subject to use tax, sourced to the customer's location. Allocated by where private economic activity is: workplace employment excluding public administration, since government purchases are exempt under Tax Law s.1116(a)(1). Total employment and Economic Census payroll are sensitivities.",https://lehd.ces.census.gov/data/,mixed,Nurseries and farm stands sell to households; farm services to farms.,https://www.census.gov/naics/ ; https://www.tax.ny.gov/pdf/publications/sales/pub750.pdf ; https://www.tax.ny.gov/forms/publications/st/pub718r.htm
1153,Support Activities for Forestry,business,"Taxable sales of business-serving vendors (wholesale, contractors, information, professional and administrative services, etc.) and purchases subject to use tax, sourced to the customer's location. Allocated by where private economic activity is: workplace employment excluding public administration, since government purchases are exempt under Tax Law s.1116(a)(1). Total employment and Economic Census payroll are sensitivities.",https://lehd.ces.census.gov/data/,mixed,Nurseries and farm stands sell to households; farm services to farms.,https://www.census.gov/naics/ ; https://www.tax.ny.gov/pdf/publications/sales/pub750.pdf ; https://www.tax.ny.gov/forms/publications/st/pub718r.htm
2111,Oil and Gas Extraction,business,"Taxable sales of business-serving vendors (wholesale, contractors, information, professional and administrative services, etc.) and purchases subject to use tax, sourced to the customer's location. Allocated by where private economic activity is: workplace employment excluding public administration, since government purchases are exempt under Tax Law s.1116(a)(1). Total employment and Economic Census payroll are sensitivities.",https://lehd.ces.census.gov/data/,business,"Sand, gravel and stone go to contractors.",https://www.census.gov/naics/ ; https://www.tax.ny.gov/pdf/publications/sales/pub750.pdf ; https://www.tax.ny.gov/forms/publications/st/pub718r.htm
2121,Coal Mining,business,"Taxable sales of business-serving vendors (wholesale, contractors, information, professional and administrative services, etc.) and purchases subject to use tax, sourced to the customer's location. Allocated by where private economic activity is: workplace employment excluding public administration, since government purchases are exempt under Tax Law s.1116(a)(1). Total employment and Economic Census payroll are sensitivities.",https://lehd.ces.census.gov/data/,business,"Sand, gravel and stone go to contractors.",https://www.census.gov/naics/ ; https://www.tax.ny.gov/pdf/publications/sales/pub750.pdf ; https://www.tax.ny.gov/forms/publications/st/pub718r.htm
2122,Metal Ore Mining,business,"Taxable sales of business-serving vendors (wholesale, contractors, information, professional and administrative services, etc.) and purchases subject to use tax, sourced to the customer's location. Allocated by where private economic activity is: workplace employment excluding public administration, since government purchases are exempt under Tax Law s.1116(a)(1). Total employment and Economic Census payroll are sensitivities.",https://lehd.ces.census.gov/data/,business,"Sand, gravel and stone go to contractors.",https://www.census.gov/naics/ ; https://www.tax.ny.gov/pdf/publications/sales/pub750.pdf ; https://www.tax.ny.gov/forms/publications/st/pub718r.htm
2123,Nonmetallic Mineral Mining and Quarrying,business,"Taxable sales of business-serving vendors (wholesale, contractors, information, professional and administrative services, etc.) and purchases subject to use tax, sourced to the customer's location. Allocated by where private economic activity is: workplace employment excluding public administration, since government purchases are exempt under Tax Law s.1116(a)(1). Total employment and Economic Census payroll are sensitivities.",https://lehd.ces.census.gov/data/,business,"Sand, gravel and stone go to contractors.",https://www.census.gov/naics/ ; https://www.tax.ny.gov/pdf/publications/sales/pub750.pdf ; https://www.tax.ny.gov/forms/publications/st/pub718r.htm
2131,Support Activities for Mining,business,"Taxable sales of business-serving vendors (wholesale, contractors, information, professional and administrative services, etc.) and purchases subject to use tax, sourced to the customer's location. Allocated by where private economic activity is: workplace employment excluding public administration, since government purchases are exempt under Tax Law s.1116(a)(1). Total employment and Economic Census payroll are sensitivities.",https://lehd.ces.census.gov/data/,business,"Sand, gravel and stone go to contractors.",https://www.census.gov/naics/ ; https://www.tax.ny.gov/pdf/publications/sales/pub750.pdf ; https://www.tax.ny.gov/forms/publications/st/pub718r.htm
2211,"Electric Power Generation, Transmission and Distribution",utilities,"NAICS 22 and 517. The Albany City School District's 3% tax covers both utilities and telecommunications (TSB-M-90(6)S), giving a directly measured city base; allocated by the business allocator (private workplace employment) in the generic apportionment so the same method runs for every calibration city, with the measured value as a check.",https://tax.ny.gov/pdf/memos/sales/m90_6s.pdf,NA,NA,NA
2212,Natural Gas Distribution,utilities,"NAICS 22 and 517. The Albany City School District's 3% tax covers both utilities and telecommunications (TSB-M-90(6)S), giving a directly measured city base; allocated by the business allocator (private workplace employment) in the generic apportionment so the same method runs for every calibration city, with the measured value as a check.",https://tax.ny.gov/pdf/memos/sales/m90_6s.pdf,NA,NA,NA
2213,"Water, Sewage and Other Systems",utilities,"NAICS 22 and 517. The Albany City School District's 3% tax covers both utilities and telecommunications (TSB-M-90(6)S), giving a directly measured city base; allocated by the business allocator (private workplace employment) in the generic apportionment so the same method runs for every calibration city, with the measured value as a check.",https://tax.ny.gov/pdf/memos/sales/m90_6s.pdf,NA,NA,NA
2361,Residential Building Construction,business,"Taxable sales of business-serving vendors (wholesale, contractors, information, professional and administrative services, etc.) and purchases subject to use tax, sourced to the customer's location. Allocated by where private economic activity is: workplace employment excluding public administration, since government purchases are exempt under Tax Law s.1116(a)(1). Total employment and Economic Census payroll are sensitivities.",https://lehd.ces.census.gov/data/,household,Home builders' taxable sales are repair and remodeling work for homeowners (capital improvements are exempt).,https://www.census.gov/naics/ ; https://www.tax.ny.gov/pdf/publications/sales/pub750.pdf ; https://www.tax.ny.gov/forms/publications/st/pub718r.htm
2362,Nonresidential Building Construction,business,"Taxable sales of business-serving vendors (wholesale, contractors, information, professional and administrative services, etc.) and purchases subject to use tax, sourced to the customer's location. Allocated by where private economic activity is: workplace employment excluding public administration, since government purchases are exempt under Tax Law s.1116(a)(1). Total employment and Economic Census payroll are sensitivities.",https://lehd.ces.census.gov/data/,business,Nonresidential builders and heavy contractors serve businesses and governments; whatever is taxable is commercial.,https://www.census.gov/naics/ ; https://www.tax.ny.gov/pdf/publications/sales/pub750.pdf ; https://www.tax.ny.gov/forms/publications/st/pub718r.htm
2371,Utility System Construction,business,"Taxable sales of business-serving vendors (wholesale, contractors, information, professional and administrative services, etc.) and purchases subject to use tax, sourced to the customer's location. Allocated by where private economic activity is: workplace employment excluding public administration, since government purchases are exempt under Tax Law s.1116(a)(1). Total employment and Economic Census payroll are sensitivities.",https://lehd.ces.census.gov/data/,business,Nonresidential builders and heavy contractors serve businesses and governments; whatever is taxable is commercial.,https://www.census.gov/naics/ ; https://www.tax.ny.gov/pdf/publications/sales/pub750.pdf ; https://www.tax.ny.gov/forms/publications/st/pub718r.htm
2372,Land Subdivision,business,"Taxable sales of business-serving vendors (wholesale, contractors, information, professional and administrative services, etc.) and purchases subject to use tax, sourced to the customer's location. Allocated by where private economic activity is: workplace employment excluding public administration, since government purchases are exempt under Tax Law s.1116(a)(1). Total employment and Economic Census payroll are sensitivities.",https://lehd.ces.census.gov/data/,business,Nonresidential builders and heavy contractors serve businesses and governments; whatever is taxable is commercial.,https://www.census.gov/naics/ ; https://www.tax.ny.gov/pdf/publications/sales/pub750.pdf ; https://www.tax.ny.gov/forms/publications/st/pub718r.htm
2373,"Highway, Street, and Bridge Construction",business,"Taxable sales of business-serving vendors (wholesale, contractors, information, professional and administrative services, etc.) and purchases subject to use tax, sourced to the customer's location. Allocated by where private economic activity is: workplace employment excluding public administration, since government purchases are exempt under Tax Law s.1116(a)(1). Total employment and Economic Census payroll are sensitivities.",https://lehd.ces.census.gov/data/,business,Nonresidential builders and heavy contractors serve businesses and governments; whatever is taxable is commercial.,https://www.census.gov/naics/ ; https://www.tax.ny.gov/pdf/publications/sales/pub750.pdf ; https://www.tax.ny.gov/forms/publications/st/pub718r.htm
2379,Other Heavy and Civil Engineering Construction,business,"Taxable sales of business-serving vendors (wholesale, contractors, information, professional and administrative services, etc.) and purchases subject to use tax, sourced to the customer's location. Allocated by where private economic activity is: workplace employment excluding public administration, since government purchases are exempt under Tax Law s.1116(a)(1). Total employment and Economic Census payroll are sensitivities.",https://lehd.ces.census.gov/data/,business,Nonresidential builders and heavy contractors serve businesses and governments; whatever is taxable is commercial.,https://www.census.gov/naics/ ; https://www.tax.ny.gov/pdf/publications/sales/pub750.pdf ; https://www.tax.ny.gov/forms/publications/st/pub718r.htm
2381,"Foundation, Structure, and Building Exterior Contractors",business,"Taxable sales of business-serving vendors (wholesale, contractors, information, professional and administrative services, etc.) and purchases subject to use tax, sourced to the customer's location. Allocated by where private economic activity is: workplace employment excluding public administration, since government purchases are exempt under Tax Law s.1116(a)(1). Total employment and Economic Census payroll are sensitivities.",https://lehd.ces.census.gov/data/,mixed,"Electrical, plumbing, heating and finishing contractors do taxable repair and maintenance work for homeowners and for commercial buildings alike.",https://www.census.gov/naics/ ; https://www.tax.ny.gov/pdf/publications/sales/pub750.pdf ; https://www.tax.ny.gov/forms/publications/st/pub718r.htm
2382,Building Equipment Contractors,business,"Taxable sales of business-serving vendors (wholesale, contractors, information, professional and administrative services, etc.) and purchases subject to use tax, sourced to the customer's location. Allocated by where private economic activity is: workplace employment excluding public administration, since government purchases are exempt under Tax Law s.1116(a)(1). Total employment and Economic Census payroll are sensitivities.",https://lehd.ces.census.gov/data/,mixed,"Electrical, plumbing, heating and finishing contractors do taxable repair and maintenance work for homeowners and for commercial buildings alike.",https://www.census.gov/naics/ ; https://www.tax.ny.gov/pdf/publications/sales/pub750.pdf ; https://www.tax.ny.gov/forms/publications/st/pub718r.htm
2383,Building Finishing Contractors,business,"Taxable sales of business-serving vendors (wholesale, contractors, information, professional and administrative services, etc.) and purchases subject to use tax, sourced to the customer's location. Allocated by where private economic activity is: workplace employment excluding public administration, since government purchases are exempt under Tax Law s.1116(a)(1). Total employment and Economic Census payroll are sensitivities.",https://lehd.ces.census.gov/data/,mixed,"Electrical, plumbing, heating and finishing contractors do taxable repair and maintenance work for homeowners and for commercial buildings alike.",https://www.census.gov/naics/ ; https://www.tax.ny.gov/pdf/publications/sales/pub750.pdf ; https://www.tax.ny.gov/forms/publications/st/pub718r.htm
2389,Other Specialty Trade Contractors,business,"Taxable sales of business-serving vendors (wholesale, contractors, information, professional and administrative services, etc.) and purchases subject to use tax, sourced to the customer's location. Allocated by where private economic activity is: workplace employment excluding public administration, since government purchases are exempt under Tax Law s.1116(a)(1). Total employment and Economic Census payroll are sensitivities.",https://lehd.ces.census.gov/data/,mixed,"Electrical, plumbing, heating and finishing contractors do taxable repair and maintenance work for homeowners and for commercial buildings alike.",https://www.census.gov/naics/ ; https://www.tax.ny.gov/pdf/publications/sales/pub750.pdf ; https://www.tax.ny.gov/forms/publications/st/pub718r.htm
3111,Animal Food Manufacturing,business,"Taxable sales of business-serving vendors (wholesale, contractors, information, professional and administrative services, etc.) and purchases subject to use tax, sourced to the customer's location. Allocated by where private economic activity is: workplace employment excluding public administration, since government purchases are exempt under Tax Law s.1116(a)(1). Total employment and Economic Census payroll are sensitivities.",https://lehd.ces.census.gov/data/,business,"Manufacturers' direct taxable sales are of equipment, materials and printed matter to other businesses; sales to resellers are exempt.",https://www.census.gov/naics/ ; https://www.tax.ny.gov/pdf/publications/sales/pub750.pdf ; https://www.tax.ny.gov/forms/publications/st/pub718r.htm
3112,Grain and Oilseed Milling,business,"Taxable sales of business-serving vendors (wholesale, contractors, information, professional and administrative services, etc.) and purchases subject to use tax, sourced to the customer's location. Allocated by where private economic activity is: workplace employment excluding public administration, since government purchases are exempt under Tax Law s.1116(a)(1). Total employment and Economic Census payroll are sensitivities.",https://lehd.ces.census.gov/data/,business,"Manufacturers' direct taxable sales are of equipment, materials and printed matter to other businesses; sales to resellers are exempt.",https://www.census.gov/naics/ ; https://www.tax.ny.gov/pdf/publications/sales/pub750.pdf ; https://www.tax.ny.gov/forms/publications/st/pub718r.htm
3113,Sugar and Confectionery Product Manufacturing,business,"Taxable sales of business-serving vendors (wholesale, contractors, information, professional and administrative services, etc.) and purchases subject to use tax, sourced to the customer's location. Allocated by where private economic activity is: workplace employment excluding public administration, since government purchases are exempt under Tax Law s.1116(a)(1). Total employment and Economic Census payroll are sensitivities.",https://lehd.ces.census.gov/data/,business,"Manufacturers' direct taxable sales are of equipment, materials and printed matter to other businesses; sales to resellers are exempt.",https://www.census.gov/naics/ ; https://www.tax.ny.gov/pdf/publications/sales/pub750.pdf ; https://www.tax.ny.gov/forms/publications/st/pub718r.htm
3114,Fruit and Vegetable Preserving and Specialty Food Manufacturing,business,"Taxable sales of business-serving vendors (wholesale, contractors, information, professional and administrative services, etc.) and purchases subject to use tax, sourced to the customer's location. Allocated by where private economic activity is: workplace employment excluding public administration, since government purchases are exempt under Tax Law s.1116(a)(1). Total employment and Economic Census payroll are sensitivities.",https://lehd.ces.census.gov/data/,business,"Manufacturers' direct taxable sales are of equipment, materials and printed matter to other businesses; sales to resellers are exempt.",https://www.census.gov/naics/ ; https://www.tax.ny.gov/pdf/publications/sales/pub750.pdf ; https://www.tax.ny.gov/forms/publications/st/pub718r.htm
3115,Dairy Product Manufacturing,business,"Taxable sales of business-serving vendors (wholesale, contractors, information, professional and administrative services, etc.) and purchases subject to use tax, sourced to the customer's location. Allocated by where private economic activity is: workplace employment excluding public administration, since government purchases are exempt under Tax Law s.1116(a)(1). Total employment and Economic Census payroll are sensitivities.",https://lehd.ces.census.gov/data/,mixed,"Breweries, bakeries and makers of miscellaneous goods sell at the factory door and online to households as well as to businesses.",https://www.census.gov/naics/ ; https://www.tax.ny.gov/pdf/publications/sales/pub750.pdf ; https://www.tax.ny.gov/forms/publications/st/pub718r.htm
3116,Animal Slaughtering and Processing,business,"Taxable sales of business-serving vendors (wholesale, contractors, information, professional and administrative services, etc.) and purchases subject to use tax, sourced to the customer's location. Allocated by where private economic activity is: workplace employment excluding public administration, since government purchases are exempt under Tax Law s.1116(a)(1). Total employment and Economic Census payroll are sensitivities.",https://lehd.ces.census.gov/data/,business,"Manufacturers' direct taxable sales are of equipment, materials and printed matter to other businesses; sales to resellers are exempt.",https://www.census.gov/naics/ ; https://www.tax.ny.gov/pdf/publications/sales/pub750.pdf ; https://www.tax.ny.gov/forms/publications/st/pub718r.htm
3117,Seafood Product Preparation and Packaging,business,"Taxable sales of business-serving vendors (wholesale, contractors, information, professional and administrative services, etc.) and purchases subject to use tax, sourced to the customer's location. Allocated by where private economic activity is: workplace employment excluding public administration, since government purchases are exempt under Tax Law s.1116(a)(1). Total employment and Economic Census payroll are sensitivities.",https://lehd.ces.census.gov/data/,business,"Manufacturers' direct taxable sales are of equipment, materials and printed matter to other businesses; sales to resellers are exempt.",https://www.census.gov/naics/ ; https://www.tax.ny.gov/pdf/publications/sales/pub750.pdf ; https://www.tax.ny.gov/forms/publications/st/pub718r.htm
3118,Bakeries and Tortilla Manufacturing,business,"Taxable sales of business-serving vendors (wholesale, contractors, information, professional and administrative services, etc.) and purchases subject to use tax, sourced to the customer's location. Allocated by where private economic activity is: workplace employment excluding public administration, since government purchases are exempt under Tax Law s.1116(a)(1). Total employment and Economic Census payroll are sensitivities.",https://lehd.ces.census.gov/data/,mixed,"Breweries, bakeries and makers of miscellaneous goods sell at the factory door and online to households as well as to businesses.",https://www.census.gov/naics/ ; https://www.tax.ny.gov/pdf/publications/sales/pub750.pdf ; https://www.tax.ny.gov/forms/publications/st/pub718r.htm
3119,Other Food Manufacturing,business,"Taxable sales of business-serving vendors (wholesale, contractors, information, professional and administrative services, etc.) and purchases subject to use tax, sourced to the customer's location. Allocated by where private economic activity is: workplace employment excluding public administration, since government purchases are exempt under Tax Law s.1116(a)(1). Total employment and Economic Census payroll are sensitivities.",https://lehd.ces.census.gov/data/,business,"Manufacturers' direct taxable sales are of equipment, materials and printed matter to other businesses; sales to resellers are exempt.",https://www.census.gov/naics/ ; https://www.tax.ny.gov/pdf/publications/sales/pub750.pdf ; https://www.tax.ny.gov/forms/publications/st/pub718r.htm
3121,Beverage Manufacturing,business,"Taxable sales of business-serving vendors (wholesale, contractors, information, professional and administrative services, etc.) and purchases subject to use tax, sourced to the customer's location. Allocated by where private economic activity is: workplace employment excluding public administration, since government purchases are exempt under Tax Law s.1116(a)(1). Total employment and Economic Census payroll are sensitivities.",https://lehd.ces.census.gov/data/,mixed,"Breweries, bakeries and makers of miscellaneous goods sell at the factory door and online to households as well as to businesses.",https://www.census.gov/naics/ ; https://www.tax.ny.gov/pdf/publications/sales/pub750.pdf ; https://www.tax.ny.gov/forms/publications/st/pub718r.htm
3122,Tobacco Manufacturing,business,"Taxable sales of business-serving vendors (wholesale, contractors, information, professional and administrative services, etc.) and purchases subject to use tax, sourced to the customer's location. Allocated by where private economic activity is: workplace employment excluding public administration, since government purchases are exempt under Tax Law s.1116(a)(1). Total employment and Economic Census payroll are sensitivities.",https://lehd.ces.census.gov/data/,business,"Manufacturers' direct taxable sales are of equipment, materials and printed matter to other businesses; sales to resellers are exempt.",https://www.census.gov/naics/ ; https://www.tax.ny.gov/pdf/publications/sales/pub750.pdf ; https://www.tax.ny.gov/forms/publications/st/pub718r.htm
3131,"Fiber, Yarn, and Thread Mills",business,"Taxable sales of business-serving vendors (wholesale, contractors, information, professional and administrative services, etc.) and purchases subject to use tax, sourced to the customer's location. Allocated by where private economic activity is: workplace employment excluding public administration, since government purchases are exempt under Tax Law s.1116(a)(1). Total employment and Economic Census payroll are sensitivities.",https://lehd.ces.census.gov/data/,business,"Manufacturers' direct taxable sales are of equipment, materials and printed matter to other businesses; sales to resellers are exempt.",https://www.census.gov/naics/ ; https://www.tax.ny.gov/pdf/publications/sales/pub750.pdf ; https://www.tax.ny.gov/forms/publications/st/pub718r.htm
3132,Fabric Mills,business,"Taxable sales of business-serving vendors (wholesale, contractors, information, professional and administrative services, etc.) and purchases subject to use tax, sourced to the customer's location. Allocated by where private economic activity is: workplace employment excluding public administration, since government purchases are exempt under Tax Law s.1116(a)(1). Total employment and Economic Census payroll are sensitivities.",https://lehd.ces.census.gov/data/,business,"Manufacturers' direct taxable sales are of equipment, materials and printed matter to other businesses; sales to resellers are exempt.",https://www.census.gov/naics/ ; https://www.tax.ny.gov/pdf/publications/sales/pub750.pdf ; https://www.tax.ny.gov/forms/publications/st/pub718r.htm
3133,Textile and Fabric Finishing and Fabric Coating Mills,business,"Taxable sales of business-serving vendors (wholesale, contractors, information, professional and administrative services, etc.) and purchases subject to use tax, sourced to the customer's location. Allocated by where private economic activity is: workplace employment excluding public administration, since government purchases are exempt under Tax Law s.1116(a)(1). Total employment and Economic Census payroll are sensitivities.",https://lehd.ces.census.gov/data/,business,"Manufacturers' direct taxable sales are of equipment, materials and printed matter to other businesses; sales to resellers are exempt.",https://www.census.gov/naics/ ; https://www.tax.ny.gov/pdf/publications/sales/pub750.pdf ; https://www.tax.ny.gov/forms/publications/st/pub718r.htm
3141,Textile Furnishings Mills,business,"Taxable sales of business-serving vendors (wholesale, contractors, information, professional and administrative services, etc.) and purchases subject to use tax, sourced to the customer's location. Allocated by where private economic activity is: workplace employment excluding public administration, since government purchases are exempt under Tax Law s.1116(a)(1). Total employment and Economic Census payroll are sensitivities.",https://lehd.ces.census.gov/data/,business,"Manufacturers' direct taxable sales are of equipment, materials and printed matter to other businesses; sales to resellers are exempt.",https://www.census.gov/naics/ ; https://www.tax.ny.gov/pdf/publications/sales/pub750.pdf ; https://www.tax.ny.gov/forms/publications/st/pub718r.htm
3149,Other Textile Product Mills,business,"Taxable sales of business-serving vendors (wholesale, contractors, information, professional and administrative services, etc.) and purchases subject to use tax, sourced to the customer's location. Allocated by where private economic activity is: workplace employment excluding public administration, since government purchases are exempt under Tax Law s.1116(a)(1). Total employment and Economic Census payroll are sensitivities.",https://lehd.ces.census.gov/data/,business,"Manufacturers' direct taxable sales are of equipment, materials and printed matter to other businesses; sales to resellers are exempt.",https://www.census.gov/naics/ ; https://www.tax.ny.gov/pdf/publications/sales/pub750.pdf ; https://www.tax.ny.gov/forms/publications/st/pub718r.htm
3151,Apparel Knitting Mills,business,"Taxable sales of business-serving vendors (wholesale, contractors, information, professional and administrative services, etc.) and purchases subject to use tax, sourced to the customer's location. Allocated by where private economic activity is: workplace employment excluding public administration, since government purchases are exempt under Tax Law s.1116(a)(1). Total employment and Economic Census payroll are sensitivities.",https://lehd.ces.census.gov/data/,business,"Manufacturers' direct taxable sales are of equipment, materials and printed matter to other businesses; sales to resellers are exempt.",https://www.census.gov/naics/ ; https://www.tax.ny.gov/pdf/publications/sales/pub750.pdf ; https://www.tax.ny.gov/forms/publications/st/pub718r.htm
3152,Cut and Sew Apparel Manufacturing,business,"Taxable sales of business-serving vendors (wholesale, contractors, information, professional and administrative services, etc.) and purchases subject to use tax, sourced to the customer's location. Allocated by where private economic activity is: workplace employment excluding public administration, since government purchases are exempt under Tax Law s.1116(a)(1). Total employment and Economic Census payroll are sensitivities.",https://lehd.ces.census.gov/data/,business,"Manufacturers' direct taxable sales are of equipment, materials and printed matter to other businesses; sales to resellers are exempt.",https://www.census.gov/naics/ ; https://www.tax.ny.gov/pdf/publications/sales/pub750.pdf ; https://www.tax.ny.gov/forms/publications/st/pub718r.htm
3159,Apparel Accessories and Other Apparel Manufacturing,business,"Taxable sales of business-serving vendors (wholesale, contractors, information, professional and administrative services, etc.) and purchases subject to use tax, sourced to the customer's location. Allocated by where private economic activity is: workplace employment excluding public administration, since government purchases are exempt under Tax Law s.1116(a)(1). Total employment and Economic Census payroll are sensitivities.",https://lehd.ces.census.gov/data/,business,"Manufacturers' direct taxable sales are of equipment, materials and printed matter to other businesses; sales to resellers are exempt.",https://www.census.gov/naics/ ; https://www.tax.ny.gov/pdf/publications/sales/pub750.pdf ; https://www.tax.ny.gov/forms/publications/st/pub718r.htm
3161,Leather and Hide Tanning and Finishing,business,"Taxable sales of business-serving vendors (wholesale, contractors, information, professional and administrative services, etc.) and purchases subject to use tax, sourced to the customer's location. Allocated by where private economic activity is: workplace employment excluding public administration, since government purchases are exempt under Tax Law s.1116(a)(1). Total employment and Economic Census payroll are sensitivities.",https://lehd.ces.census.gov/data/,business,"Manufacturers' direct taxable sales are of equipment, materials and printed matter to other businesses; sales to resellers are exempt.",https://www.census.gov/naics/ ; https://www.tax.ny.gov/pdf/publications/sales/pub750.pdf ; https://www.tax.ny.gov/forms/publications/st/pub718r.htm
3162,Footwear Manufacturing,business,"Taxable sales of business-serving vendors (wholesale, contractors, information, professional and administrative services, etc.) and purchases subject to use tax, sourced to the customer's location. Allocated by where private economic activity is: workplace employment excluding public administration, since government purchases are exempt under Tax Law s.1116(a)(1). Total employment and Economic Census payroll are sensitivities.",https://lehd.ces.census.gov/data/,business,"Manufacturers' direct taxable sales are of equipment, materials and printed matter to other businesses; sales to resellers are exempt.",https://www.census.gov/naics/ ; https://www.tax.ny.gov/pdf/publications/sales/pub750.pdf ; https://www.tax.ny.gov/forms/publications/st/pub718r.htm
3169,Other Leather and Allied Product Manufacturing,business,"Taxable sales of business-serving vendors (wholesale, contractors, information, professional and administrative services, etc.) and purchases subject to use tax, sourced to the customer's location. Allocated by where private economic activity is: workplace employment excluding public administration, since government purchases are exempt under Tax Law s.1116(a)(1). Total employment and Economic Census payroll are sensitivities.",https://lehd.ces.census.gov/data/,business,"Manufacturers' direct taxable sales are of equipment, materials and printed matter to other businesses; sales to resellers are exempt.",https://www.census.gov/naics/ ; https://www.tax.ny.gov/pdf/publications/sales/pub750.pdf ; https://www.tax.ny.gov/forms/publications/st/pub718r.htm
3211,Sawmills and Wood Preservation,business,"Taxable sales of business-serving vendors (wholesale, contractors, information, professional and administrative services, etc.) and purchases subject to use tax, sourced to the customer's location. Allocated by where private economic activity is: workplace employment excluding public administration, since government purchases are exempt under Tax Law s.1116(a)(1). Total employment and Economic Census payroll are sensitivities.",https://lehd.ces.census.gov/data/,business,"Manufacturers' direct taxable sales are of equipment, materials and printed matter to other businesses; sales to resellers are exempt.",https://www.census.gov/naics/ ; https://www.tax.ny.gov/pdf/publications/sales/pub750.pdf ; https://www.tax.ny.gov/forms/publications/st/pub718r.htm
3212,"Veneer, Plywood, and Engineered Wood Product Manufacturing",business,"Taxable sales of business-serving vendors (wholesale, contractors, information, professional and administrative services, etc.) and purchases subject to use tax, sourced to the customer's location. Allocated by where private economic activity is: workplace employment excluding public administration, since government purchases are exempt under Tax Law s.1116(a)(1). Total employment and Economic Census payroll are sensitivities.",https://lehd.ces.census.gov/data/,business,"Manufacturers' direct taxable sales are of equipment, materials and printed matter to other businesses; sales to resellers are exempt.",https://www.census.gov/naics/ ; https://www.tax.ny.gov/pdf/publications/sales/pub750.pdf ; https://www.tax.ny.gov/forms/publications/st/pub718r.htm
3219,Other Wood Product Manufacturing,business,"Taxable sales of business-serving vendors (wholesale, contractors, information, professional and administrative services, etc.) and purchases subject to use tax, sourced to the customer's location. Allocated by where private economic activity is: workplace employment excluding public administration, since government purchases are exempt under Tax Law s.1116(a)(1). Total employment and Economic Census payroll are sensitivities.",https://lehd.ces.census.gov/data/,business,"Manufacturers' direct taxable sales are of equipment, materials and printed matter to other businesses; sales to resellers are exempt.",https://www.census.gov/naics/ ; https://www.tax.ny.gov/pdf/publications/sales/pub750.pdf ; https://www.tax.ny.gov/forms/publications/st/pub718r.htm
3221,"Pulp, Paper, and Paperboard Mills",business,"Taxable sales of business-serving vendors (wholesale, contractors, information, professional and administrative services, etc.) and purchases subject to use tax, sourced to the customer's location. Allocated by where private economic activity is: workplace employment excluding public administration, since government purchases are exempt under Tax Law s.1116(a)(1). Total employment and Economic Census payroll are sensitivities.",https://lehd.ces.census.gov/data/,business,"Manufacturers' direct taxable sales are of equipment, materials and printed matter to other businesses; sales to resellers are exempt.",https://www.census.gov/naics/ ; https://www.tax.ny.gov/pdf/publications/sales/pub750.pdf ; https://www.tax.ny.gov/forms/publications/st/pub718r.htm
3222,Converted Paper Product Manufacturing,business,"Taxable sales of business-serving vendors (wholesale, contractors, information, professional and administrative services, etc.) and purchases subject to use tax, sourced to the customer's location. Allocated by where private economic activity is: workplace employment excluding public administration, since government purchases are exempt under Tax Law s.1116(a)(1). Total employment and Economic Census payroll are sensitivities.",https://lehd.ces.census.gov/data/,business,"Manufacturers' direct taxable sales are of equipment, materials and printed matter to other businesses; sales to resellers are exempt.",https://www.census.gov/naics/ ; https://www.tax.ny.gov/pdf/publications/sales/pub750.pdf ; https://www.tax.ny.gov/forms/publications/st/pub718r.htm
3231,Printing and Related Support Activities,business,"Taxable sales of business-serving vendors (wholesale, contractors, information, professional and administrative services, etc.) and purchases subject to use tax, sourced to the customer's location. Allocated by where private economic activity is: workplace employment excluding public administration, since government purchases are exempt under Tax Law s.1116(a)(1). Total employment and Economic Census payroll are sensitivities.",https://lehd.ces.census.gov/data/,business,"Manufacturers' direct taxable sales are of equipment, materials and printed matter to other businesses; sales to resellers are exempt.",https://www.census.gov/naics/ ; https://www.tax.ny.gov/pdf/publications/sales/pub750.pdf ; https://www.tax.ny.gov/forms/publications/st/pub718r.htm
3241,Petroleum and Coal Products Manufacturing,business,"Taxable sales of business-serving vendors (wholesale, contractors, information, professional and administrative services, etc.) and purchases subject to use tax, sourced to the customer's location. Allocated by where private economic activity is: workplace employment excluding public administration, since government purchases are exempt under Tax Law s.1116(a)(1). Total employment and Economic Census payroll are sensitivities.",https://lehd.ces.census.gov/data/,business,"Manufacturers' direct taxable sales are of equipment, materials and printed matter to other businesses; sales to resellers are exempt.",https://www.census.gov/naics/ ; https://www.tax.ny.gov/pdf/publications/sales/pub750.pdf ; https://www.tax.ny.gov/forms/publications/st/pub718r.htm
3251,Basic Chemical Manufacturing,business,"Taxable sales of business-serving vendors (wholesale, contractors, information, professional and administrative services, etc.) and purchases subject to use tax, sourced to the customer's location. Allocated by where private economic activity is: workplace employment excluding public administration, since government purchases are exempt under Tax Law s.1116(a)(1). Total employment and Economic Census payroll are sensitivities.",https://lehd.ces.census.gov/data/,business,"Manufacturers' direct taxable sales are of equipment, materials and printed matter to other businesses; sales to resellers are exempt.",https://www.census.gov/naics/ ; https://www.tax.ny.gov/pdf/publications/sales/pub750.pdf ; https://www.tax.ny.gov/forms/publications/st/pub718r.htm
3252,"Resin, Synthetic Rubber, and Artificial and Synthetic Fibers and Filaments Manufacturing",business,"Taxable sales of business-serving vendors (wholesale, contractors, information, professional and administrative services, etc.) and purchases subject to use tax, sourced to the customer's location. Allocated by where private economic activity is: workplace employment excluding public administration, since government purchases are exempt under Tax Law s.1116(a)(1). Total employment and Economic Census payroll are sensitivities.",https://lehd.ces.census.gov/data/,business,"Manufacturers' direct taxable sales are of equipment, materials and printed matter to other businesses; sales to resellers are exempt.",https://www.census.gov/naics/ ; https://www.tax.ny.gov/pdf/publications/sales/pub750.pdf ; https://www.tax.ny.gov/forms/publications/st/pub718r.htm
3253,"Pesticide, Fertilizer, and Other Agricultural Chemical Manufacturing",business,"Taxable sales of business-serving vendors (wholesale, contractors, information, professional and administrative services, etc.) and purchases subject to use tax, sourced to the customer's location. Allocated by where private economic activity is: workplace employment excluding public administration, since government purchases are exempt under Tax Law s.1116(a)(1). Total employment and Economic Census payroll are sensitivities.",https://lehd.ces.census.gov/data/,business,"Manufacturers' direct taxable sales are of equipment, materials and printed matter to other businesses; sales to resellers are exempt.",https://www.census.gov/naics/ ; https://www.tax.ny.gov/pdf/publications/sales/pub750.pdf ; https://www.tax.ny.gov/forms/publications/st/pub718r.htm
3254,Pharmaceutical and Medicine Manufacturing,business,"Taxable sales of business-serving vendors (wholesale, contractors, information, professional and administrative services, etc.) and purchases subject to use tax, sourced to the customer's location. Allocated by where private economic activity is: workplace employment excluding public administration, since government purchases are exempt under Tax Law s.1116(a)(1). Total employment and Economic Census payroll are sensitivities.",https://lehd.ces.census.gov/data/,business,"Manufacturers' direct taxable sales are of equipment, materials and printed matter to other businesses; sales to resellers are exempt.",https://www.census.gov/naics/ ; https://www.tax.ny.gov/pdf/publications/sales/pub750.pdf ; https://www.tax.ny.gov/forms/publications/st/pub718r.htm
3255,"Paint, Coating, and Adhesive Manufacturing",business,"Taxable sales of business-serving vendors (wholesale, contractors, information, professional and administrative services, etc.) and purchases subject to use tax, sourced to the customer's location. Allocated by where private economic activity is: workplace employment excluding public administration, since government purchases are exempt under Tax Law s.1116(a)(1). Total employment and Economic Census payroll are sensitivities.",https://lehd.ces.census.gov/data/,business,"Manufacturers' direct taxable sales are of equipment, materials and printed matter to other businesses; sales to resellers are exempt.",https://www.census.gov/naics/ ; https://www.tax.ny.gov/pdf/publications/sales/pub750.pdf ; https://www.tax.ny.gov/forms/publications/st/pub718r.htm
3256,"Soap, Cleaning Compound, and Toilet Preparation Manufacturing",business,"Taxable sales of business-serving vendors (wholesale, contractors, information, professional and administrative services, etc.) and purchases subject to use tax, sourced to the customer's location. Allocated by where private economic activity is: workplace employment excluding public administration, since government purchases are exempt under Tax Law s.1116(a)(1). Total employment and Economic Census payroll are sensitivities.",https://lehd.ces.census.gov/data/,business,"Manufacturers' direct taxable sales are of equipment, materials and printed matter to other businesses; sales to resellers are exempt.",https://www.census.gov/naics/ ; https://www.tax.ny.gov/pdf/publications/sales/pub750.pdf ; https://www.tax.ny.gov/forms/publications/st/pub718r.htm
3259,Other Chemical Product and Preparation Manufacturing,business,"Taxable sales of business-serving vendors (wholesale, contractors, information, professional and administrative services, etc.) and purchases subject to use tax, sourced to the customer's location. Allocated by where private economic activity is: workplace employment excluding public administration, since government purchases are exempt under Tax Law s.1116(a)(1). Total employment and Economic Census payroll are sensitivities.",https://lehd.ces.census.gov/data/,business,"Manufacturers' direct taxable sales are of equipment, materials and printed matter to other businesses; sales to resellers are exempt.",https://www.census.gov/naics/ ; https://www.tax.ny.gov/pdf/publications/sales/pub750.pdf ; https://www.tax.ny.gov/forms/publications/st/pub718r.htm
3261,Plastics Product Manufacturing,business,"Taxable sales of business-serving vendors (wholesale, contractors, information, professional and administrative services, etc.) and purchases subject to use tax, sourced to the customer's location. Allocated by where private economic activity is: workplace employment excluding public administration, since government purchases are exempt under Tax Law s.1116(a)(1). Total employment and Economic Census payroll are sensitivities.",https://lehd.ces.census.gov/data/,business,"Manufacturers' direct taxable sales are of equipment, materials and printed matter to other businesses; sales to resellers are exempt.",https://www.census.gov/naics/ ; https://www.tax.ny.gov/pdf/publications/sales/pub750.pdf ; https://www.tax.ny.gov/forms/publications/st/pub718r.htm
3262,Rubber Product Manufacturing,business,"Taxable sales of business-serving vendors (wholesale, contractors, information, professional and administrative services, etc.) and purchases subject to use tax, sourced to the customer's location. Allocated by where private economic activity is: workplace employment excluding public administration, since government purchases are exempt under Tax Law s.1116(a)(1). Total employment and Economic Census payroll are sensitivities.",https://lehd.ces.census.gov/data/,business,"Manufacturers' direct taxable sales are of equipment, materials and printed matter to other businesses; sales to resellers are exempt.",https://www.census.gov/naics/ ; https://www.tax.ny.gov/pdf/publications/sales/pub750.pdf ; https://www.tax.ny.gov/forms/publications/st/pub718r.htm
3271,Clay Product and Refractory Manufacturing,business,"Taxable sales of business-serving vendors (wholesale, contractors, information, professional and administrative services, etc.) and purchases subject to use tax, sourced to the customer's location. Allocated by where private economic activity is: workplace employment excluding public administration, since government purchases are exempt under Tax Law s.1116(a)(1). Total employment and Economic Census payroll are sensitivities.",https://lehd.ces.census.gov/data/,business,"Manufacturers' direct taxable sales are of equipment, materials and printed matter to other businesses; sales to resellers are exempt.",https://www.census.gov/naics/ ; https://www.tax.ny.gov/pdf/publications/sales/pub750.pdf ; https://www.tax.ny.gov/forms/publications/st/pub718r.htm
3272,Glass and Glass Product Manufacturing,business,"Taxable sales of business-serving vendors (wholesale, contractors, information, professional and administrative services, etc.) and purchases subject to use tax, sourced to the customer's location. Allocated by where private economic activity is: workplace employment excluding public administration, since government purchases are exempt under Tax Law s.1116(a)(1). Total employment and Economic Census payroll are sensitivities.",https://lehd.ces.census.gov/data/,business,"Manufacturers' direct taxable sales are of equipment, materials and printed matter to other businesses; sales to resellers are exempt.",https://www.census.gov/naics/ ; https://www.tax.ny.gov/pdf/publications/sales/pub750.pdf ; https://www.tax.ny.gov/forms/publications/st/pub718r.htm
3273,Cement and Concrete Product Manufacturing,business,"Taxable sales of business-serving vendors (wholesale, contractors, information, professional and administrative services, etc.) and purchases subject to use tax, sourced to the customer's location. Allocated by where private economic activity is: workplace employment excluding public administration, since government purchases are exempt under Tax Law s.1116(a)(1). Total employment and Economic Census payroll are sensitivities.",https://lehd.ces.census.gov/data/,business,"Manufacturers' direct taxable sales are of equipment, materials and printed matter to other businesses; sales to resellers are exempt.",https://www.census.gov/naics/ ; https://www.tax.ny.gov/pdf/publications/sales/pub750.pdf ; https://www.tax.ny.gov/forms/publications/st/pub718r.htm
3274,Lime and Gypsum Product Manufacturing,business,"Taxable sales of business-serving vendors (wholesale, contractors, information, professional and administrative services, etc.) and purchases subject to use tax, sourced to the customer's location. Allocated by where private economic activity is: workplace employment excluding public administration, since government purchases are exempt under Tax Law s.1116(a)(1). Total employment and Economic Census payroll are sensitivities.",https://lehd.ces.census.gov/data/,business,"Manufacturers' direct taxable sales are of equipment, materials and printed matter to other businesses; sales to resellers are exempt.",https://www.census.gov/naics/ ; https://www.tax.ny.gov/pdf/publications/sales/pub750.pdf ; https://www.tax.ny.gov/forms/publications/st/pub718r.htm
3279,Other Nonmetallic Mineral Product Manufacturing,business,"Taxable sales of business-serving vendors (wholesale, contractors, information, professional and administrative services, etc.) and purchases subject to use tax, sourced to the customer's location. Allocated by where private economic activity is: workplace employment excluding public administration, since government purchases are exempt under Tax Law s.1116(a)(1). Total employment and Economic Census payroll are sensitivities.",https://lehd.ces.census.gov/data/,business,"Manufacturers' direct taxable sales are of equipment, materials and printed matter to other businesses; sales to resellers are exempt.",https://www.census.gov/naics/ ; https://www.tax.ny.gov/pdf/publications/sales/pub750.pdf ; https://www.tax.ny.gov/forms/publications/st/pub718r.htm
3311,Iron and Steel Mills and Ferroalloy Manufacturing,business,"Taxable sales of business-serving vendors (wholesale, contractors, information, professional and administrative services, etc.) and purchases subject to use tax, sourced to the customer's location. Allocated by where private economic activity is: workplace employment excluding public administration, since government purchases are exempt under Tax Law s.1116(a)(1). Total employment and Economic Census payroll are sensitivities.",https://lehd.ces.census.gov/data/,business,"Manufacturers' direct taxable sales are of equipment, materials and printed matter to other businesses; sales to resellers are exempt.",https://www.census.gov/naics/ ; https://www.tax.ny.gov/pdf/publications/sales/pub750.pdf ; https://www.tax.ny.gov/forms/publications/st/pub718r.htm
3312,Steel Product Manufacturing from Purchased Steel,business,"Taxable sales of business-serving vendors (wholesale, contractors, information, professional and administrative services, etc.) and purchases subject to use tax, sourced to the customer's location. Allocated by where private economic activity is: workplace employment excluding public administration, since government purchases are exempt under Tax Law s.1116(a)(1). Total employment and Economic Census payroll are sensitivities.",https://lehd.ces.census.gov/data/,business,"Manufacturers' direct taxable sales are of equipment, materials and printed matter to other businesses; sales to resellers are exempt.",https://www.census.gov/naics/ ; https://www.tax.ny.gov/pdf/publications/sales/pub750.pdf ; https://www.tax.ny.gov/forms/publications/st/pub718r.htm
3313,Alumina and Aluminum Production and Processing,business,"Taxable sales of business-serving vendors (wholesale, contractors, information, professional and administrative services, etc.) and purchases subject to use tax, sourced to the customer's location. Allocated by where private economic activity is: workplace employment excluding public administration, since government purchases are exempt under Tax Law s.1116(a)(1). Total employment and Economic Census payroll are sensitivities.",https://lehd.ces.census.gov/data/,business,"Manufacturers' direct taxable sales are of equipment, materials and printed matter to other businesses; sales to resellers are exempt.",https://www.census.gov/naics/ ; https://www.tax.ny.gov/pdf/publications/sales/pub750.pdf ; https://www.tax.ny.gov/forms/publications/st/pub718r.htm
3314,Nonferrous Metal (except Aluminum) Production and Processing,business,"Taxable sales of business-serving vendors (wholesale, contractors, information, professional and administrative services, etc.) and purchases subject to use tax, sourced to the customer's location. Allocated by where private economic activity is: workplace employment excluding public administration, since government purchases are exempt under Tax Law s.1116(a)(1). Total employment and Economic Census payroll are sensitivities.",https://lehd.ces.census.gov/data/,business,"Manufacturers' direct taxable sales are of equipment, materials and printed matter to other businesses; sales to resellers are exempt.",https://www.census.gov/naics/ ; https://www.tax.ny.gov/pdf/publications/sales/pub750.pdf ; https://www.tax.ny.gov/forms/publications/st/pub718r.htm
3315,Foundries,business,"Taxable sales of business-serving vendors (wholesale, contractors, information, professional and administrative services, etc.) and purchases subject to use tax, sourced to the customer's location. Allocated by where private economic activity is: workplace employment excluding public administration, since government purchases are exempt under Tax Law s.1116(a)(1). Total employment and Economic Census payroll are sensitivities.",https://lehd.ces.census.gov/data/,business,"Manufacturers' direct taxable sales are of equipment, materials and printed matter to other businesses; sales to resellers are exempt.",https://www.census.gov/naics/ ; https://www.tax.ny.gov/pdf/publications/sales/pub750.pdf ; https://www.tax.ny.gov/forms/publications/st/pub718r.htm
3321,Forging and Stamping,business,"Taxable sales of business-serving vendors (wholesale, contractors, information, professional and administrative services, etc.) and purchases subject to use tax, sourced to the customer's location. Allocated by where private economic activity is: workplace employment excluding public administration, since government purchases are exempt under Tax Law s.1116(a)(1). Total employment and Economic Census payroll are sensitivities.",https://lehd.ces.census.gov/data/,business,"Manufacturers' direct taxable sales are of equipment, materials and printed matter to other businesses; sales to resellers are exempt.",https://www.census.gov/naics/ ; https://www.tax.ny.gov/pdf/publications/sales/pub750.pdf ; https://www.tax.ny.gov/forms/publications/st/pub718r.htm
3322,Cutlery and Handtool Manufacturing,business,"Taxable sales of business-serving vendors (wholesale, contractors, information, professional and administrative services, etc.) and purchases subject to use tax, sourced to the customer's location. Allocated by where private economic activity is: workplace employment excluding public administration, since government purchases are exempt under Tax Law s.1116(a)(1). Total employment and Economic Census payroll are sensitivities.",https://lehd.ces.census.gov/data/,business,"Manufacturers' direct taxable sales are of equipment, materials and printed matter to other businesses; sales to resellers are exempt.",https://www.census.gov/naics/ ; https://www.tax.ny.gov/pdf/publications/sales/pub750.pdf ; https://www.tax.ny.gov/forms/publications/st/pub718r.htm
3323,Architectural and Structural Metals Manufacturing,business,"Taxable sales of business-serving vendors (wholesale, contractors, information, professional and administrative services, etc.) and purchases subject to use tax, sourced to the customer's location. Allocated by where private economic activity is: workplace employment excluding public administration, since government purchases are exempt under Tax Law s.1116(a)(1). Total employment and Economic Census payroll are sensitivities.",https://lehd.ces.census.gov/data/,business,"Manufacturers' direct taxable sales are of equipment, materials and printed matter to other businesses; sales to resellers are exempt.",https://www.census.gov/naics/ ; https://www.tax.ny.gov/pdf/publications/sales/pub750.pdf ; https://www.tax.ny.gov/forms/publications/st/pub718r.htm
3324,"Boiler, Tank, and Shipping Container Manufacturing",business,"Taxable sales of business-serving vendors (wholesale, contractors, information, professional and administrative services, etc.) and purchases subject to use tax, sourced to the customer's location. Allocated by where private economic activity is: workplace employment excluding public administration, since government purchases are exempt under Tax Law s.1116(a)(1). Total employment and Economic Census payroll are sensitivities.",https://lehd.ces.census.gov/data/,business,"Manufacturers' direct taxable sales are of equipment, materials and printed matter to other businesses; sales to resellers are exempt.",https://www.census.gov/naics/ ; https://www.tax.ny.gov/pdf/publications/sales/pub750.pdf ; https://www.tax.ny.gov/forms/publications/st/pub718r.htm
3325,Hardware Manufacturing,business,"Taxable sales of business-serving vendors (wholesale, contractors, information, professional and administrative services, etc.) and purchases subject to use tax, sourced to the customer's location. Allocated by where private economic activity is: workplace employment excluding public administration, since government purchases are exempt under Tax Law s.1116(a)(1). Total employment and Economic Census payroll are sensitivities.",https://lehd.ces.census.gov/data/,business,"Manufacturers' direct taxable sales are of equipment, materials and printed matter to other businesses; sales to resellers are exempt.",https://www.census.gov/naics/ ; https://www.tax.ny.gov/pdf/publications/sales/pub750.pdf ; https://www.tax.ny.gov/forms/publications/st/pub718r.htm
3326,Spring and Wire Product Manufacturing,business,"Taxable sales of business-serving vendors (wholesale, contractors, information, professional and administrative services, etc.) and purchases subject to use tax, sourced to the customer's location. Allocated by where private economic activity is: workplace employment excluding public administration, since government purchases are exempt under Tax Law s.1116(a)(1). Total employment and Economic Census payroll are sensitivities.",https://lehd.ces.census.gov/data/,business,"Manufacturers' direct taxable sales are of equipment, materials and printed matter to other businesses; sales to resellers are exempt.",https://www.census.gov/naics/ ; https://www.tax.ny.gov/pdf/publications/sales/pub750.pdf ; https://www.tax.ny.gov/forms/publications/st/pub718r.htm
3327,"Machine Shops; Turned Product; and Screw, Nut, and Bolt Manufacturing",business,"Taxable sales of business-serving vendors (wholesale, contractors, information, professional and administrative services, etc.) and purchases subject to use tax, sourced to the customer's location. Allocated by where private economic activity is: workplace employment excluding public administration, since government purchases are exempt under Tax Law s.1116(a)(1). Total employment and Economic Census payroll are sensitivities.",https://lehd.ces.census.gov/data/,business,"Manufacturers' direct taxable sales are of equipment, materials and printed matter to other businesses; sales to resellers are exempt.",https://www.census.gov/naics/ ; https://www.tax.ny.gov/pdf/publications/sales/pub750.pdf ; https://www.tax.ny.gov/forms/publications/st/pub718r.htm
3328,"Coating, Engraving, Heat Treating, and Allied Activities",business,"Taxable sales of business-serving vendors (wholesale, contractors, information, professional and administrative services, etc.) and purchases subject to use tax, sourced to the customer's location. Allocated by where private economic activity is: workplace employment excluding public administration, since government purchases are exempt under Tax Law s.1116(a)(1). Total employment and Economic Census payroll are sensitivities.",https://lehd.ces.census.gov/data/,business,"Manufacturers' direct taxable sales are of equipment, materials and printed matter to other businesses; sales to resellers are exempt.",https://www.census.gov/naics/ ; https://www.tax.ny.gov/pdf/publications/sales/pub750.pdf ; https://www.tax.ny.gov/forms/publications/st/pub718r.htm
3329,Other Fabricated Metal Product Manufacturing,business,"Taxable sales of business-serving vendors (wholesale, contractors, information, professional and administrative services, etc.) and purchases subject to use tax, sourced to the customer's location. Allocated by where private economic activity is: workplace employment excluding public administration, since government purchases are exempt under Tax Law s.1116(a)(1). Total employment and Economic Census payroll are sensitivities.",https://lehd.ces.census.gov/data/,business,"Manufacturers' direct taxable sales are of equipment, materials and printed matter to other businesses; sales to resellers are exempt.",https://www.census.gov/naics/ ; https://www.tax.ny.gov/pdf/publications/sales/pub750.pdf ; https://www.tax.ny.gov/forms/publications/st/pub718r.htm
3331,"Agriculture, Construction, and Mining Machinery Manufacturing",business,"Taxable sales of business-serving vendors (wholesale, contractors, information, professional and administrative services, etc.) and purchases subject to use tax, sourced to the customer's location. Allocated by where private economic activity is: workplace employment excluding public administration, since government purchases are exempt under Tax Law s.1116(a)(1). Total employment and Economic Census payroll are sensitivities.",https://lehd.ces.census.gov/data/,business,"Manufacturers' direct taxable sales are of equipment, materials and printed matter to other businesses; sales to resellers are exempt.",https://www.census.gov/naics/ ; https://www.tax.ny.gov/pdf/publications/sales/pub750.pdf ; https://www.tax.ny.gov/forms/publications/st/pub718r.htm
3332,Industrial Machinery Manufacturing,business,"Taxable sales of business-serving vendors (wholesale, contractors, information, professional and administrative services, etc.) and purchases subject to use tax, sourced to the customer's location. Allocated by where private economic activity is: workplace employment excluding public administration, since government purchases are exempt under Tax Law s.1116(a)(1). Total employment and Economic Census payroll are sensitivities.",https://lehd.ces.census.gov/data/,business,"Manufacturers' direct taxable sales are of equipment, materials and printed matter to other businesses; sales to resellers are exempt.",https://www.census.gov/naics/ ; https://www.tax.ny.gov/pdf/publications/sales/pub750.pdf ; https://www.tax.ny.gov/forms/publications/st/pub718r.htm
3333,Commercial and Service Industry Machinery Manufacturing,business,"Taxable sales of business-serving vendors (wholesale, contractors, information, professional and administrative services, etc.) and purchases subject to use tax, sourced to the customer's location. Allocated by where private economic activity is: workplace employment excluding public administration, since government purchases are exempt under Tax Law s.1116(a)(1). Total employment and Economic Census payroll are sensitivities.",https://lehd.ces.census.gov/data/,business,"Manufacturers' direct taxable sales are of equipment, materials and printed matter to other businesses; sales to resellers are exempt.",https://www.census.gov/naics/ ; https://www.tax.ny.gov/pdf/publications/sales/pub750.pdf ; https://www.tax.ny.gov/forms/publications/st/pub718r.htm
3334,"Ventilation, Heating, Air-Conditioning, and Commercial Refrigeration Equipment Manufacturing",business,"Taxable sales of business-serving vendors (wholesale, contractors, information, professional and administrative services, etc.) and purchases subject to use tax, sourced to the customer's location. Allocated by where private economic activity is: workplace employment excluding public administration, since government purchases are exempt under Tax Law s.1116(a)(1). Total employment and Economic Census payroll are sensitivities.",https://lehd.ces.census.gov/data/,business,"Manufacturers' direct taxable sales are of equipment, materials and printed matter to other businesses; sales to resellers are exempt.",https://www.census.gov/naics/ ; https://www.tax.ny.gov/pdf/publications/sales/pub750.pdf ; https://www.tax.ny.gov/forms/publications/st/pub718r.htm
3335,Metalworking Machinery Manufacturing,business,"Taxable sales of business-serving vendors (wholesale, contractors, information, professional and administrative services, etc.) and purchases subject to use tax, sourced to the customer's location. Allocated by where private economic activity is: workplace employment excluding public administration, since government purchases are exempt under Tax Law s.1116(a)(1). Total employment and Economic Census payroll are sensitivities.",https://lehd.ces.census.gov/data/,business,"Manufacturers' direct taxable sales are of equipment, materials and printed matter to other businesses; sales to resellers are exempt.",https://www.census.gov/naics/ ; https://www.tax.ny.gov/pdf/publications/sales/pub750.pdf ; https://www.tax.ny.gov/forms/publications/st/pub718r.htm
3336,"Engine, Turbine, and Power Transmission Equipment Manufacturing",business,"Taxable sales of business-serving vendors (wholesale, contractors, information, professional and administrative services, etc.) and purchases subject to use tax, sourced to the customer's location. Allocated by where private economic activity is: workplace employment excluding public administration, since government purchases are exempt under Tax Law s.1116(a)(1). Total employment and Economic Census payroll are sensitivities.",https://lehd.ces.census.gov/data/,business,"Manufacturers' direct taxable sales are of equipment, materials and printed matter to other businesses; sales to resellers are exempt.",https://www.census.gov/naics/ ; https://www.tax.ny.gov/pdf/publications/sales/pub750.pdf ; https://www.tax.ny.gov/forms/publications/st/pub718r.htm
3339,Other General Purpose Machinery Manufacturing,business,"Taxable sales of business-serving vendors (wholesale, contractors, information, professional and administrative services, etc.) and purchases subject to use tax, sourced to the customer's location. Allocated by where private economic activity is: workplace employment excluding public administration, since government purchases are exempt under Tax Law s.1116(a)(1). Total employment and Economic Census payroll are sensitivities.",https://lehd.ces.census.gov/data/,business,"Manufacturers' direct taxable sales are of equipment, materials and printed matter to other businesses; sales to resellers are exempt.",https://www.census.gov/naics/ ; https://www.tax.ny.gov/pdf/publications/sales/pub750.pdf ; https://www.tax.ny.gov/forms/publications/st/pub718r.htm
3341,Computer and Peripheral Equipment Manufacturing,business,"Taxable sales of business-serving vendors (wholesale, contractors, information, professional and administrative services, etc.) and purchases subject to use tax, sourced to the customer's location. Allocated by where private economic activity is: workplace employment excluding public administration, since government purchases are exempt under Tax Law s.1116(a)(1). Total employment and Economic Census payroll are sensitivities.",https://lehd.ces.census.gov/data/,mixed,"Computer makers sell direct to businesses and, through online stores, to households.",https://www.census.gov/naics/ ; https://www.tax.ny.gov/pdf/publications/sales/pub750.pdf ; https://www.tax.ny.gov/forms/publications/st/pub718r.htm
3342,Communications Equipment Manufacturing,business,"Taxable sales of business-serving vendors (wholesale, contractors, information, professional and administrative services, etc.) and purchases subject to use tax, sourced to the customer's location. Allocated by where private economic activity is: workplace employment excluding public administration, since government purchases are exempt under Tax Law s.1116(a)(1). Total employment and Economic Census payroll are sensitivities.",https://lehd.ces.census.gov/data/,business,"Manufacturers' direct taxable sales are of equipment, materials and printed matter to other businesses; sales to resellers are exempt.",https://www.census.gov/naics/ ; https://www.tax.ny.gov/pdf/publications/sales/pub750.pdf ; https://www.tax.ny.gov/forms/publications/st/pub718r.htm
3343,Audio and Video Equipment Manufacturing,business,"Taxable sales of business-serving vendors (wholesale, contractors, information, professional and administrative services, etc.) and purchases subject to use tax, sourced to the customer's location. Allocated by where private economic activity is: workplace employment excluding public administration, since government purchases are exempt under Tax Law s.1116(a)(1). Total employment and Economic Census payroll are sensitivities.",https://lehd.ces.census.gov/data/,business,"Manufacturers' direct taxable sales are of equipment, materials and printed matter to other businesses; sales to resellers are exempt.",https://www.census.gov/naics/ ; https://www.tax.ny.gov/pdf/publications/sales/pub750.pdf ; https://www.tax.ny.gov/forms/publications/st/pub718r.htm
3344,Semiconductor and Other Electronic Component Manufacturing,business,"Taxable sales of business-serving vendors (wholesale, contractors, information, professional and administrative services, etc.) and purchases subject to use tax, sourced to the customer's location. Allocated by where private economic activity is: workplace employment excluding public administration, since government purchases are exempt under Tax Law s.1116(a)(1). Total employment and Economic Census payroll are sensitivities.",https://lehd.ces.census.gov/data/,business,"Manufacturers' direct taxable sales are of equipment, materials and printed matter to other businesses; sales to resellers are exempt.",https://www.census.gov/naics/ ; https://www.tax.ny.gov/pdf/publications/sales/pub750.pdf ; https://www.tax.ny.gov/forms/publications/st/pub718r.htm
3345,"Navigational, Measuring, Electromedical, and Control Instruments Manufacturing",business,"Taxable sales of business-serving vendors (wholesale, contractors, information, professional and administrative services, etc.) and purchases subject to use tax, sourced to the customer's location. Allocated by where private economic activity is: workplace employment excluding public administration, since government purchases are exempt under Tax Law s.1116(a)(1). Total employment and Economic Census payroll are sensitivities.",https://lehd.ces.census.gov/data/,business,"Manufacturers' direct taxable sales are of equipment, materials and printed matter to other businesses; sales to resellers are exempt.",https://www.census.gov/naics/ ; https://www.tax.ny.gov/pdf/publications/sales/pub750.pdf ; https://www.tax.ny.gov/forms/publications/st/pub718r.htm
3346,Manufacturing and Reproducing Magnetic and Optical Media,business,"Taxable sales of business-serving vendors (wholesale, contractors, information, professional and administrative services, etc.) and purchases subject to use tax, sourced to the customer's location. Allocated by where private economic activity is: workplace employment excluding public administration, since government purchases are exempt under Tax Law s.1116(a)(1). Total employment and Economic Census payroll are sensitivities.",https://lehd.ces.census.gov/data/,business,"Manufacturers' direct taxable sales are of equipment, materials and printed matter to other businesses; sales to resellers are exempt.",https://www.census.gov/naics/ ; https://www.tax.ny.gov/pdf/publications/sales/pub750.pdf ; https://www.tax.ny.gov/forms/publications/st/pub718r.htm
3351,Electric Lighting Equipment Manufacturing,business,"Taxable sales of business-serving vendors (wholesale, contractors, information, professional and administrative services, etc.) and purchases subject to use tax, sourced to the customer's location. Allocated by where private economic activity is: workplace employment excluding public administration, since government purchases are exempt under Tax Law s.1116(a)(1). Total employment and Economic Census payroll are sensitivities.",https://lehd.ces.census.gov/data/,business,"Manufacturers' direct taxable sales are of equipment, materials and printed matter to other businesses; sales to resellers are exempt.",https://www.census.gov/naics/ ; https://www.tax.ny.gov/pdf/publications/sales/pub750.pdf ; https://www.tax.ny.gov/forms/publications/st/pub718r.htm
3352,Household Appliance Manufacturing,business,"Taxable sales of business-serving vendors (wholesale, contractors, information, professional and administrative services, etc.) and purchases subject to use tax, sourced to the customer's location. Allocated by where private economic activity is: workplace employment excluding public administration, since government purchases are exempt under Tax Law s.1116(a)(1). Total employment and Economic Census payroll are sensitivities.",https://lehd.ces.census.gov/data/,business,"Manufacturers' direct taxable sales are of equipment, materials and printed matter to other businesses; sales to resellers are exempt.",https://www.census.gov/naics/ ; https://www.tax.ny.gov/pdf/publications/sales/pub750.pdf ; https://www.tax.ny.gov/forms/publications/st/pub718r.htm
3353,Electrical Equipment Manufacturing,business,"Taxable sales of business-serving vendors (wholesale, contractors, information, professional and administrative services, etc.) and purchases subject to use tax, sourced to the customer's location. Allocated by where private economic activity is: workplace employment excluding public administration, since government purchases are exempt under Tax Law s.1116(a)(1). Total employment and Economic Census payroll are sensitivities.",https://lehd.ces.census.gov/data/,business,"Manufacturers' direct taxable sales are of equipment, materials and printed matter to other businesses; sales to resellers are exempt.",https://www.census.gov/naics/ ; https://www.tax.ny.gov/pdf/publications/sales/pub750.pdf ; https://www.tax.ny.gov/forms/publications/st/pub718r.htm
3359,Other Electrical Equipment and Component Manufacturing,business,"Taxable sales of business-serving vendors (wholesale, contractors, information, professional and administrative services, etc.) and purchases subject to use tax, sourced to the customer's location. Allocated by where private economic activity is: workplace employment excluding public administration, since government purchases are exempt under Tax Law s.1116(a)(1). Total employment and Economic Census payroll are sensitivities.",https://lehd.ces.census.gov/data/,business,"Manufacturers' direct taxable sales are of equipment, materials and printed matter to other businesses; sales to resellers are exempt.",https://www.census.gov/naics/ ; https://www.tax.ny.gov/pdf/publications/sales/pub750.pdf ; https://www.tax.ny.gov/forms/publications/st/pub718r.htm
3361,Motor Vehicle Manufacturing,business,"Taxable sales of business-serving vendors (wholesale, contractors, information, professional and administrative services, etc.) and purchases subject to use tax, sourced to the customer's location. Allocated by where private economic activity is: workplace employment excluding public administration, since government purchases are exempt under Tax Law s.1116(a)(1). Total employment and Economic Census payroll are sensitivities.",https://lehd.ces.census.gov/data/,business,"Manufacturers' direct taxable sales are of equipment, materials and printed matter to other businesses; sales to resellers are exempt.",https://www.census.gov/naics/ ; https://www.tax.ny.gov/pdf/publications/sales/pub750.pdf ; https://www.tax.ny.gov/forms/publications/st/pub718r.htm
3362,Motor Vehicle Body and Trailer Manufacturing,business,"Taxable sales of business-serving vendors (wholesale, contractors, information, professional and administrative services, etc.) and purchases subject to use tax, sourced to the customer's location. Allocated by where private economic activity is: workplace employment excluding public administration, since government purchases are exempt under Tax Law s.1116(a)(1). Total employment and Economic Census payroll are sensitivities.",https://lehd.ces.census.gov/data/,business,"Manufacturers' direct taxable sales are of equipment, materials and printed matter to other businesses; sales to resellers are exempt.",https://www.census.gov/naics/ ; https://www.tax.ny.gov/pdf/publications/sales/pub750.pdf ; https://www.tax.ny.gov/forms/publications/st/pub718r.htm
3363,Motor Vehicle Parts Manufacturing,business,"Taxable sales of business-serving vendors (wholesale, contractors, information, professional and administrative services, etc.) and purchases subject to use tax, sourced to the customer's location. Allocated by where private economic activity is: workplace employment excluding public administration, since government purchases are exempt under Tax Law s.1116(a)(1). Total employment and Economic Census payroll are sensitivities.",https://lehd.ces.census.gov/data/,business,"Manufacturers' direct taxable sales are of equipment, materials and printed matter to other businesses; sales to resellers are exempt.",https://www.census.gov/naics/ ; https://www.tax.ny.gov/pdf/publications/sales/pub750.pdf ; https://www.tax.ny.gov/forms/publications/st/pub718r.htm
3364,Aerospace Product and Parts Manufacturing,business,"Taxable sales of business-serving vendors (wholesale, contractors, information, professional and administrative services, etc.) and purchases subject to use tax, sourced to the customer's location. Allocated by where private economic activity is: workplace employment excluding public administration, since government purchases are exempt under Tax Law s.1116(a)(1). Total employment and Economic Census payroll are sensitivities.",https://lehd.ces.census.gov/data/,business,"Manufacturers' direct taxable sales are of equipment, materials and printed matter to other businesses; sales to resellers are exempt.",https://www.census.gov/naics/ ; https://www.tax.ny.gov/pdf/publications/sales/pub750.pdf ; https://www.tax.ny.gov/forms/publications/st/pub718r.htm
3365,Railroad Rolling Stock Manufacturing,business,"Taxable sales of business-serving vendors (wholesale, contractors, information, professional and administrative services, etc.) and purchases subject to use tax, sourced to the customer's location. Allocated by where private economic activity is: workplace employment excluding public administration, since government purchases are exempt under Tax Law s.1116(a)(1). Total employment and Economic Census payroll are sensitivities.",https://lehd.ces.census.gov/data/,business,"Manufacturers' direct taxable sales are of equipment, materials and printed matter to other businesses; sales to resellers are exempt.",https://www.census.gov/naics/ ; https://www.tax.ny.gov/pdf/publications/sales/pub750.pdf ; https://www.tax.ny.gov/forms/publications/st/pub718r.htm
3366,Ship and Boat Building,business,"Taxable sales of business-serving vendors (wholesale, contractors, information, professional and administrative services, etc.) and purchases subject to use tax, sourced to the customer's location. Allocated by where private economic activity is: workplace employment excluding public administration, since government purchases are exempt under Tax Law s.1116(a)(1). Total employment and Economic Census payroll are sensitivities.",https://lehd.ces.census.gov/data/,business,"Manufacturers' direct taxable sales are of equipment, materials and printed matter to other businesses; sales to resellers are exempt.",https://www.census.gov/naics/ ; https://www.tax.ny.gov/pdf/publications/sales/pub750.pdf ; https://www.tax.ny.gov/forms/publications/st/pub718r.htm
3369,Other Transportation Equipment Manufacturing,business,"Taxable sales of business-serving vendors (wholesale, contractors, information, professional and administrative services, etc.) and purchases subject to use tax, sourced to the customer's location. Allocated by where private economic activity is: workplace employment excluding public administration, since government purchases are exempt under Tax Law s.1116(a)(1). Total employment and Economic Census payroll are sensitivities.",https://lehd.ces.census.gov/data/,business,"Manufacturers' direct taxable sales are of equipment, materials and printed matter to other businesses; sales to resellers are exempt.",https://www.census.gov/naics/ ; https://www.tax.ny.gov/pdf/publications/sales/pub750.pdf ; https://www.tax.ny.gov/forms/publications/st/pub718r.htm
3371,Household and Institutional Furniture and Kitchen Cabinet Manufacturing,business,"Taxable sales of business-serving vendors (wholesale, contractors, information, professional and administrative services, etc.) and purchases subject to use tax, sourced to the customer's location. Allocated by where private economic activity is: workplace employment excluding public administration, since government purchases are exempt under Tax Law s.1116(a)(1). Total employment and Economic Census payroll are sensitivities.",https://lehd.ces.census.gov/data/,business,"Manufacturers' direct taxable sales are of equipment, materials and printed matter to other businesses; sales to resellers are exempt.",https://www.census.gov/naics/ ; https://www.tax.ny.gov/pdf/publications/sales/pub750.pdf ; https://www.tax.ny.gov/forms/publications/st/pub718r.htm
3372,Office Furniture (including Fixtures) Manufacturing,business,"Taxable sales of business-serving vendors (wholesale, contractors, information, professional and administrative services, etc.) and purchases subject to use tax, sourced to the customer's location. Allocated by where private economic activity is: workplace employment excluding public administration, since government purchases are exempt under Tax Law s.1116(a)(1). Total employment and Economic Census payroll are sensitivities.",https://lehd.ces.census.gov/data/,business,"Manufacturers' direct taxable sales are of equipment, materials and printed matter to other businesses; sales to resellers are exempt.",https://www.census.gov/naics/ ; https://www.tax.ny.gov/pdf/publications/sales/pub750.pdf ; https://www.tax.ny.gov/forms/publications/st/pub718r.htm
3379,Other Furniture Related Product Manufacturing,business,"Taxable sales of business-serving vendors (wholesale, contractors, information, professional and administrative services, etc.) and purchases subject to use tax, sourced to the customer's location. Allocated by where private economic activity is: workplace employment excluding public administration, since government purchases are exempt under Tax Law s.1116(a)(1). Total employment and Economic Census payroll are sensitivities.",https://lehd.ces.census.gov/data/,business,"Manufacturers' direct taxable sales are of equipment, materials and printed matter to other businesses; sales to resellers are exempt.",https://www.census.gov/naics/ ; https://www.tax.ny.gov/pdf/publications/sales/pub750.pdf ; https://www.tax.ny.gov/forms/publications/st/pub718r.htm
3391,Medical Equipment and Supplies Manufacturing,business,"Taxable sales of business-serving vendors (wholesale, contractors, information, professional and administrative services, etc.) and purchases subject to use tax, sourced to the customer's location. Allocated by where private economic activity is: workplace employment excluding public administration, since government purchases are exempt under Tax Law s.1116(a)(1). Total employment and Economic Census payroll are sensitivities.",https://lehd.ces.census.gov/data/,business,"Manufacturers' direct taxable sales are of equipment, materials and printed matter to other businesses; sales to resellers are exempt.",https://www.census.gov/naics/ ; https://www.tax.ny.gov/pdf/publications/sales/pub750.pdf ; https://www.tax.ny.gov/forms/publications/st/pub718r.htm
3399,Other Miscellaneous Manufacturing,business,"Taxable sales of business-serving vendors (wholesale, contractors, information, professional and administrative services, etc.) and purchases subject to use tax, sourced to the customer's location. Allocated by where private economic activity is: workplace employment excluding public administration, since government purchases are exempt under Tax Law s.1116(a)(1). Total employment and Economic Census payroll are sensitivities.",https://lehd.ces.census.gov/data/,mixed,"Breweries, bakeries and makers of miscellaneous goods sell at the factory door and online to households as well as to businesses.",https://www.census.gov/naics/ ; https://www.tax.ny.gov/pdf/publications/sales/pub750.pdf ; https://www.tax.ny.gov/forms/publications/st/pub718r.htm
4231,Motor Vehicle and Motor Vehicle Parts and Supplies Merchant Wholesalers,business,"Taxable sales of business-serving vendors (wholesale, contractors, information, professional and administrative services, etc.) and purchases subject to use tax, sourced to the customer's location. Allocated by where private economic activity is: workplace employment excluding public administration, since government purchases are exempt under Tax Law s.1116(a)(1). Total employment and Economic Census payroll are sensitivities.",https://lehd.ces.census.gov/data/,business,"Sales for resale are exempt, so a wholesaler's taxable sales go to end users: contractors, offices, restaurants, institutions and fleets. Residential heating oil (4247) is exempt in Albany County (Pub 718-R), so that group's taxable sales are commercial too.",https://www.census.gov/naics/ ; https://www.tax.ny.gov/pdf/publications/sales/pub750.pdf ; https://www.tax.ny.gov/forms/publications/st/pub718r.htm
4232,Furniture and Home Furnishing Merchant Wholesalers,business,"Taxable sales of business-serving vendors (wholesale, contractors, information, professional and administrative services, etc.) and purchases subject to use tax, sourced to the customer's location. Allocated by where private economic activity is: workplace employment excluding public administration, since government purchases are exempt under Tax Law s.1116(a)(1). Total employment and Economic Census payroll are sensitivities.",https://lehd.ces.census.gov/data/,business,"Sales for resale are exempt, so a wholesaler's taxable sales go to end users: contractors, offices, restaurants, institutions and fleets. Residential heating oil (4247) is exempt in Albany County (Pub 718-R), so that group's taxable sales are commercial too.",https://www.census.gov/naics/ ; https://www.tax.ny.gov/pdf/publications/sales/pub750.pdf ; https://www.tax.ny.gov/forms/publications/st/pub718r.htm
4233,Lumber and Other Construction Materials Merchant Wholesalers,business,"Taxable sales of business-serving vendors (wholesale, contractors, information, professional and administrative services, etc.) and purchases subject to use tax, sourced to the customer's location. Allocated by where private economic activity is: workplace employment excluding public administration, since government purchases are exempt under Tax Law s.1116(a)(1). Total employment and Economic Census payroll are sensitivities.",https://lehd.ces.census.gov/data/,business,"Sales for resale are exempt, so a wholesaler's taxable sales go to end users: contractors, offices, restaurants, institutions and fleets. Residential heating oil (4247) is exempt in Albany County (Pub 718-R), so that group's taxable sales are commercial too.",https://www.census.gov/naics/ ; https://www.tax.ny.gov/pdf/publications/sales/pub750.pdf ; https://www.tax.ny.gov/forms/publications/st/pub718r.htm
4234,Professional and Commercial Equipment and Supplies Merchant Wholesalers,business,"Taxable sales of business-serving vendors (wholesale, contractors, information, professional and administrative services, etc.) and purchases subject to use tax, sourced to the customer's location. Allocated by where private economic activity is: workplace employment excluding public administration, since government purchases are exempt under Tax Law s.1116(a)(1). Total employment and Economic Census payroll are sensitivities.",https://lehd.ces.census.gov/data/,business,"Sales for resale are exempt, so a wholesaler's taxable sales go to end users: contractors, offices, restaurants, institutions and fleets. Residential heating oil (4247) is exempt in Albany County (Pub 718-R), so that group's taxable sales are commercial too.",https://www.census.gov/naics/ ; https://www.tax.ny.gov/pdf/publications/sales/pub750.pdf ; https://www.tax.ny.gov/forms/publications/st/pub718r.htm
4235,Metal and Mineral (except Petroleum) Merchant Wholesalers,business,"Taxable sales of business-serving vendors (wholesale, contractors, information, professional and administrative services, etc.) and purchases subject to use tax, sourced to the customer's location. Allocated by where private economic activity is: workplace employment excluding public administration, since government purchases are exempt under Tax Law s.1116(a)(1). Total employment and Economic Census payroll are sensitivities.",https://lehd.ces.census.gov/data/,business,"Sales for resale are exempt, so a wholesaler's taxable sales go to end users: contractors, offices, restaurants, institutions and fleets. Residential heating oil (4247) is exempt in Albany County (Pub 718-R), so that group's taxable sales are commercial too.",https://www.census.gov/naics/ ; https://www.tax.ny.gov/pdf/publications/sales/pub750.pdf ; https://www.tax.ny.gov/forms/publications/st/pub718r.htm
4236,Household Appliances and Electrical and Electronic Goods Merchant Wholesalers,business,"Taxable sales of business-serving vendors (wholesale, contractors, information, professional and administrative services, etc.) and purchases subject to use tax, sourced to the customer's location. Allocated by where private economic activity is: workplace employment excluding public administration, since government purchases are exempt under Tax Law s.1116(a)(1). Total employment and Economic Census payroll are sensitivities.",https://lehd.ces.census.gov/data/,business,"Sales for resale are exempt, so a wholesaler's taxable sales go to end users: contractors, offices, restaurants, institutions and fleets. Residential heating oil (4247) is exempt in Albany County (Pub 718-R), so that group's taxable sales are commercial too.",https://www.census.gov/naics/ ; https://www.tax.ny.gov/pdf/publications/sales/pub750.pdf ; https://www.tax.ny.gov/forms/publications/st/pub718r.htm
4237,"Hardware, and Plumbing and Heating Equipment and Supplies Merchant Wholesalers",business,"Taxable sales of business-serving vendors (wholesale, contractors, information, professional and administrative services, etc.) and purchases subject to use tax, sourced to the customer's location. Allocated by where private economic activity is: workplace employment excluding public administration, since government purchases are exempt under Tax Law s.1116(a)(1). Total employment and Economic Census payroll are sensitivities.",https://lehd.ces.census.gov/data/,business,"Sales for resale are exempt, so a wholesaler's taxable sales go to end users: contractors, offices, restaurants, institutions and fleets. Residential heating oil (4247) is exempt in Albany County (Pub 718-R), so that group's taxable sales are commercial too.",https://www.census.gov/naics/ ; https://www.tax.ny.gov/pdf/publications/sales/pub750.pdf ; https://www.tax.ny.gov/forms/publications/st/pub718r.htm
4238,"Machinery, Equipment, and Supplies Merchant Wholesalers",business,"Taxable sales of business-serving vendors (wholesale, contractors, information, professional and administrative services, etc.) and purchases subject to use tax, sourced to the customer's location. Allocated by where private economic activity is: workplace employment excluding public administration, since government purchases are exempt under Tax Law s.1116(a)(1). Total employment and Economic Census payroll are sensitivities.",https://lehd.ces.census.gov/data/,business,"Sales for resale are exempt, so a wholesaler's taxable sales go to end users: contractors, offices, restaurants, institutions and fleets. Residential heating oil (4247) is exempt in Albany County (Pub 718-R), so that group's taxable sales are commercial too.",https://www.census.gov/naics/ ; https://www.tax.ny.gov/pdf/publications/sales/pub750.pdf ; https://www.tax.ny.gov/forms/publications/st/pub718r.htm
4239,Miscellaneous Durable Goods Merchant Wholesalers,business,"Taxable sales of business-serving vendors (wholesale, contractors, information, professional and administrative services, etc.) and purchases subject to use tax, sourced to the customer's location. Allocated by where private economic activity is: workplace employment excluding public administration, since government purchases are exempt under Tax Law s.1116(a)(1). Total employment and Economic Census payroll are sensitivities.",https://lehd.ces.census.gov/data/,business,"Sales for resale are exempt, so a wholesaler's taxable sales go to end users: contractors, offices, restaurants, institutions and fleets. Residential heating oil (4247) is exempt in Albany County (Pub 718-R), so that group's taxable sales are commercial too.",https://www.census.gov/naics/ ; https://www.tax.ny.gov/pdf/publications/sales/pub750.pdf ; https://www.tax.ny.gov/forms/publications/st/pub718r.htm
4241,Paper and Paper Product Merchant Wholesalers,business,"Taxable sales of business-serving vendors (wholesale, contractors, information, professional and administrative services, etc.) and purchases subject to use tax, sourced to the customer's location. Allocated by where private economic activity is: workplace employment excluding public administration, since government purchases are exempt under Tax Law s.1116(a)(1). Total employment and Economic Census payroll are sensitivities.",https://lehd.ces.census.gov/data/,business,"Sales for resale are exempt, so a wholesaler's taxable sales go to end users: contractors, offices, restaurants, institutions and fleets. Residential heating oil (4247) is exempt in Albany County (Pub 718-R), so that group's taxable sales are commercial too.",https://www.census.gov/naics/ ; https://www.tax.ny.gov/pdf/publications/sales/pub750.pdf ; https://www.tax.ny.gov/forms/publications/st/pub718r.htm
4242,Drugs and Druggists' Sundries Merchant Wholesalers,business,"Taxable sales of business-serving vendors (wholesale, contractors, information, professional and administrative services, etc.) and purchases subject to use tax, sourced to the customer's location. Allocated by where private economic activity is: workplace employment excluding public administration, since government purchases are exempt under Tax Law s.1116(a)(1). Total employment and Economic Census payroll are sensitivities.",https://lehd.ces.census.gov/data/,business,"Sales for resale are exempt, so a wholesaler's taxable sales go to end users: contractors, offices, restaurants, institutions and fleets. Residential heating oil (4247) is exempt in Albany County (Pub 718-R), so that group's taxable sales are commercial too.",https://www.census.gov/naics/ ; https://www.tax.ny.gov/pdf/publications/sales/pub750.pdf ; https://www.tax.ny.gov/forms/publications/st/pub718r.htm
4243,"Apparel, Piece Goods, and Notions Merchant Wholesalers",business,"Taxable sales of business-serving vendors (wholesale, contractors, information, professional and administrative services, etc.) and purchases subject to use tax, sourced to the customer's location. Allocated by where private economic activity is: workplace employment excluding public administration, since government purchases are exempt under Tax Law s.1116(a)(1). Total employment and Economic Census payroll are sensitivities.",https://lehd.ces.census.gov/data/,business,"Sales for resale are exempt, so a wholesaler's taxable sales go to end users: contractors, offices, restaurants, institutions and fleets. Residential heating oil (4247) is exempt in Albany County (Pub 718-R), so that group's taxable sales are commercial too.",https://www.census.gov/naics/ ; https://www.tax.ny.gov/pdf/publications/sales/pub750.pdf ; https://www.tax.ny.gov/forms/publications/st/pub718r.htm
4244,Grocery and Related Product Merchant Wholesalers,business,"Taxable sales of business-serving vendors (wholesale, contractors, information, professional and administrative services, etc.) and purchases subject to use tax, sourced to the customer's location. Allocated by where private economic activity is: workplace employment excluding public administration, since government purchases are exempt under Tax Law s.1116(a)(1). Total employment and Economic Census payroll are sensitivities.",https://lehd.ces.census.gov/data/,business,"Sales for resale are exempt, so a wholesaler's taxable sales go to end users: contractors, offices, restaurants, institutions and fleets. Residential heating oil (4247) is exempt in Albany County (Pub 718-R), so that group's taxable sales are commercial too.",https://www.census.gov/naics/ ; https://www.tax.ny.gov/pdf/publications/sales/pub750.pdf ; https://www.tax.ny.gov/forms/publications/st/pub718r.htm
4245,Farm Product Raw Material Merchant Wholesalers,business,"Taxable sales of business-serving vendors (wholesale, contractors, information, professional and administrative services, etc.) and purchases subject to use tax, sourced to the customer's location. Allocated by where private economic activity is: workplace employment excluding public administration, since government purchases are exempt under Tax Law s.1116(a)(1). Total employment and Economic Census payroll are sensitivities.",https://lehd.ces.census.gov/data/,business,"Sales for resale are exempt, so a wholesaler's taxable sales go to end users: contractors, offices, restaurants, institutions and fleets. Residential heating oil (4247) is exempt in Albany County (Pub 718-R), so that group's taxable sales are commercial too.",https://www.census.gov/naics/ ; https://www.tax.ny.gov/pdf/publications/sales/pub750.pdf ; https://www.tax.ny.gov/forms/publications/st/pub718r.htm
4246,Chemical and Allied Products Merchant Wholesalers,business,"Taxable sales of business-serving vendors (wholesale, contractors, information, professional and administrative services, etc.) and purchases subject to use tax, sourced to the customer's location. Allocated by where private economic activity is: workplace employment excluding public administration, since government purchases are exempt under Tax Law s.1116(a)(1). Total employment and Economic Census payroll are sensitivities.",https://lehd.ces.census.gov/data/,business,"Sales for resale are exempt, so a wholesaler's taxable sales go to end users: contractors, offices, restaurants, institutions and fleets. Residential heating oil (4247) is exempt in Albany County (Pub 718-R), so that group's taxable sales are commercial too.",https://www.census.gov/naics/ ; https://www.tax.ny.gov/pdf/publications/sales/pub750.pdf ; https://www.tax.ny.gov/forms/publications/st/pub718r.htm
4247,Petroleum and Petroleum Products Merchant Wholesalers,business,"Taxable sales of business-serving vendors (wholesale, contractors, information, professional and administrative services, etc.) and purchases subject to use tax, sourced to the customer's location. Allocated by where private economic activity is: workplace employment excluding public administration, since government purchases are exempt under Tax Law s.1116(a)(1). Total employment and Economic Census payroll are sensitivities.",https://lehd.ces.census.gov/data/,business,"Sales for resale are exempt, so a wholesaler's taxable sales go to end users: contractors, offices, restaurants, institutions and fleets. Residential heating oil (4247) is exempt in Albany County (Pub 718-R), so that group's taxable sales are commercial too.",https://www.census.gov/naics/ ; https://www.tax.ny.gov/pdf/publications/sales/pub750.pdf ; https://www.tax.ny.gov/forms/publications/st/pub718r.htm
4248,"Beer, Wine, and Distilled Alcoholic Beverage Merchant Wholesalers",business,"Taxable sales of business-serving vendors (wholesale, contractors, information, professional and administrative services, etc.) and purchases subject to use tax, sourced to the customer's location. Allocated by where private economic activity is: workplace employment excluding public administration, since government purchases are exempt under Tax Law s.1116(a)(1). Total employment and Economic Census payroll are sensitivities.",https://lehd.ces.census.gov/data/,business,"Sales for resale are exempt, so a wholesaler's taxable sales go to end users: contractors, offices, restaurants, institutions and fleets. Residential heating oil (4247) is exempt in Albany County (Pub 718-R), so that group's taxable sales are commercial too.",https://www.census.gov/naics/ ; https://www.tax.ny.gov/pdf/publications/sales/pub750.pdf ; https://www.tax.ny.gov/forms/publications/st/pub718r.htm
4249,Miscellaneous Nondurable Goods Merchant Wholesalers,business,"Taxable sales of business-serving vendors (wholesale, contractors, information, professional and administrative services, etc.) and purchases subject to use tax, sourced to the customer's location. Allocated by where private economic activity is: workplace employment excluding public administration, since government purchases are exempt under Tax Law s.1116(a)(1). Total employment and Economic Census payroll are sensitivities.",https://lehd.ces.census.gov/data/,business,"Sales for resale are exempt, so a wholesaler's taxable sales go to end users: contractors, offices, restaurants, institutions and fleets. Residential heating oil (4247) is exempt in Albany County (Pub 718-R), so that group's taxable sales are commercial too.",https://www.census.gov/naics/ ; https://www.tax.ny.gov/pdf/publications/sales/pub750.pdf ; https://www.tax.ny.gov/forms/publications/st/pub718r.htm
4251,Wholesale Trade Agents and Brokers,business,"Taxable sales of business-serving vendors (wholesale, contractors, information, professional and administrative services, etc.) and purchases subject to use tax, sourced to the customer's location. Allocated by where private economic activity is: workplace employment excluding public administration, since government purchases are exempt under Tax Law s.1116(a)(1). Total employment and Economic Census payroll are sensitivities.",https://lehd.ces.census.gov/data/,business,"Sales for resale are exempt, so a wholesaler's taxable sales go to end users: contractors, offices, restaurants, institutions and fleets. Residential heating oil (4247) is exempt in Albany County (Pub 718-R), so that group's taxable sales are commercial too.",https://www.census.gov/naics/ ; https://www.tax.ny.gov/pdf/publications/sales/pub750.pdf ; https://www.tax.ny.gov/forms/publications/st/pub718r.htm
4411,Automobile Dealers,motor_vehicle,"Sales of vehicles required to be registered are sourced to the purchaser's residence, not the dealer's location (Tax Law s.1214; Publication 838), so dealer location carries no information. Allocated by resident registrations. NAICS 9261 is included because its statewide taxable sales ($8.5B) are distributed across counties like population and car ownership, consistent with tax collected by DMV at registration on private-party vehicle sales rather than with state-agency vendor activity.",https://www.tax.ny.gov/pdf/publications/sales/pub718.pdf,NA,NA,NA
4412,Other Motor Vehicle Dealers,motor_vehicle,"Sales of vehicles required to be registered are sourced to the purchaser's residence, not the dealer's location (Tax Law s.1214; Publication 838), so dealer location carries no information. Allocated by resident registrations. NAICS 9261 is included because its statewide taxable sales ($8.5B) are distributed across counties like population and car ownership, consistent with tax collected by DMV at registration on private-party vehicle sales rather than with state-agency vendor activity.",https://www.tax.ny.gov/pdf/publications/sales/pub718.pdf,NA,NA,NA
4413,"Automotive Parts, Accessories, and Tire Retailers",store,"Over-the-counter sales sourced where the sale occurs, so establishment receipts are the natural allocator and origin is approximately destination.",https://api.census.gov/data/2022/ecnbasic.html,NA,NA,NA
4441,Building Material and Supplies Dealers,delivered_split,"Predominantly delivered goods. Establishment receipts overstate the selling jurisdiction because delivery is destination-sourced, so the group is split 50/50 between the store allocator and the residence allocator.",https://api.census.gov/data/2022/ecnbasic.html,NA,NA,NA
4442,Lawn and Garden Equipment and Supplies Retailers,delivered_split,"Predominantly delivered goods. Establishment receipts overstate the selling jurisdiction because delivery is destination-sourced, so the group is split 50/50 between the store allocator and the residence allocator.",https://api.census.gov/data/2022/ecnbasic.html,NA,NA,NA
4451,Grocery and Convenience Retailers,store,"Over-the-counter sales sourced where the sale occurs, so establishment receipts are the natural allocator and origin is approximately destination.",https://api.census.gov/data/2022/ecnbasic.html,NA,NA,NA
4452,Specialty Food Retailers,store,"Over-the-counter sales sourced where the sale occurs, so establishment receipts are the natural allocator and origin is approximately destination.",https://api.census.gov/data/2022/ecnbasic.html,NA,NA,NA
4453,"Beer, Wine, and Liquor Retailers",store,"Over-the-counter sales sourced where the sale occurs, so establishment receipts are the natural allocator and origin is approximately destination.",https://api.census.gov/data/2022/ecnbasic.html,NA,NA,NA
4491,Furniture and Home Furnishings Retailers,delivered_split,"Predominantly delivered goods. Establishment receipts overstate the selling jurisdiction because delivery is destination-sourced, so the group is split 50/50 between the store allocator and the residence allocator.",https://api.census.gov/data/2022/ecnbasic.html,NA,NA,NA
4492,Electronics and Appliance Retailers,delivered_split,"Predominantly delivered goods. Establishment receipts overstate the selling jurisdiction because delivery is destination-sourced, so the group is split 50/50 between the store allocator and the residence allocator.",https://api.census.gov/data/2022/ecnbasic.html,NA,NA,NA
4551,Department Stores,store,"Over-the-counter sales sourced where the sale occurs, so establishment receipts are the natural allocator and origin is approximately destination.",https://api.census.gov/data/2022/ecnbasic.html,NA,NA,NA
4552,"Warehouse Clubs, Supercenters, and Other General Merchandise Retailers",store,"Over-the-counter sales sourced where the sale occurs, so establishment receipts are the natural allocator and origin is approximately destination.",https://api.census.gov/data/2022/ecnbasic.html,NA,NA,NA
4561,Health and Personal Care Retailers,store,"Over-the-counter sales sourced where the sale occurs, so establishment receipts are the natural allocator and origin is approximately destination.",https://api.census.gov/data/2022/ecnbasic.html,NA,NA,NA
4571,Gasoline Stations,store,"Over-the-counter sales sourced where the sale occurs, so establishment receipts are the natural allocator and origin is approximately destination.",https://api.census.gov/data/2022/ecnbasic.html,NA,NA,NA
4572,Fuel Dealers,store,"Over-the-counter sales sourced where the sale occurs, so establishment receipts are the natural allocator and origin is approximately destination.",https://api.census.gov/data/2022/ecnbasic.html,NA,NA,NA
4581,Clothing and Clothing Accessories Retailers,store,"Over-the-counter sales sourced where the sale occurs, so establishment receipts are the natural allocator and origin is approximately destination.",https://api.census.gov/data/2022/ecnbasic.html,NA,NA,NA
4582,Shoe Retailers,store,"Over-the-counter sales sourced where the sale occurs, so establishment receipts are the natural allocator and origin is approximately destination.",https://api.census.gov/data/2022/ecnbasic.html,NA,NA,NA
4583,"Jewelry, Luggage, and Leather Goods Retailers",store,"Over-the-counter sales sourced where the sale occurs, so establishment receipts are the natural allocator and origin is approximately destination.",https://api.census.gov/data/2022/ecnbasic.html,NA,NA,NA
4591,"Sporting Goods, Hobby, and Musical Instrument Retailers",store,"Over-the-counter sales sourced where the sale occurs, so establishment receipts are the natural allocator and origin is approximately destination.",https://api.census.gov/data/2022/ecnbasic.html,NA,NA,NA
4592,Book Retailers and News Dealers,store,"Over-the-counter sales sourced where the sale occurs, so establishment receipts are the natural allocator and origin is approximately destination.",https://api.census.gov/data/2022/ecnbasic.html,NA,NA,NA
4593,Florists,store,"Over-the-counter sales sourced where the sale occurs, so establishment receipts are the natural allocator and origin is approximately destination.",https://api.census.gov/data/2022/ecnbasic.html,NA,NA,NA
4594,"Office Supplies, Stationery, and Gift Retailers",store,"Over-the-counter sales sourced where the sale occurs, so establishment receipts are the natural allocator and origin is approximately destination.",https://api.census.gov/data/2022/ecnbasic.html,NA,NA,NA
4595,Used Merchandise Retailers,store,"Over-the-counter sales sourced where the sale occurs, so establishment receipts are the natural allocator and origin is approximately destination.",https://api.census.gov/data/2022/ecnbasic.html,NA,NA,NA
4599,Other Miscellaneous Retailers,store,"Over-the-counter sales sourced where the sale occurs, so establishment receipts are the natural allocator and origin is approximately destination.",https://api.census.gov/data/2022/ecnbasic.html,NA,NA,NA
4811,Scheduled Air Transportation,business,"Taxable sales of business-serving vendors (wholesale, contractors, information, professional and administrative services, etc.) and purchases subject to use tax, sourced to the customer's location. Allocated by where private economic activity is: workplace employment excluding public administration, since government purchases are exempt under Tax Law s.1116(a)(1). Total employment and Economic Census payroll are sensitivities.",https://lehd.ces.census.gov/data/,business,"Freight, rail, air cargo, courier and warehousing customers are shippers, i.e. businesses.",https://www.census.gov/naics/ ; https://www.tax.ny.gov/pdf/publications/sales/pub750.pdf ; https://www.tax.ny.gov/forms/publications/st/pub718r.htm
4812,Nonscheduled Air Transportation,business,"Taxable sales of business-serving vendors (wholesale, contractors, information, professional and administrative services, etc.) and purchases subject to use tax, sourced to the customer's location. Allocated by where private economic activity is: workplace employment excluding public administration, since government purchases are exempt under Tax Law s.1116(a)(1). Total employment and Economic Census payroll are sensitivities.",https://lehd.ces.census.gov/data/,business,"Freight, rail, air cargo, courier and warehousing customers are shippers, i.e. businesses.",https://www.census.gov/naics/ ; https://www.tax.ny.gov/pdf/publications/sales/pub750.pdf ; https://www.tax.ny.gov/forms/publications/st/pub718r.htm
4821,Rail Transportation,business,"Taxable sales of business-serving vendors (wholesale, contractors, information, professional and administrative services, etc.) and purchases subject to use tax, sourced to the customer's location. Allocated by where private economic activity is: workplace employment excluding public administration, since government purchases are exempt under Tax Law s.1116(a)(1). Total employment and Economic Census payroll are sensitivities.",https://lehd.ces.census.gov/data/,business,"Freight, rail, air cargo, courier and warehousing customers are shippers, i.e. businesses.",https://www.census.gov/naics/ ; https://www.tax.ny.gov/pdf/publications/sales/pub750.pdf ; https://www.tax.ny.gov/forms/publications/st/pub718r.htm
4831,"Deep Sea, Coastal, and Great Lakes Water Transportation",business,"Taxable sales of business-serving vendors (wholesale, contractors, information, professional and administrative services, etc.) and purchases subject to use tax, sourced to the customer's location. Allocated by where private economic activity is: workplace employment excluding public administration, since government purchases are exempt under Tax Law s.1116(a)(1). Total employment and Economic Census payroll are sensitivities.",https://lehd.ces.census.gov/data/,business,"Freight, rail, air cargo, courier and warehousing customers are shippers, i.e. businesses.",https://www.census.gov/naics/ ; https://www.tax.ny.gov/pdf/publications/sales/pub750.pdf ; https://www.tax.ny.gov/forms/publications/st/pub718r.htm
4832,Inland Water Transportation,business,"Taxable sales of business-serving vendors (wholesale, contractors, information, professional and administrative services, etc.) and purchases subject to use tax, sourced to the customer's location. Allocated by where private economic activity is: workplace employment excluding public administration, since government purchases are exempt under Tax Law s.1116(a)(1). Total employment and Economic Census payroll are sensitivities.",https://lehd.ces.census.gov/data/,business,"Freight, rail, air cargo, courier and warehousing customers are shippers, i.e. businesses.",https://www.census.gov/naics/ ; https://www.tax.ny.gov/pdf/publications/sales/pub750.pdf ; https://www.tax.ny.gov/forms/publications/st/pub718r.htm
4841,General Freight Trucking,business,"Taxable sales of business-serving vendors (wholesale, contractors, information, professional and administrative services, etc.) and purchases subject to use tax, sourced to the customer's location. Allocated by where private economic activity is: workplace employment excluding public administration, since government purchases are exempt under Tax Law s.1116(a)(1). Total employment and Economic Census payroll are sensitivities.",https://lehd.ces.census.gov/data/,business,"Freight, rail, air cargo, courier and warehousing customers are shippers, i.e. businesses.",https://www.census.gov/naics/ ; https://www.tax.ny.gov/pdf/publications/sales/pub750.pdf ; https://www.tax.ny.gov/forms/publications/st/pub718r.htm
4842,Specialized Freight Trucking,business,"Taxable sales of business-serving vendors (wholesale, contractors, information, professional and administrative services, etc.) and purchases subject to use tax, sourced to the customer's location. Allocated by where private economic activity is: workplace employment excluding public administration, since government purchases are exempt under Tax Law s.1116(a)(1). Total employment and Economic Census payroll are sensitivities.",https://lehd.ces.census.gov/data/,business,"Freight, rail, air cargo, courier and warehousing customers are shippers, i.e. businesses.",https://www.census.gov/naics/ ; https://www.tax.ny.gov/pdf/publications/sales/pub750.pdf ; https://www.tax.ny.gov/forms/publications/st/pub718r.htm
4851,Urban Transit Systems,business,"Taxable sales of business-serving vendors (wholesale, contractors, information, professional and administrative services, etc.) and purchases subject to use tax, sourced to the customer's location. Allocated by where private economic activity is: workplace employment excluding public administration, since government purchases are exempt under Tax Law s.1116(a)(1). Total employment and Economic Census payroll are sensitivities.",https://lehd.ces.census.gov/data/,business,"Freight, rail, air cargo, courier and warehousing customers are shippers, i.e. businesses.",https://www.census.gov/naics/ ; https://www.tax.ny.gov/pdf/publications/sales/pub750.pdf ; https://www.tax.ny.gov/forms/publications/st/pub718r.htm
4852,Interurban and Rural Bus Transportation,business,"Taxable sales of business-serving vendors (wholesale, contractors, information, professional and administrative services, etc.) and purchases subject to use tax, sourced to the customer's location. Allocated by where private economic activity is: workplace employment excluding public administration, since government purchases are exempt under Tax Law s.1116(a)(1). Total employment and Economic Census payroll are sensitivities.",https://lehd.ces.census.gov/data/,business,"Freight, rail, air cargo, courier and warehousing customers are shippers, i.e. businesses.",https://www.census.gov/naics/ ; https://www.tax.ny.gov/pdf/publications/sales/pub750.pdf ; https://www.tax.ny.gov/forms/publications/st/pub718r.htm
4853,Taxi and Limousine Service,business,"Taxable sales of business-serving vendors (wholesale, contractors, information, professional and administrative services, etc.) and purchases subject to use tax, sourced to the customer's location. Allocated by where private economic activity is: workplace employment excluding public administration, since government purchases are exempt under Tax Law s.1116(a)(1). Total employment and Economic Census payroll are sensitivities.",https://lehd.ces.census.gov/data/,household,"Limousine, sightseeing and towing services are taxable and mostly bought by individuals.",https://www.census.gov/naics/ ; https://www.tax.ny.gov/pdf/publications/sales/pub750.pdf ; https://www.tax.ny.gov/forms/publications/st/pub718r.htm
4854,School and Employee Bus Transportation,business,"Taxable sales of business-serving vendors (wholesale, contractors, information, professional and administrative services, etc.) and purchases subject to use tax, sourced to the customer's location. Allocated by where private economic activity is: workplace employment excluding public administration, since government purchases are exempt under Tax Law s.1116(a)(1). Total employment and Economic Census payroll are sensitivities.",https://lehd.ces.census.gov/data/,business,"Freight, rail, air cargo, courier and warehousing customers are shippers, i.e. businesses.",https://www.census.gov/naics/ ; https://www.tax.ny.gov/pdf/publications/sales/pub750.pdf ; https://www.tax.ny.gov/forms/publications/st/pub718r.htm
4855,Charter Bus Industry,business,"Taxable sales of business-serving vendors (wholesale, contractors, information, professional and administrative services, etc.) and purchases subject to use tax, sourced to the customer's location. Allocated by where private economic activity is: workplace employment excluding public administration, since government purchases are exempt under Tax Law s.1116(a)(1). Total employment and Economic Census payroll are sensitivities.",https://lehd.ces.census.gov/data/,business,"Freight, rail, air cargo, courier and warehousing customers are shippers, i.e. businesses.",https://www.census.gov/naics/ ; https://www.tax.ny.gov/pdf/publications/sales/pub750.pdf ; https://www.tax.ny.gov/forms/publications/st/pub718r.htm
4859,Other Transit and Ground Passenger Transportation,business,"Taxable sales of business-serving vendors (wholesale, contractors, information, professional and administrative services, etc.) and purchases subject to use tax, sourced to the customer's location. Allocated by where private economic activity is: workplace employment excluding public administration, since government purchases are exempt under Tax Law s.1116(a)(1). Total employment and Economic Census payroll are sensitivities.",https://lehd.ces.census.gov/data/,household,"Limousine, sightseeing and towing services are taxable and mostly bought by individuals.",https://www.census.gov/naics/ ; https://www.tax.ny.gov/pdf/publications/sales/pub750.pdf ; https://www.tax.ny.gov/forms/publications/st/pub718r.htm
4861,Pipeline Transportation of Crude Oil,business,"Taxable sales of business-serving vendors (wholesale, contractors, information, professional and administrative services, etc.) and purchases subject to use tax, sourced to the customer's location. Allocated by where private economic activity is: workplace employment excluding public administration, since government purchases are exempt under Tax Law s.1116(a)(1). Total employment and Economic Census payroll are sensitivities.",https://lehd.ces.census.gov/data/,business,"Freight, rail, air cargo, courier and warehousing customers are shippers, i.e. businesses.",https://www.census.gov/naics/ ; https://www.tax.ny.gov/pdf/publications/sales/pub750.pdf ; https://www.tax.ny.gov/forms/publications/st/pub718r.htm
4862,Pipeline Transportation of Natural Gas,business,"Taxable sales of business-serving vendors (wholesale, contractors, information, professional and administrative services, etc.) and purchases subject to use tax, sourced to the customer's location. Allocated by where private economic activity is: workplace employment excluding public administration, since government purchases are exempt under Tax Law s.1116(a)(1). Total employment and Economic Census payroll are sensitivities.",https://lehd.ces.census.gov/data/,business,"Freight, rail, air cargo, courier and warehousing customers are shippers, i.e. businesses.",https://www.census.gov/naics/ ; https://www.tax.ny.gov/pdf/publications/sales/pub750.pdf ; https://www.tax.ny.gov/forms/publications/st/pub718r.htm
4869,Other Pipeline Transportation,business,"Taxable sales of business-serving vendors (wholesale, contractors, information, professional and administrative services, etc.) and purchases subject to use tax, sourced to the customer's location. Allocated by where private economic activity is: workplace employment excluding public administration, since government purchases are exempt under Tax Law s.1116(a)(1). Total employment and Economic Census payroll are sensitivities.",https://lehd.ces.census.gov/data/,business,"Freight, rail, air cargo, courier and warehousing customers are shippers, i.e. businesses.",https://www.census.gov/naics/ ; https://www.tax.ny.gov/pdf/publications/sales/pub750.pdf ; https://www.tax.ny.gov/forms/publications/st/pub718r.htm
4871,"Scenic and Sightseeing Transportation, Land",business,"Taxable sales of business-serving vendors (wholesale, contractors, information, professional and administrative services, etc.) and purchases subject to use tax, sourced to the customer's location. Allocated by where private economic activity is: workplace employment excluding public administration, since government purchases are exempt under Tax Law s.1116(a)(1). Total employment and Economic Census payroll are sensitivities.",https://lehd.ces.census.gov/data/,household,"Limousine, sightseeing and towing services are taxable and mostly bought by individuals.",https://www.census.gov/naics/ ; https://www.tax.ny.gov/pdf/publications/sales/pub750.pdf ; https://www.tax.ny.gov/forms/publications/st/pub718r.htm
4872,"Scenic and Sightseeing Transportation, Water",business,"Taxable sales of business-serving vendors (wholesale, contractors, information, professional and administrative services, etc.) and purchases subject to use tax, sourced to the customer's location. Allocated by where private economic activity is: workplace employment excluding public administration, since government purchases are exempt under Tax Law s.1116(a)(1). Total employment and Economic Census payroll are sensitivities.",https://lehd.ces.census.gov/data/,household,"Limousine, sightseeing and towing services are taxable and mostly bought by individuals.",https://www.census.gov/naics/ ; https://www.tax.ny.gov/pdf/publications/sales/pub750.pdf ; https://www.tax.ny.gov/forms/publications/st/pub718r.htm
4879,"Scenic and Sightseeing Transportation, Other",business,"Taxable sales of business-serving vendors (wholesale, contractors, information, professional and administrative services, etc.) and purchases subject to use tax, sourced to the customer's location. Allocated by where private economic activity is: workplace employment excluding public administration, since government purchases are exempt under Tax Law s.1116(a)(1). Total employment and Economic Census payroll are sensitivities.",https://lehd.ces.census.gov/data/,household,"Limousine, sightseeing and towing services are taxable and mostly bought by individuals.",https://www.census.gov/naics/ ; https://www.tax.ny.gov/pdf/publications/sales/pub750.pdf ; https://www.tax.ny.gov/forms/publications/st/pub718r.htm
4881,Support Activities for Air Transportation,business,"Taxable sales of business-serving vendors (wholesale, contractors, information, professional and administrative services, etc.) and purchases subject to use tax, sourced to the customer's location. Allocated by where private economic activity is: workplace employment excluding public administration, since government purchases are exempt under Tax Law s.1116(a)(1). Total employment and Economic Census payroll are sensitivities.",https://lehd.ces.census.gov/data/,business,"Freight, rail, air cargo, courier and warehousing customers are shippers, i.e. businesses.",https://www.census.gov/naics/ ; https://www.tax.ny.gov/pdf/publications/sales/pub750.pdf ; https://www.tax.ny.gov/forms/publications/st/pub718r.htm
4882,Support Activities for Rail Transportation,business,"Taxable sales of business-serving vendors (wholesale, contractors, information, professional and administrative services, etc.) and purchases subject to use tax, sourced to the customer's location. Allocated by where private economic activity is: workplace employment excluding public administration, since government purchases are exempt under Tax Law s.1116(a)(1). Total employment and Economic Census payroll are sensitivities.",https://lehd.ces.census.gov/data/,business,"Freight, rail, air cargo, courier and warehousing customers are shippers, i.e. businesses.",https://www.census.gov/naics/ ; https://www.tax.ny.gov/pdf/publications/sales/pub750.pdf ; https://www.tax.ny.gov/forms/publications/st/pub718r.htm
4883,Support Activities for Water Transportation,business,"Taxable sales of business-serving vendors (wholesale, contractors, information, professional and administrative services, etc.) and purchases subject to use tax, sourced to the customer's location. Allocated by where private economic activity is: workplace employment excluding public administration, since government purchases are exempt under Tax Law s.1116(a)(1). Total employment and Economic Census payroll are sensitivities.",https://lehd.ces.census.gov/data/,business,"Freight, rail, air cargo, courier and warehousing customers are shippers, i.e. businesses.",https://www.census.gov/naics/ ; https://www.tax.ny.gov/pdf/publications/sales/pub750.pdf ; https://www.tax.ny.gov/forms/publications/st/pub718r.htm
4884,Support Activities for Road Transportation,business,"Taxable sales of business-serving vendors (wholesale, contractors, information, professional and administrative services, etc.) and purchases subject to use tax, sourced to the customer's location. Allocated by where private economic activity is: workplace employment excluding public administration, since government purchases are exempt under Tax Law s.1116(a)(1). Total employment and Economic Census payroll are sensitivities.",https://lehd.ces.census.gov/data/,household,"Limousine, sightseeing and towing services are taxable and mostly bought by individuals.",https://www.census.gov/naics/ ; https://www.tax.ny.gov/pdf/publications/sales/pub750.pdf ; https://www.tax.ny.gov/forms/publications/st/pub718r.htm
4885,Freight Transportation Arrangement,business,"Taxable sales of business-serving vendors (wholesale, contractors, information, professional and administrative services, etc.) and purchases subject to use tax, sourced to the customer's location. Allocated by where private economic activity is: workplace employment excluding public administration, since government purchases are exempt under Tax Law s.1116(a)(1). Total employment and Economic Census payroll are sensitivities.",https://lehd.ces.census.gov/data/,household,"Limousine, sightseeing and towing services are taxable and mostly bought by individuals.",https://www.census.gov/naics/ ; https://www.tax.ny.gov/pdf/publications/sales/pub750.pdf ; https://www.tax.ny.gov/forms/publications/st/pub718r.htm
4889,Other Support Activities for Transportation,business,"Taxable sales of business-serving vendors (wholesale, contractors, information, professional and administrative services, etc.) and purchases subject to use tax, sourced to the customer's location. Allocated by where private economic activity is: workplace employment excluding public administration, since government purchases are exempt under Tax Law s.1116(a)(1). Total employment and Economic Census payroll are sensitivities.",https://lehd.ces.census.gov/data/,business,"Freight, rail, air cargo, courier and warehousing customers are shippers, i.e. businesses.",https://www.census.gov/naics/ ; https://www.tax.ny.gov/pdf/publications/sales/pub750.pdf ; https://www.tax.ny.gov/forms/publications/st/pub718r.htm
4911,Postal Service,business,"Taxable sales of business-serving vendors (wholesale, contractors, information, professional and administrative services, etc.) and purchases subject to use tax, sourced to the customer's location. Allocated by where private economic activity is: workplace employment excluding public administration, since government purchases are exempt under Tax Law s.1116(a)(1). Total employment and Economic Census payroll are sensitivities.",https://lehd.ces.census.gov/data/,business,"Freight, rail, air cargo, courier and warehousing customers are shippers, i.e. businesses.",https://www.census.gov/naics/ ; https://www.tax.ny.gov/pdf/publications/sales/pub750.pdf ; https://www.tax.ny.gov/forms/publications/st/pub718r.htm
4921,Couriers and Express Delivery Services,business,"Taxable sales of business-serving vendors (wholesale, contractors, information, professional and administrative services, etc.) and purchases subject to use tax, sourced to the customer's location. Allocated by where private economic activity is: workplace employment excluding public administration, since government purchases are exempt under Tax Law s.1116(a)(1). Total employment and Economic Census payroll are sensitivities.",https://lehd.ces.census.gov/data/,business,"Freight, rail, air cargo, courier and warehousing customers are shippers, i.e. businesses.",https://www.census.gov/naics/ ; https://www.tax.ny.gov/pdf/publications/sales/pub750.pdf ; https://www.tax.ny.gov/forms/publications/st/pub718r.htm
4922,Local Messengers and Local Delivery,business,"Taxable sales of business-serving vendors (wholesale, contractors, information, professional and administrative services, etc.) and purchases subject to use tax, sourced to the customer's location. Allocated by where private economic activity is: workplace employment excluding public administration, since government purchases are exempt under Tax Law s.1116(a)(1). Total employment and Economic Census payroll are sensitivities.",https://lehd.ces.census.gov/data/,business,"Freight, rail, air cargo, courier and warehousing customers are shippers, i.e. businesses.",https://www.census.gov/naics/ ; https://www.tax.ny.gov/pdf/publications/sales/pub750.pdf ; https://www.tax.ny.gov/forms/publications/st/pub718r.htm
4931,Warehousing and Storage,business,"Taxable sales of business-serving vendors (wholesale, contractors, information, professional and administrative services, etc.) and purchases subject to use tax, sourced to the customer's location. Allocated by where private economic activity is: workplace employment excluding public administration, since government purchases are exempt under Tax Law s.1116(a)(1). Total employment and Economic Census payroll are sensitivities.",https://lehd.ces.census.gov/data/,business,"Freight, rail, air cargo, courier and warehousing customers are shippers, i.e. businesses.",https://www.census.gov/naics/ ; https://www.tax.ny.gov/pdf/publications/sales/pub750.pdf ; https://www.tax.ny.gov/forms/publications/st/pub718r.htm
5121,Motion Picture and Video Industries,business,"Taxable sales of business-serving vendors (wholesale, contractors, information, professional and administrative services, etc.) and purchases subject to use tax, sourced to the customer's location. Allocated by where private economic activity is: workplace employment excluding public administration, since government purchases are exempt under Tax Law s.1116(a)(1). Total employment and Economic Census payroll are sensitivities.",https://lehd.ces.census.gov/data/,household,"Theatre admissions, subscription programming and streaming are household purchases.",https://www.census.gov/naics/ ; https://www.tax.ny.gov/pdf/publications/sales/pub750.pdf ; https://www.tax.ny.gov/forms/publications/st/pub718r.htm
5122,Sound Recording Industries,business,"Taxable sales of business-serving vendors (wholesale, contractors, information, professional and administrative services, etc.) and purchases subject to use tax, sourced to the customer's location. Allocated by where private economic activity is: workplace employment excluding public administration, since government purchases are exempt under Tax Law s.1116(a)(1). Total employment and Economic Census payroll are sensitivities.",https://lehd.ces.census.gov/data/,mixed,"Prewritten software, books, directories and portal services are sold to businesses and to households.",https://www.census.gov/naics/ ; https://www.tax.ny.gov/pdf/publications/sales/pub750.pdf ; https://www.tax.ny.gov/forms/publications/st/pub718r.htm
5131,"Newspaper, Periodical, Book, and Directory Publishers",business,"Taxable sales of business-serving vendors (wholesale, contractors, information, professional and administrative services, etc.) and purchases subject to use tax, sourced to the customer's location. Allocated by where private economic activity is: workplace employment excluding public administration, since government purchases are exempt under Tax Law s.1116(a)(1). Total employment and Economic Census payroll are sensitivities.",https://lehd.ces.census.gov/data/,mixed,"Prewritten software, books, directories and portal services are sold to businesses and to households.",https://www.census.gov/naics/ ; https://www.tax.ny.gov/pdf/publications/sales/pub750.pdf ; https://www.tax.ny.gov/forms/publications/st/pub718r.htm
5132,Software Publishers,business,"Taxable sales of business-serving vendors (wholesale, contractors, information, professional and administrative services, etc.) and purchases subject to use tax, sourced to the customer's location. Allocated by where private economic activity is: workplace employment excluding public administration, since government purchases are exempt under Tax Law s.1116(a)(1). Total employment and Economic Census payroll are sensitivities.",https://lehd.ces.census.gov/data/,mixed,"Prewritten software, books, directories and portal services are sold to businesses and to households.",https://www.census.gov/naics/ ; https://www.tax.ny.gov/pdf/publications/sales/pub750.pdf ; https://www.tax.ny.gov/forms/publications/st/pub718r.htm
5161,Radio and Television Broadcasting Stations,business,"Taxable sales of business-serving vendors (wholesale, contractors, information, professional and administrative services, etc.) and purchases subject to use tax, sourced to the customer's location. Allocated by where private economic activity is: workplace employment excluding public administration, since government purchases are exempt under Tax Law s.1116(a)(1). Total employment and Economic Census payroll are sensitivities.",https://lehd.ces.census.gov/data/,household,"Theatre admissions, subscription programming and streaming are household purchases.",https://www.census.gov/naics/ ; https://www.tax.ny.gov/pdf/publications/sales/pub750.pdf ; https://www.tax.ny.gov/forms/publications/st/pub718r.htm
5162,"Media Streaming Distribution Services, Social Networks, and Other Media Networks and Content Providers",business,"Taxable sales of business-serving vendors (wholesale, contractors, information, professional and administrative services, etc.) and purchases subject to use tax, sourced to the customer's location. Allocated by where private economic activity is: workplace employment excluding public administration, since government purchases are exempt under Tax Law s.1116(a)(1). Total employment and Economic Census payroll are sensitivities.",https://lehd.ces.census.gov/data/,household,"Theatre admissions, subscription programming and streaming are household purchases.",https://www.census.gov/naics/ ; https://www.tax.ny.gov/pdf/publications/sales/pub750.pdf ; https://www.tax.ny.gov/forms/publications/st/pub718r.htm
5171,Wired and Wireless Telecommunications (except Satellite),utilities,"NAICS 22 and 517. The Albany City School District's 3% tax covers both utilities and telecommunications (TSB-M-90(6)S), giving a directly measured city base; allocated by the business allocator (private workplace employment) in the generic apportionment so the same method runs for every calibration city, with the measured value as a check.",https://tax.ny.gov/pdf/memos/sales/m90_6s.pdf,NA,NA,NA
5174,Satellite Telecommunications,utilities,"NAICS 22 and 517. The Albany City School District's 3% tax covers both utilities and telecommunications (TSB-M-90(6)S), giving a directly measured city base; allocated by the business allocator (private workplace employment) in the generic apportionment so the same method runs for every calibration city, with the measured value as a check.",https://tax.ny.gov/pdf/memos/sales/m90_6s.pdf,NA,NA,NA
5178,All Other Telecommunications,utilities,"NAICS 22 and 517. The Albany City School District's 3% tax covers both utilities and telecommunications (TSB-M-90(6)S), giving a directly measured city base; allocated by the business allocator (private workplace employment) in the generic apportionment so the same method runs for every calibration city, with the measured value as a check.",https://tax.ny.gov/pdf/memos/sales/m90_6s.pdf,NA,NA,NA
5182,"Computing Infrastructure Providers, Data Processing, Web Hosting, and Related Services",business,"Taxable sales of business-serving vendors (wholesale, contractors, information, professional and administrative services, etc.) and purchases subject to use tax, sourced to the customer's location. Allocated by where private economic activity is: workplace employment excluding public administration, since government purchases are exempt under Tax Law s.1116(a)(1). Total employment and Economic Census payroll are sensitivities.",https://lehd.ces.census.gov/data/,business,"Custom programming, systems integration, hosting and data processing are sold almost entirely to organizations.",https://www.census.gov/naics/ ; https://www.tax.ny.gov/pdf/publications/sales/pub750.pdf ; https://www.tax.ny.gov/forms/publications/st/pub718r.htm
5192,"Web Search Portals, Libraries, Archives, and Other Information Services",business,"Taxable sales of business-serving vendors (wholesale, contractors, information, professional and administrative services, etc.) and purchases subject to use tax, sourced to the customer's location. Allocated by where private economic activity is: workplace employment excluding public administration, since government purchases are exempt under Tax Law s.1116(a)(1). Total employment and Economic Census payroll are sensitivities.",https://lehd.ces.census.gov/data/,mixed,"Prewritten software, books, directories and portal services are sold to businesses and to households.",https://www.census.gov/naics/ ; https://www.tax.ny.gov/pdf/publications/sales/pub750.pdf ; https://www.tax.ny.gov/forms/publications/st/pub718r.htm
5211,Monetary Authorities-Central Bank,business,"Taxable sales of business-serving vendors (wholesale, contractors, information, professional and administrative services, etc.) and purchases subject to use tax, sourced to the customer's location. Allocated by where private economic activity is: workplace employment excluding public administration, since government purchases are exempt under Tax Law s.1116(a)(1). Total employment and Economic Census payroll are sensitivities.",https://lehd.ces.census.gov/data/,mixed,"Banks and finance companies have little taxable activity; what there is (equipment leases, safe deposit boxes, repossessed vehicles) is mixed.",https://www.census.gov/naics/ ; https://www.tax.ny.gov/pdf/publications/sales/pub750.pdf ; https://www.tax.ny.gov/forms/publications/st/pub718r.htm
5221,Depository Credit Intermediation,business,"Taxable sales of business-serving vendors (wholesale, contractors, information, professional and administrative services, etc.) and purchases subject to use tax, sourced to the customer's location. Allocated by where private economic activity is: workplace employment excluding public administration, since government purchases are exempt under Tax Law s.1116(a)(1). Total employment and Economic Census payroll are sensitivities.",https://lehd.ces.census.gov/data/,mixed,"Banks and finance companies have little taxable activity; what there is (equipment leases, safe deposit boxes, repossessed vehicles) is mixed.",https://www.census.gov/naics/ ; https://www.tax.ny.gov/pdf/publications/sales/pub750.pdf ; https://www.tax.ny.gov/forms/publications/st/pub718r.htm
5222,Nondepository Credit Intermediation,business,"Taxable sales of business-serving vendors (wholesale, contractors, information, professional and administrative services, etc.) and purchases subject to use tax, sourced to the customer's location. Allocated by where private economic activity is: workplace employment excluding public administration, since government purchases are exempt under Tax Law s.1116(a)(1). Total employment and Economic Census payroll are sensitivities.",https://lehd.ces.census.gov/data/,mixed,"Banks and finance companies have little taxable activity; what there is (equipment leases, safe deposit boxes, repossessed vehicles) is mixed.",https://www.census.gov/naics/ ; https://www.tax.ny.gov/pdf/publications/sales/pub750.pdf ; https://www.tax.ny.gov/forms/publications/st/pub718r.htm
5223,Activities Related to Credit Intermediation,business,"Taxable sales of business-serving vendors (wholesale, contractors, information, professional and administrative services, etc.) and purchases subject to use tax, sourced to the customer's location. Allocated by where private economic activity is: workplace employment excluding public administration, since government purchases are exempt under Tax Law s.1116(a)(1). Total employment and Economic Census payroll are sensitivities.",https://lehd.ces.census.gov/data/,mixed,"Banks and finance companies have little taxable activity; what there is (equipment leases, safe deposit boxes, repossessed vehicles) is mixed.",https://www.census.gov/naics/ ; https://www.tax.ny.gov/pdf/publications/sales/pub750.pdf ; https://www.tax.ny.gov/forms/publications/st/pub718r.htm
5231,Securities and Commodity Contracts Intermediation and Brokerage,business,"Taxable sales of business-serving vendors (wholesale, contractors, information, professional and administrative services, etc.) and purchases subject to use tax, sourced to the customer's location. Allocated by where private economic activity is: workplace employment excluding public administration, since government purchases are exempt under Tax Law s.1116(a)(1). Total employment and Economic Census payroll are sensitivities.",https://lehd.ces.census.gov/data/,mixed,"Banks and finance companies have little taxable activity; what there is (equipment leases, safe deposit boxes, repossessed vehicles) is mixed.",https://www.census.gov/naics/ ; https://www.tax.ny.gov/pdf/publications/sales/pub750.pdf ; https://www.tax.ny.gov/forms/publications/st/pub718r.htm
5232,Securities and Commodity Exchanges,business,"Taxable sales of business-serving vendors (wholesale, contractors, information, professional and administrative services, etc.) and purchases subject to use tax, sourced to the customer's location. Allocated by where private economic activity is: workplace employment excluding public administration, since government purchases are exempt under Tax Law s.1116(a)(1). Total employment and Economic Census payroll are sensitivities.",https://lehd.ces.census.gov/data/,mixed,"Banks and finance companies have little taxable activity; what there is (equipment leases, safe deposit boxes, repossessed vehicles) is mixed.",https://www.census.gov/naics/ ; https://www.tax.ny.gov/pdf/publications/sales/pub750.pdf ; https://www.tax.ny.gov/forms/publications/st/pub718r.htm
5239,Other Financial Investment Activities,business,"Taxable sales of business-serving vendors (wholesale, contractors, information, professional and administrative services, etc.) and purchases subject to use tax, sourced to the customer's location. Allocated by where private economic activity is: workplace employment excluding public administration, since government purchases are exempt under Tax Law s.1116(a)(1). Total employment and Economic Census payroll are sensitivities.",https://lehd.ces.census.gov/data/,mixed,"Banks and finance companies have little taxable activity; what there is (equipment leases, safe deposit boxes, repossessed vehicles) is mixed.",https://www.census.gov/naics/ ; https://www.tax.ny.gov/pdf/publications/sales/pub750.pdf ; https://www.tax.ny.gov/forms/publications/st/pub718r.htm
5241,Insurance Carriers,business,"Taxable sales of business-serving vendors (wholesale, contractors, information, professional and administrative services, etc.) and purchases subject to use tax, sourced to the customer's location. Allocated by where private economic activity is: workplace employment excluding public administration, since government purchases are exempt under Tax Law s.1116(a)(1). Total employment and Economic Census payroll are sensitivities.",https://lehd.ces.census.gov/data/,mixed,"Banks and finance companies have little taxable activity; what there is (equipment leases, safe deposit boxes, repossessed vehicles) is mixed.",https://www.census.gov/naics/ ; https://www.tax.ny.gov/pdf/publications/sales/pub750.pdf ; https://www.tax.ny.gov/forms/publications/st/pub718r.htm
5242,"Agencies, Brokerages, and Other Insurance Related Activities",business,"Taxable sales of business-serving vendors (wholesale, contractors, information, professional and administrative services, etc.) and purchases subject to use tax, sourced to the customer's location. Allocated by where private economic activity is: workplace employment excluding public administration, since government purchases are exempt under Tax Law s.1116(a)(1). Total employment and Economic Census payroll are sensitivities.",https://lehd.ces.census.gov/data/,mixed,"Banks and finance companies have little taxable activity; what there is (equipment leases, safe deposit boxes, repossessed vehicles) is mixed.",https://www.census.gov/naics/ ; https://www.tax.ny.gov/pdf/publications/sales/pub750.pdf ; https://www.tax.ny.gov/forms/publications/st/pub718r.htm
5251,Insurance and Employee Benefit Funds,business,"Taxable sales of business-serving vendors (wholesale, contractors, information, professional and administrative services, etc.) and purchases subject to use tax, sourced to the customer's location. Allocated by where private economic activity is: workplace employment excluding public administration, since government purchases are exempt under Tax Law s.1116(a)(1). Total employment and Economic Census payroll are sensitivities.",https://lehd.ces.census.gov/data/,mixed,"Banks and finance companies have little taxable activity; what there is (equipment leases, safe deposit boxes, repossessed vehicles) is mixed.",https://www.census.gov/naics/ ; https://www.tax.ny.gov/pdf/publications/sales/pub750.pdf ; https://www.tax.ny.gov/forms/publications/st/pub718r.htm
5259,Other Investment Pools and Funds,business,"Taxable sales of business-serving vendors (wholesale, contractors, information, professional and administrative services, etc.) and purchases subject to use tax, sourced to the customer's location. Allocated by where private economic activity is: workplace employment excluding public administration, since government purchases are exempt under Tax Law s.1116(a)(1). Total employment and Economic Census payroll are sensitivities.",https://lehd.ces.census.gov/data/,mixed,"Banks and finance companies have little taxable activity; what there is (equipment leases, safe deposit boxes, repossessed vehicles) is mixed.",https://www.census.gov/naics/ ; https://www.tax.ny.gov/pdf/publications/sales/pub750.pdf ; https://www.tax.ny.gov/forms/publications/st/pub718r.htm
5311,Lessors of Real Estate,business,"Taxable sales of business-serving vendors (wholesale, contractors, information, professional and administrative services, etc.) and purchases subject to use tax, sourced to the customer's location. Allocated by where private economic activity is: workplace employment excluding public administration, since government purchases are exempt under Tax Law s.1116(a)(1). Total employment and Economic Census payroll are sensitivities.",https://lehd.ces.census.gov/data/,mixed,"Lessors' taxable receipts are largely self-storage and parking, used by households and businesses.",https://www.census.gov/naics/ ; https://www.tax.ny.gov/pdf/publications/sales/pub750.pdf ; https://www.tax.ny.gov/forms/publications/st/pub718r.htm
5312,Offices of Real Estate Agents and Brokers,business,"Taxable sales of business-serving vendors (wholesale, contractors, information, professional and administrative services, etc.) and purchases subject to use tax, sourced to the customer's location. Allocated by where private economic activity is: workplace employment excluding public administration, since government purchases are exempt under Tax Law s.1116(a)(1). Total employment and Economic Census payroll are sensitivities.",https://lehd.ces.census.gov/data/,business,Property managers and agents buy and sell services on behalf of owners; commercial.,https://www.census.gov/naics/ ; https://www.tax.ny.gov/pdf/publications/sales/pub750.pdf ; https://www.tax.ny.gov/forms/publications/st/pub718r.htm
5313,Activities Related to Real Estate,business,"Taxable sales of business-serving vendors (wholesale, contractors, information, professional and administrative services, etc.) and purchases subject to use tax, sourced to the customer's location. Allocated by where private economic activity is: workplace employment excluding public administration, since government purchases are exempt under Tax Law s.1116(a)(1). Total employment and Economic Census payroll are sensitivities.",https://lehd.ces.census.gov/data/,business,Property managers and agents buy and sell services on behalf of owners; commercial.,https://www.census.gov/naics/ ; https://www.tax.ny.gov/pdf/publications/sales/pub750.pdf ; https://www.tax.ny.gov/forms/publications/st/pub718r.htm
5321,Automotive Equipment Rental and Leasing,store,"Over-the-counter sales sourced where the sale occurs, so establishment receipts are the natural allocator and origin is approximately destination.",https://api.census.gov/data/2022/ecnbasic.html,NA,NA,NA
5322,Consumer Goods Rental,store,"Over-the-counter sales sourced where the sale occurs, so establishment receipts are the natural allocator and origin is approximately destination.",https://api.census.gov/data/2022/ecnbasic.html,NA,NA,NA
5323,General Rental Centers,store,"Over-the-counter sales sourced where the sale occurs, so establishment receipts are the natural allocator and origin is approximately destination.",https://api.census.gov/data/2022/ecnbasic.html,NA,NA,NA
5324,Commercial and Industrial Machinery and Equipment Rental and Leasing,store,"Over-the-counter sales sourced where the sale occurs, so establishment receipts are the natural allocator and origin is approximately destination.",https://api.census.gov/data/2022/ecnbasic.html,NA,NA,NA
5331,Lessors of Nonfinancial Intangible Assets (except Copyrighted Works),business,"Taxable sales of business-serving vendors (wholesale, contractors, information, professional and administrative services, etc.) and purchases subject to use tax, sourced to the customer's location. Allocated by where private economic activity is: workplace employment excluding public administration, since government purchases are exempt under Tax Law s.1116(a)(1). Total employment and Economic Census payroll are sensitivities.",https://lehd.ces.census.gov/data/,business,Property managers and agents buy and sell services on behalf of owners; commercial.,https://www.census.gov/naics/ ; https://www.tax.ny.gov/pdf/publications/sales/pub750.pdf ; https://www.tax.ny.gov/forms/publications/st/pub718r.htm
5411,Legal Services,business,"Taxable sales of business-serving vendors (wholesale, contractors, information, professional and administrative services, etc.) and purchases subject to use tax, sourced to the customer's location. Allocated by where private economic activity is: workplace employment excluding public administration, since government purchases are exempt under Tax Law s.1116(a)(1). Total employment and Economic Census payroll are sensitivities.",https://lehd.ces.census.gov/data/,business,"Legal, accounting, engineering, consulting and advertising firms' taxable sales (signs, promotional goods, taxable information services) go to businesses.",https://www.census.gov/naics/ ; https://www.tax.ny.gov/pdf/publications/sales/pub750.pdf ; https://www.tax.ny.gov/forms/publications/st/pub718r.htm
5412,"Accounting, Tax Preparation, Bookkeeping, and Payroll Services",business,"Taxable sales of business-serving vendors (wholesale, contractors, information, professional and administrative services, etc.) and purchases subject to use tax, sourced to the customer's location. Allocated by where private economic activity is: workplace employment excluding public administration, since government purchases are exempt under Tax Law s.1116(a)(1). Total employment and Economic Census payroll are sensitivities.",https://lehd.ces.census.gov/data/,business,"Legal, accounting, engineering, consulting and advertising firms' taxable sales (signs, promotional goods, taxable information services) go to businesses.",https://www.census.gov/naics/ ; https://www.tax.ny.gov/pdf/publications/sales/pub750.pdf ; https://www.tax.ny.gov/forms/publications/st/pub718r.htm
5413,"Architectural, Engineering, and Related Services",business,"Taxable sales of business-serving vendors (wholesale, contractors, information, professional and administrative services, etc.) and purchases subject to use tax, sourced to the customer's location. Allocated by where private economic activity is: workplace employment excluding public administration, since government purchases are exempt under Tax Law s.1116(a)(1). Total employment and Economic Census payroll are sensitivities.",https://lehd.ces.census.gov/data/,business,"Legal, accounting, engineering, consulting and advertising firms' taxable sales (signs, promotional goods, taxable information services) go to businesses.",https://www.census.gov/naics/ ; https://www.tax.ny.gov/pdf/publications/sales/pub750.pdf ; https://www.tax.ny.gov/forms/publications/st/pub718r.htm
5414,Specialized Design Services,business,"Taxable sales of business-serving vendors (wholesale, contractors, information, professional and administrative services, etc.) and purchases subject to use tax, sourced to the customer's location. Allocated by where private economic activity is: workplace employment excluding public administration, since government purchases are exempt under Tax Law s.1116(a)(1). Total employment and Economic Census payroll are sensitivities.",https://lehd.ces.census.gov/data/,mixed,"Interior design, photography, veterinary boarding and grooming serve households; the rest of the family serves businesses.",https://www.census.gov/naics/ ; https://www.tax.ny.gov/pdf/publications/sales/pub750.pdf ; https://www.tax.ny.gov/forms/publications/st/pub718r.htm
5415,Computer Systems Design and Related Services,business,"Taxable sales of business-serving vendors (wholesale, contractors, information, professional and administrative services, etc.) and purchases subject to use tax, sourced to the customer's location. Allocated by where private economic activity is: workplace employment excluding public administration, since government purchases are exempt under Tax Law s.1116(a)(1). Total employment and Economic Census payroll are sensitivities.",https://lehd.ces.census.gov/data/,business,"Custom programming, systems integration, hosting and data processing are sold almost entirely to organizations.",https://www.census.gov/naics/ ; https://www.tax.ny.gov/pdf/publications/sales/pub750.pdf ; https://www.tax.ny.gov/forms/publications/st/pub718r.htm
5416,"Management, Scientific, and Technical Consulting Services",business,"Taxable sales of business-serving vendors (wholesale, contractors, information, professional and administrative services, etc.) and purchases subject to use tax, sourced to the customer's location. Allocated by where private economic activity is: workplace employment excluding public administration, since government purchases are exempt under Tax Law s.1116(a)(1). Total employment and Economic Census payroll are sensitivities.",https://lehd.ces.census.gov/data/,business,"Legal, accounting, engineering, consulting and advertising firms' taxable sales (signs, promotional goods, taxable information services) go to businesses.",https://www.census.gov/naics/ ; https://www.tax.ny.gov/pdf/publications/sales/pub750.pdf ; https://www.tax.ny.gov/forms/publications/st/pub718r.htm
5417,Scientific Research and Development Services,business,"Taxable sales of business-serving vendors (wholesale, contractors, information, professional and administrative services, etc.) and purchases subject to use tax, sourced to the customer's location. Allocated by where private economic activity is: workplace employment excluding public administration, since government purchases are exempt under Tax Law s.1116(a)(1). Total employment and Economic Census payroll are sensitivities.",https://lehd.ces.census.gov/data/,business,"Legal, accounting, engineering, consulting and advertising firms' taxable sales (signs, promotional goods, taxable information services) go to businesses.",https://www.census.gov/naics/ ; https://www.tax.ny.gov/pdf/publications/sales/pub750.pdf ; https://www.tax.ny.gov/forms/publications/st/pub718r.htm
5418,"Advertising, Public Relations, and Related Services",business,"Taxable sales of business-serving vendors (wholesale, contractors, information, professional and administrative services, etc.) and purchases subject to use tax, sourced to the customer's location. Allocated by where private economic activity is: workplace employment excluding public administration, since government purchases are exempt under Tax Law s.1116(a)(1). Total employment and Economic Census payroll are sensitivities.",https://lehd.ces.census.gov/data/,business,"Legal, accounting, engineering, consulting and advertising firms' taxable sales (signs, promotional goods, taxable information services) go to businesses.",https://www.census.gov/naics/ ; https://www.tax.ny.gov/pdf/publications/sales/pub750.pdf ; https://www.tax.ny.gov/forms/publications/st/pub718r.htm
5419,"Other Professional, Scientific, and Technical Services",business,"Taxable sales of business-serving vendors (wholesale, contractors, information, professional and administrative services, etc.) and purchases subject to use tax, sourced to the customer's location. Allocated by where private economic activity is: workplace employment excluding public administration, since government purchases are exempt under Tax Law s.1116(a)(1). Total employment and Economic Census payroll are sensitivities.",https://lehd.ces.census.gov/data/,mixed,"Interior design, photography, veterinary boarding and grooming serve households; the rest of the family serves businesses.",https://www.census.gov/naics/ ; https://www.tax.ny.gov/pdf/publications/sales/pub750.pdf ; https://www.tax.ny.gov/forms/publications/st/pub718r.htm
5511,Management of Companies and Enterprises,business,"Taxable sales of business-serving vendors (wholesale, contractors, information, professional and administrative services, etc.) and purchases subject to use tax, sourced to the customer's location. Allocated by where private economic activity is: workplace employment excluding public administration, since government purchases are exempt under Tax Law s.1116(a)(1). Total employment and Economic Census payroll are sensitivities.",https://lehd.ces.census.gov/data/,business,Corporate headquarters transact with their own affiliates.,https://www.census.gov/naics/ ; https://www.tax.ny.gov/pdf/publications/sales/pub750.pdf ; https://www.tax.ny.gov/forms/publications/st/pub718r.htm
5611,Office Administrative Services,business,"Taxable sales of business-serving vendors (wholesale, contractors, information, professional and administrative services, etc.) and purchases subject to use tax, sourced to the customer's location. Allocated by where private economic activity is: workplace employment excluding public administration, since government purchases are exempt under Tax Law s.1116(a)(1). Total employment and Economic Census payroll are sensitivities.",https://lehd.ces.census.gov/data/,business,"Staffing, facilities support, document and call-centre services are sold to organizations.",https://www.census.gov/naics/ ; https://www.tax.ny.gov/pdf/publications/sales/pub750.pdf ; https://www.tax.ny.gov/forms/publications/st/pub718r.htm
5612,Facilities Support Services,business,"Taxable sales of business-serving vendors (wholesale, contractors, information, professional and administrative services, etc.) and purchases subject to use tax, sourced to the customer's location. Allocated by where private economic activity is: workplace employment excluding public administration, since government purchases are exempt under Tax Law s.1116(a)(1). Total employment and Economic Census payroll are sensitivities.",https://lehd.ces.census.gov/data/,business,"Staffing, facilities support, document and call-centre services are sold to organizations.",https://www.census.gov/naics/ ; https://www.tax.ny.gov/pdf/publications/sales/pub750.pdf ; https://www.tax.ny.gov/forms/publications/st/pub718r.htm
5613,Employment Services,business,"Taxable sales of business-serving vendors (wholesale, contractors, information, professional and administrative services, etc.) and purchases subject to use tax, sourced to the customer's location. Allocated by where private economic activity is: workplace employment excluding public administration, since government purchases are exempt under Tax Law s.1116(a)(1). Total employment and Economic Census payroll are sensitivities.",https://lehd.ces.census.gov/data/,business,"Staffing, facilities support, document and call-centre services are sold to organizations.",https://www.census.gov/naics/ ; https://www.tax.ny.gov/pdf/publications/sales/pub750.pdf ; https://www.tax.ny.gov/forms/publications/st/pub718r.htm
5614,Business Support Services,business,"Taxable sales of business-serving vendors (wholesale, contractors, information, professional and administrative services, etc.) and purchases subject to use tax, sourced to the customer's location. Allocated by where private economic activity is: workplace employment excluding public administration, since government purchases are exempt under Tax Law s.1116(a)(1). Total employment and Economic Census payroll are sensitivities.",https://lehd.ces.census.gov/data/,business,"Staffing, facilities support, document and call-centre services are sold to organizations.",https://www.census.gov/naics/ ; https://www.tax.ny.gov/pdf/publications/sales/pub750.pdf ; https://www.tax.ny.gov/forms/publications/st/pub718r.htm
5615,Travel Arrangement and Reservation Services,business,"Taxable sales of business-serving vendors (wholesale, contractors, information, professional and administrative services, etc.) and purchases subject to use tax, sourced to the customer's location. Allocated by where private economic activity is: workplace employment excluding public administration, since government purchases are exempt under Tax Law s.1116(a)(1). Total employment and Economic Census payroll are sensitivities.",https://lehd.ces.census.gov/data/,household,Travel agents and room remarketers sell to travellers.,https://www.census.gov/naics/ ; https://www.tax.ny.gov/pdf/publications/sales/pub750.pdf ; https://www.tax.ny.gov/forms/publications/st/pub718r.htm
5616,Investigation and Security Services,business,"Taxable sales of business-serving vendors (wholesale, contractors, information, professional and administrative services, etc.) and purchases subject to use tax, sourced to the customer's location. Allocated by where private economic activity is: workplace employment excluding public administration, since government purchases are exempt under Tax Law s.1116(a)(1). Total employment and Economic Census payroll are sensitivities.",https://lehd.ces.census.gov/data/,mixed,"Cleaning, landscaping, pest control, alarm monitoring and trash collection are bought by homeowners and by commercial buildings.",https://www.census.gov/naics/ ; https://www.tax.ny.gov/pdf/publications/sales/pub750.pdf ; https://www.tax.ny.gov/forms/publications/st/pub718r.htm
5617,Services to Buildings and Dwellings,business,"Taxable sales of business-serving vendors (wholesale, contractors, information, professional and administrative services, etc.) and purchases subject to use tax, sourced to the customer's location. Allocated by where private economic activity is: workplace employment excluding public administration, since government purchases are exempt under Tax Law s.1116(a)(1). Total employment and Economic Census payroll are sensitivities.",https://lehd.ces.census.gov/data/,mixed,"Cleaning, landscaping, pest control, alarm monitoring and trash collection are bought by homeowners and by commercial buildings.",https://www.census.gov/naics/ ; https://www.tax.ny.gov/pdf/publications/sales/pub750.pdf ; https://www.tax.ny.gov/forms/publications/st/pub718r.htm
5619,Other Support Services,business,"Taxable sales of business-serving vendors (wholesale, contractors, information, professional and administrative services, etc.) and purchases subject to use tax, sourced to the customer's location. Allocated by where private economic activity is: workplace employment excluding public administration, since government purchases are exempt under Tax Law s.1116(a)(1). Total employment and Economic Census payroll are sensitivities.",https://lehd.ces.census.gov/data/,business,"Staffing, facilities support, document and call-centre services are sold to organizations.",https://www.census.gov/naics/ ; https://www.tax.ny.gov/pdf/publications/sales/pub750.pdf ; https://www.tax.ny.gov/forms/publications/st/pub718r.htm
5621,Waste Collection,business,"Taxable sales of business-serving vendors (wholesale, contractors, information, professional and administrative services, etc.) and purchases subject to use tax, sourced to the customer's location. Allocated by where private economic activity is: workplace employment excluding public administration, since government purchases are exempt under Tax Law s.1116(a)(1). Total employment and Economic Census payroll are sensitivities.",https://lehd.ces.census.gov/data/,mixed,"Cleaning, landscaping, pest control, alarm monitoring and trash collection are bought by homeowners and by commercial buildings.",https://www.census.gov/naics/ ; https://www.tax.ny.gov/pdf/publications/sales/pub750.pdf ; https://www.tax.ny.gov/forms/publications/st/pub718r.htm
5622,Waste Treatment and Disposal,business,"Taxable sales of business-serving vendors (wholesale, contractors, information, professional and administrative services, etc.) and purchases subject to use tax, sourced to the customer's location. Allocated by where private economic activity is: workplace employment excluding public administration, since government purchases are exempt under Tax Law s.1116(a)(1). Total employment and Economic Census payroll are sensitivities.",https://lehd.ces.census.gov/data/,mixed,"Cleaning, landscaping, pest control, alarm monitoring and trash collection are bought by homeowners and by commercial buildings.",https://www.census.gov/naics/ ; https://www.tax.ny.gov/pdf/publications/sales/pub750.pdf ; https://www.tax.ny.gov/forms/publications/st/pub718r.htm
5629,Remediation and Other Waste Management Services,business,"Taxable sales of business-serving vendors (wholesale, contractors, information, professional and administrative services, etc.) and purchases subject to use tax, sourced to the customer's location. Allocated by where private economic activity is: workplace employment excluding public administration, since government purchases are exempt under Tax Law s.1116(a)(1). Total employment and Economic Census payroll are sensitivities.",https://lehd.ces.census.gov/data/,mixed,"Cleaning, landscaping, pest control, alarm monitoring and trash collection are bought by homeowners and by commercial buildings.",https://www.census.gov/naics/ ; https://www.tax.ny.gov/pdf/publications/sales/pub750.pdf ; https://www.tax.ny.gov/forms/publications/st/pub718r.htm
6111,Elementary and Secondary Schools,business,"Taxable sales of business-serving vendors (wholesale, contractors, information, professional and administrative services, etc.) and purchases subject to use tax, sourced to the customer's location. Allocated by where private economic activity is: workplace employment excluding public administration, since government purchases are exempt under Tax Law s.1116(a)(1). Total employment and Economic Census payroll are sensitivities.",https://lehd.ces.census.gov/data/,household,"Tuition and medical care are exempt; the taxable remainder (bookstores, cafeterias, optical goods, gift shops) is bought by students, patients and visitors.",https://www.census.gov/naics/ ; https://www.tax.ny.gov/pdf/publications/sales/pub750.pdf ; https://www.tax.ny.gov/forms/publications/st/pub718r.htm
6112,Junior Colleges,business,"Taxable sales of business-serving vendors (wholesale, contractors, information, professional and administrative services, etc.) and purchases subject to use tax, sourced to the customer's location. Allocated by where private economic activity is: workplace employment excluding public administration, since government purchases are exempt under Tax Law s.1116(a)(1). Total employment and Economic Census payroll are sensitivities.",https://lehd.ces.census.gov/data/,household,"Tuition and medical care are exempt; the taxable remainder (bookstores, cafeterias, optical goods, gift shops) is bought by students, patients and visitors.",https://www.census.gov/naics/ ; https://www.tax.ny.gov/pdf/publications/sales/pub750.pdf ; https://www.tax.ny.gov/forms/publications/st/pub718r.htm
6113,"Colleges, Universities, and Professional Schools",business,"Taxable sales of business-serving vendors (wholesale, contractors, information, professional and administrative services, etc.) and purchases subject to use tax, sourced to the customer's location. Allocated by where private economic activity is: workplace employment excluding public administration, since government purchases are exempt under Tax Law s.1116(a)(1). Total employment and Economic Census payroll are sensitivities.",https://lehd.ces.census.gov/data/,household,"Tuition and medical care are exempt; the taxable remainder (bookstores, cafeterias, optical goods, gift shops) is bought by students, patients and visitors.",https://www.census.gov/naics/ ; https://www.tax.ny.gov/pdf/publications/sales/pub750.pdf ; https://www.tax.ny.gov/forms/publications/st/pub718r.htm
6114,Business Schools and Computer and Management Training,business,"Taxable sales of business-serving vendors (wholesale, contractors, information, professional and administrative services, etc.) and purchases subject to use tax, sourced to the customer's location. Allocated by where private economic activity is: workplace employment excluding public administration, since government purchases are exempt under Tax Law s.1116(a)(1). Total employment and Economic Census payroll are sensitivities.",https://lehd.ces.census.gov/data/,household,"Tuition and medical care are exempt; the taxable remainder (bookstores, cafeterias, optical goods, gift shops) is bought by students, patients and visitors.",https://www.census.gov/naics/ ; https://www.tax.ny.gov/pdf/publications/sales/pub750.pdf ; https://www.tax.ny.gov/forms/publications/st/pub718r.htm
6115,Technical and Trade Schools,business,"Taxable sales of business-serving vendors (wholesale, contractors, information, professional and administrative services, etc.) and purchases subject to use tax, sourced to the customer's location. Allocated by where private economic activity is: workplace employment excluding public administration, since government purchases are exempt under Tax Law s.1116(a)(1). Total employment and Economic Census payroll are sensitivities.",https://lehd.ces.census.gov/data/,household,"Tuition and medical care are exempt; the taxable remainder (bookstores, cafeterias, optical goods, gift shops) is bought by students, patients and visitors.",https://www.census.gov/naics/ ; https://www.tax.ny.gov/pdf/publications/sales/pub750.pdf ; https://www.tax.ny.gov/forms/publications/st/pub718r.htm
6116,Other Schools and Instruction,business,"Taxable sales of business-serving vendors (wholesale, contractors, information, professional and administrative services, etc.) and purchases subject to use tax, sourced to the customer's location. Allocated by where private economic activity is: workplace employment excluding public administration, since government purchases are exempt under Tax Law s.1116(a)(1). Total employment and Economic Census payroll are sensitivities.",https://lehd.ces.census.gov/data/,household,"Tuition and medical care are exempt; the taxable remainder (bookstores, cafeterias, optical goods, gift shops) is bought by students, patients and visitors.",https://www.census.gov/naics/ ; https://www.tax.ny.gov/pdf/publications/sales/pub750.pdf ; https://www.tax.ny.gov/forms/publications/st/pub718r.htm
6117,Educational Support Services,business,"Taxable sales of business-serving vendors (wholesale, contractors, information, professional and administrative services, etc.) and purchases subject to use tax, sourced to the customer's location. Allocated by where private economic activity is: workplace employment excluding public administration, since government purchases are exempt under Tax Law s.1116(a)(1). Total employment and Economic Census payroll are sensitivities.",https://lehd.ces.census.gov/data/,household,"Tuition and medical care are exempt; the taxable remainder (bookstores, cafeterias, optical goods, gift shops) is bought by students, patients and visitors.",https://www.census.gov/naics/ ; https://www.tax.ny.gov/pdf/publications/sales/pub750.pdf ; https://www.tax.ny.gov/forms/publications/st/pub718r.htm
6211,Offices of Physicians,business,"Taxable sales of business-serving vendors (wholesale, contractors, information, professional and administrative services, etc.) and purchases subject to use tax, sourced to the customer's location. Allocated by where private economic activity is: workplace employment excluding public administration, since government purchases are exempt under Tax Law s.1116(a)(1). Total employment and Economic Census payroll are sensitivities.",https://lehd.ces.census.gov/data/,household,"Tuition and medical care are exempt; the taxable remainder (bookstores, cafeterias, optical goods, gift shops) is bought by students, patients and visitors.",https://www.census.gov/naics/ ; https://www.tax.ny.gov/pdf/publications/sales/pub750.pdf ; https://www.tax.ny.gov/forms/publications/st/pub718r.htm
6212,Offices of Dentists,business,"Taxable sales of business-serving vendors (wholesale, contractors, information, professional and administrative services, etc.) and purchases subject to use tax, sourced to the customer's location. Allocated by where private economic activity is: workplace employment excluding public administration, since government purchases are exempt under Tax Law s.1116(a)(1). Total employment and Economic Census payroll are sensitivities.",https://lehd.ces.census.gov/data/,household,"Tuition and medical care are exempt; the taxable remainder (bookstores, cafeterias, optical goods, gift shops) is bought by students, patients and visitors.",https://www.census.gov/naics/ ; https://www.tax.ny.gov/pdf/publications/sales/pub750.pdf ; https://www.tax.ny.gov/forms/publications/st/pub718r.htm
6213,Offices of Other Health Practitioners,business,"Taxable sales of business-serving vendors (wholesale, contractors, information, professional and administrative services, etc.) and purchases subject to use tax, sourced to the customer's location. Allocated by where private economic activity is: workplace employment excluding public administration, since government purchases are exempt under Tax Law s.1116(a)(1). Total employment and Economic Census payroll are sensitivities.",https://lehd.ces.census.gov/data/,household,"Tuition and medical care are exempt; the taxable remainder (bookstores, cafeterias, optical goods, gift shops) is bought by students, patients and visitors.",https://www.census.gov/naics/ ; https://www.tax.ny.gov/pdf/publications/sales/pub750.pdf ; https://www.tax.ny.gov/forms/publications/st/pub718r.htm
6214,Outpatient Care Centers,business,"Taxable sales of business-serving vendors (wholesale, contractors, information, professional and administrative services, etc.) and purchases subject to use tax, sourced to the customer's location. Allocated by where private economic activity is: workplace employment excluding public administration, since government purchases are exempt under Tax Law s.1116(a)(1). Total employment and Economic Census payroll are sensitivities.",https://lehd.ces.census.gov/data/,household,"Tuition and medical care are exempt; the taxable remainder (bookstores, cafeterias, optical goods, gift shops) is bought by students, patients and visitors.",https://www.census.gov/naics/ ; https://www.tax.ny.gov/pdf/publications/sales/pub750.pdf ; https://www.tax.ny.gov/forms/publications/st/pub718r.htm
6215,Medical and Diagnostic Laboratories,business,"Taxable sales of business-serving vendors (wholesale, contractors, information, professional and administrative services, etc.) and purchases subject to use tax, sourced to the customer's location. Allocated by where private economic activity is: workplace employment excluding public administration, since government purchases are exempt under Tax Law s.1116(a)(1). Total employment and Economic Census payroll are sensitivities.",https://lehd.ces.census.gov/data/,household,"Tuition and medical care are exempt; the taxable remainder (bookstores, cafeterias, optical goods, gift shops) is bought by students, patients and visitors.",https://www.census.gov/naics/ ; https://www.tax.ny.gov/pdf/publications/sales/pub750.pdf ; https://www.tax.ny.gov/forms/publications/st/pub718r.htm
6216,Home Health Care Services,business,"Taxable sales of business-serving vendors (wholesale, contractors, information, professional and administrative services, etc.) and purchases subject to use tax, sourced to the customer's location. Allocated by where private economic activity is: workplace employment excluding public administration, since government purchases are exempt under Tax Law s.1116(a)(1). Total employment and Economic Census payroll are sensitivities.",https://lehd.ces.census.gov/data/,household,"Tuition and medical care are exempt; the taxable remainder (bookstores, cafeterias, optical goods, gift shops) is bought by students, patients and visitors.",https://www.census.gov/naics/ ; https://www.tax.ny.gov/pdf/publications/sales/pub750.pdf ; https://www.tax.ny.gov/forms/publications/st/pub718r.htm
6219,Other Ambulatory Health Care Services,business,"Taxable sales of business-serving vendors (wholesale, contractors, information, professional and administrative services, etc.) and purchases subject to use tax, sourced to the customer's location. Allocated by where private economic activity is: workplace employment excluding public administration, since government purchases are exempt under Tax Law s.1116(a)(1). Total employment and Economic Census payroll are sensitivities.",https://lehd.ces.census.gov/data/,household,"Tuition and medical care are exempt; the taxable remainder (bookstores, cafeterias, optical goods, gift shops) is bought by students, patients and visitors.",https://www.census.gov/naics/ ; https://www.tax.ny.gov/pdf/publications/sales/pub750.pdf ; https://www.tax.ny.gov/forms/publications/st/pub718r.htm
6221,General Medical and Surgical Hospitals,business,"Taxable sales of business-serving vendors (wholesale, contractors, information, professional and administrative services, etc.) and purchases subject to use tax, sourced to the customer's location. Allocated by where private economic activity is: workplace employment excluding public administration, since government purchases are exempt under Tax Law s.1116(a)(1). Total employment and Economic Census payroll are sensitivities.",https://lehd.ces.census.gov/data/,household,"Tuition and medical care are exempt; the taxable remainder (bookstores, cafeterias, optical goods, gift shops) is bought by students, patients and visitors.",https://www.census.gov/naics/ ; https://www.tax.ny.gov/pdf/publications/sales/pub750.pdf ; https://www.tax.ny.gov/forms/publications/st/pub718r.htm
6222,Psychiatric and Substance Abuse Hospitals,business,"Taxable sales of business-serving vendors (wholesale, contractors, information, professional and administrative services, etc.) and purchases subject to use tax, sourced to the customer's location. Allocated by where private economic activity is: workplace employment excluding public administration, since government purchases are exempt under Tax Law s.1116(a)(1). Total employment and Economic Census payroll are sensitivities.",https://lehd.ces.census.gov/data/,household,"Tuition and medical care are exempt; the taxable remainder (bookstores, cafeterias, optical goods, gift shops) is bought by students, patients and visitors.",https://www.census.gov/naics/ ; https://www.tax.ny.gov/pdf/publications/sales/pub750.pdf ; https://www.tax.ny.gov/forms/publications/st/pub718r.htm
6223,Specialty (except Psychiatric and Substance Abuse) Hospitals,business,"Taxable sales of business-serving vendors (wholesale, contractors, information, professional and administrative services, etc.) and purchases subject to use tax, sourced to the customer's location. Allocated by where private economic activity is: workplace employment excluding public administration, since government purchases are exempt under Tax Law s.1116(a)(1). Total employment and Economic Census payroll are sensitivities.",https://lehd.ces.census.gov/data/,household,"Tuition and medical care are exempt; the taxable remainder (bookstores, cafeterias, optical goods, gift shops) is bought by students, patients and visitors.",https://www.census.gov/naics/ ; https://www.tax.ny.gov/pdf/publications/sales/pub750.pdf ; https://www.tax.ny.gov/forms/publications/st/pub718r.htm
6231,Nursing Care Facilities (Skilled Nursing Facilities),business,"Taxable sales of business-serving vendors (wholesale, contractors, information, professional and administrative services, etc.) and purchases subject to use tax, sourced to the customer's location. Allocated by where private economic activity is: workplace employment excluding public administration, since government purchases are exempt under Tax Law s.1116(a)(1). Total employment and Economic Census payroll are sensitivities.",https://lehd.ces.census.gov/data/,household,"Tuition and medical care are exempt; the taxable remainder (bookstores, cafeterias, optical goods, gift shops) is bought by students, patients and visitors.",https://www.census.gov/naics/ ; https://www.tax.ny.gov/pdf/publications/sales/pub750.pdf ; https://www.tax.ny.gov/forms/publications/st/pub718r.htm
6232,"Residential Intellectual and Developmental Disability, Mental Health, and Substance Abuse Facilities",business,"Taxable sales of business-serving vendors (wholesale, contractors, information, professional and administrative services, etc.) and purchases subject to use tax, sourced to the customer's location. Allocated by where private economic activity is: workplace employment excluding public administration, since government purchases are exempt under Tax Law s.1116(a)(1). Total employment and Economic Census payroll are sensitivities.",https://lehd.ces.census.gov/data/,household,"Tuition and medical care are exempt; the taxable remainder (bookstores, cafeterias, optical goods, gift shops) is bought by students, patients and visitors.",https://www.census.gov/naics/ ; https://www.tax.ny.gov/pdf/publications/sales/pub750.pdf ; https://www.tax.ny.gov/forms/publications/st/pub718r.htm
6233,Continuing Care Retirement Communities and Assisted Living Facilities for the Elderly,business,"Taxable sales of business-serving vendors (wholesale, contractors, information, professional and administrative services, etc.) and purchases subject to use tax, sourced to the customer's location. Allocated by where private economic activity is: workplace employment excluding public administration, since government purchases are exempt under Tax Law s.1116(a)(1). Total employment and Economic Census payroll are sensitivities.",https://lehd.ces.census.gov/data/,household,"Tuition and medical care are exempt; the taxable remainder (bookstores, cafeterias, optical goods, gift shops) is bought by students, patients and visitors.",https://www.census.gov/naics/ ; https://www.tax.ny.gov/pdf/publications/sales/pub750.pdf ; https://www.tax.ny.gov/forms/publications/st/pub718r.htm
6239,Other Residential Care Facilities,business,"Taxable sales of business-serving vendors (wholesale, contractors, information, professional and administrative services, etc.) and purchases subject to use tax, sourced to the customer's location. Allocated by where private economic activity is: workplace employment excluding public administration, since government purchases are exempt under Tax Law s.1116(a)(1). Total employment and Economic Census payroll are sensitivities.",https://lehd.ces.census.gov/data/,household,"Tuition and medical care are exempt; the taxable remainder (bookstores, cafeterias, optical goods, gift shops) is bought by students, patients and visitors.",https://www.census.gov/naics/ ; https://www.tax.ny.gov/pdf/publications/sales/pub750.pdf ; https://www.tax.ny.gov/forms/publications/st/pub718r.htm
6241,Individual and Family Services,business,"Taxable sales of business-serving vendors (wholesale, contractors, information, professional and administrative services, etc.) and purchases subject to use tax, sourced to the customer's location. Allocated by where private economic activity is: workplace employment excluding public administration, since government purchases are exempt under Tax Law s.1116(a)(1). Total employment and Economic Census payroll are sensitivities.",https://lehd.ces.census.gov/data/,household,"Tuition and medical care are exempt; the taxable remainder (bookstores, cafeterias, optical goods, gift shops) is bought by students, patients and visitors.",https://www.census.gov/naics/ ; https://www.tax.ny.gov/pdf/publications/sales/pub750.pdf ; https://www.tax.ny.gov/forms/publications/st/pub718r.htm
6242,"Community Food and Housing, and Emergency and Other Relief Services",business,"Taxable sales of business-serving vendors (wholesale, contractors, information, professional and administrative services, etc.) and purchases subject to use tax, sourced to the customer's location. Allocated by where private economic activity is: workplace employment excluding public administration, since government purchases are exempt under Tax Law s.1116(a)(1). Total employment and Economic Census payroll are sensitivities.",https://lehd.ces.census.gov/data/,household,"Tuition and medical care are exempt; the taxable remainder (bookstores, cafeterias, optical goods, gift shops) is bought by students, patients and visitors.",https://www.census.gov/naics/ ; https://www.tax.ny.gov/pdf/publications/sales/pub750.pdf ; https://www.tax.ny.gov/forms/publications/st/pub718r.htm
6243,Vocational Rehabilitation Services,business,"Taxable sales of business-serving vendors (wholesale, contractors, information, professional and administrative services, etc.) and purchases subject to use tax, sourced to the customer's location. Allocated by where private economic activity is: workplace employment excluding public administration, since government purchases are exempt under Tax Law s.1116(a)(1). Total employment and Economic Census payroll are sensitivities.",https://lehd.ces.census.gov/data/,household,"Tuition and medical care are exempt; the taxable remainder (bookstores, cafeterias, optical goods, gift shops) is bought by students, patients and visitors.",https://www.census.gov/naics/ ; https://www.tax.ny.gov/pdf/publications/sales/pub750.pdf ; https://www.tax.ny.gov/forms/publications/st/pub718r.htm
6244,Child Care Services,business,"Taxable sales of business-serving vendors (wholesale, contractors, information, professional and administrative services, etc.) and purchases subject to use tax, sourced to the customer's location. Allocated by where private economic activity is: workplace employment excluding public administration, since government purchases are exempt under Tax Law s.1116(a)(1). Total employment and Economic Census payroll are sensitivities.",https://lehd.ces.census.gov/data/,household,"Tuition and medical care are exempt; the taxable remainder (bookstores, cafeterias, optical goods, gift shops) is bought by students, patients and visitors.",https://www.census.gov/naics/ ; https://www.tax.ny.gov/pdf/publications/sales/pub750.pdf ; https://www.tax.ny.gov/forms/publications/st/pub718r.htm
7111,Performing Arts Companies,store,"Over-the-counter sales sourced where the sale occurs, so establishment receipts are the natural allocator and origin is approximately destination.",https://api.census.gov/data/2022/ecnbasic.html,NA,NA,NA
7112,Spectator Sports,store,"Over-the-counter sales sourced where the sale occurs, so establishment receipts are the natural allocator and origin is approximately destination.",https://api.census.gov/data/2022/ecnbasic.html,NA,NA,NA
7113,"Promoters of Performing Arts, Sports, and Similar Events",store,"Over-the-counter sales sourced where the sale occurs, so establishment receipts are the natural allocator and origin is approximately destination.",https://api.census.gov/data/2022/ecnbasic.html,NA,NA,NA
7114,"Agents and Managers for Artists, Athletes, Entertainers, and Other Public Figures",store,"Over-the-counter sales sourced where the sale occurs, so establishment receipts are the natural allocator and origin is approximately destination.",https://api.census.gov/data/2022/ecnbasic.html,NA,NA,NA
7115,"Independent Artists, Writers, and Performers",store,"Over-the-counter sales sourced where the sale occurs, so establishment receipts are the natural allocator and origin is approximately destination.",https://api.census.gov/data/2022/ecnbasic.html,NA,NA,NA
7121,"Museums, Historical Sites, and Similar Institutions",store,"Over-the-counter sales sourced where the sale occurs, so establishment receipts are the natural allocator and origin is approximately destination.",https://api.census.gov/data/2022/ecnbasic.html,NA,NA,NA
7131,Amusement Parks and Arcades,store,"Over-the-counter sales sourced where the sale occurs, so establishment receipts are the natural allocator and origin is approximately destination.",https://api.census.gov/data/2022/ecnbasic.html,NA,NA,NA
7132,Gambling Industries,store,"Over-the-counter sales sourced where the sale occurs, so establishment receipts are the natural allocator and origin is approximately destination.",https://api.census.gov/data/2022/ecnbasic.html,NA,NA,NA
7139,Other Amusement and Recreation Industries,store,"Over-the-counter sales sourced where the sale occurs, so establishment receipts are the natural allocator and origin is approximately destination.",https://api.census.gov/data/2022/ecnbasic.html,NA,NA,NA
7211,Traveler Accommodation,store,"Over-the-counter sales sourced where the sale occurs, so establishment receipts are the natural allocator and origin is approximately destination.",https://api.census.gov/data/2022/ecnbasic.html,NA,NA,NA
7212,RV (Recreational Vehicle) Parks and Recreational Camps,store,"Over-the-counter sales sourced where the sale occurs, so establishment receipts are the natural allocator and origin is approximately destination.",https://api.census.gov/data/2022/ecnbasic.html,NA,NA,NA
7213,"Rooming and Boarding Houses, Dormitories, and Workers' Camps",store,"Over-the-counter sales sourced where the sale occurs, so establishment receipts are the natural allocator and origin is approximately destination.",https://api.census.gov/data/2022/ecnbasic.html,NA,NA,NA
7223,Special Food Services,store,"Over-the-counter sales sourced where the sale occurs, so establishment receipts are the natural allocator and origin is approximately destination.",https://api.census.gov/data/2022/ecnbasic.html,NA,NA,NA
7224,Drinking Places (Alcoholic Beverages),store,"Over-the-counter sales sourced where the sale occurs, so establishment receipts are the natural allocator and origin is approximately destination.",https://api.census.gov/data/2022/ecnbasic.html,NA,NA,NA
7225,Restaurants and Other Eating Places,store,"Over-the-counter sales sourced where the sale occurs, so establishment receipts are the natural allocator and origin is approximately destination.",https://api.census.gov/data/2022/ecnbasic.html,NA,NA,NA
8111,Automotive Repair and Maintenance,store,"Over-the-counter sales sourced where the sale occurs, so establishment receipts are the natural allocator and origin is approximately destination.",https://api.census.gov/data/2022/ecnbasic.html,NA,NA,NA
8112,Electronic and Precision Equipment Repair and Maintenance,store,"Over-the-counter sales sourced where the sale occurs, so establishment receipts are the natural allocator and origin is approximately destination.",https://api.census.gov/data/2022/ecnbasic.html,NA,NA,NA
8113,Commercial and Industrial Machinery and Equipment (except Automotive and Electronic) Repair and Maintenance,store,"Over-the-counter sales sourced where the sale occurs, so establishment receipts are the natural allocator and origin is approximately destination.",https://api.census.gov/data/2022/ecnbasic.html,NA,NA,NA
8114,Personal and Household Goods Repair and Maintenance,store,"Over-the-counter sales sourced where the sale occurs, so establishment receipts are the natural allocator and origin is approximately destination.",https://api.census.gov/data/2022/ecnbasic.html,NA,NA,NA
8121,Personal Care Services,store,"Over-the-counter sales sourced where the sale occurs, so establishment receipts are the natural allocator and origin is approximately destination.",https://api.census.gov/data/2022/ecnbasic.html,NA,NA,NA
8122,Death Care Services,store,"Over-the-counter sales sourced where the sale occurs, so establishment receipts are the natural allocator and origin is approximately destination.",https://api.census.gov/data/2022/ecnbasic.html,NA,NA,NA
8123,Drycleaning and Laundry Services,store,"Over-the-counter sales sourced where the sale occurs, so establishment receipts are the natural allocator and origin is approximately destination.",https://api.census.gov/data/2022/ecnbasic.html,NA,NA,NA
8129,Other Personal Services,store,"Over-the-counter sales sourced where the sale occurs, so establishment receipts are the natural allocator and origin is approximately destination.",https://api.census.gov/data/2022/ecnbasic.html,NA,NA,NA
8131,Religious Organizations,business,"Taxable sales of business-serving vendors (wholesale, contractors, information, professional and administrative services, etc.) and purchases subject to use tax, sourced to the customer's location. Allocated by where private economic activity is: workplace employment excluding public administration, since government purchases are exempt under Tax Law s.1116(a)(1). Total employment and Economic Census payroll are sensitivities.",https://lehd.ces.census.gov/data/,household,"Membership organizations' taxable sales (bar and restaurant receipts, merchandise) go to members and the public.",https://www.census.gov/naics/ ; https://www.tax.ny.gov/pdf/publications/sales/pub750.pdf ; https://www.tax.ny.gov/forms/publications/st/pub718r.htm
8132,Grantmaking and Giving Services,business,"Taxable sales of business-serving vendors (wholesale, contractors, information, professional and administrative services, etc.) and purchases subject to use tax, sourced to the customer's location. Allocated by where private economic activity is: workplace employment excluding public administration, since government purchases are exempt under Tax Law s.1116(a)(1). Total employment and Economic Census payroll are sensitivities.",https://lehd.ces.census.gov/data/,household,"Membership organizations' taxable sales (bar and restaurant receipts, merchandise) go to members and the public.",https://www.census.gov/naics/ ; https://www.tax.ny.gov/pdf/publications/sales/pub750.pdf ; https://www.tax.ny.gov/forms/publications/st/pub718r.htm
8133,Social Advocacy Organizations,business,"Taxable sales of business-serving vendors (wholesale, contractors, information, professional and administrative services, etc.) and purchases subject to use tax, sourced to the customer's location. Allocated by where private economic activity is: workplace employment excluding public administration, since government purchases are exempt under Tax Law s.1116(a)(1). Total employment and Economic Census payroll are sensitivities.",https://lehd.ces.census.gov/data/,household,"Membership organizations' taxable sales (bar and restaurant receipts, merchandise) go to members and the public.",https://www.census.gov/naics/ ; https://www.tax.ny.gov/pdf/publications/sales/pub750.pdf ; https://www.tax.ny.gov/forms/publications/st/pub718r.htm
8134,Civic and Social Organizations,business,"Taxable sales of business-serving vendors (wholesale, contractors, information, professional and administrative services, etc.) and purchases subject to use tax, sourced to the customer's location. Allocated by where private economic activity is: workplace employment excluding public administration, since government purchases are exempt under Tax Law s.1116(a)(1). Total employment and Economic Census payroll are sensitivities.",https://lehd.ces.census.gov/data/,household,"Membership organizations' taxable sales (bar and restaurant receipts, merchandise) go to members and the public.",https://www.census.gov/naics/ ; https://www.tax.ny.gov/pdf/publications/sales/pub750.pdf ; https://www.tax.ny.gov/forms/publications/st/pub718r.htm
8139,"Business, Professional, Labor, Political, and Similar Organizations",business,"Taxable sales of business-serving vendors (wholesale, contractors, information, professional and administrative services, etc.) and purchases subject to use tax, sourced to the customer's location. Allocated by where private economic activity is: workplace employment excluding public administration, since government purchases are exempt under Tax Law s.1116(a)(1). Total employment and Economic Census payroll are sensitivities.",https://lehd.ces.census.gov/data/,household,"Membership organizations' taxable sales (bar and restaurant receipts, merchandise) go to members and the public.",https://www.census.gov/naics/ ; https://www.tax.ny.gov/pdf/publications/sales/pub750.pdf ; https://www.tax.ny.gov/forms/publications/st/pub718r.htm
8141,Private Households,business,"Taxable sales of business-serving vendors (wholesale, contractors, information, professional and administrative services, etc.) and purchases subject to use tax, sourced to the customer's location. Allocated by where private economic activity is: workplace employment excluding public administration, since government purchases are exempt under Tax Law s.1116(a)(1). Total employment and Economic Census payroll are sensitivities.",https://lehd.ces.census.gov/data/,household,"Membership organizations' taxable sales (bar and restaurant receipts, merchandise) go to members and the public.",https://www.census.gov/naics/ ; https://www.tax.ny.gov/pdf/publications/sales/pub750.pdf ; https://www.tax.ny.gov/forms/publications/st/pub718r.htm
9211,"Executive, Legislative, and Other General Government Support",business,"Taxable sales of business-serving vendors (wholesale, contractors, information, professional and administrative services, etc.) and purchases subject to use tax, sourced to the customer's location. Allocated by where private economic activity is: workplace employment excluding public administration, since government purchases are exempt under Tax Law s.1116(a)(1). Total employment and Economic Census payroll are sensitivities.",https://lehd.ces.census.gov/data/,household,"Government units' own taxable sales (park fees, municipal parking and golf) are bought by the public.",https://www.census.gov/naics/ ; https://www.tax.ny.gov/pdf/publications/sales/pub750.pdf ; https://www.tax.ny.gov/forms/publications/st/pub718r.htm
9221,"Justice, Public Order, and Safety Activities",business,"Taxable sales of business-serving vendors (wholesale, contractors, information, professional and administrative services, etc.) and purchases subject to use tax, sourced to the customer's location. Allocated by where private economic activity is: workplace employment excluding public administration, since government purchases are exempt under Tax Law s.1116(a)(1). Total employment and Economic Census payroll are sensitivities.",https://lehd.ces.census.gov/data/,household,"Government units' own taxable sales (park fees, municipal parking and golf) are bought by the public.",https://www.census.gov/naics/ ; https://www.tax.ny.gov/pdf/publications/sales/pub750.pdf ; https://www.tax.ny.gov/forms/publications/st/pub718r.htm
9231,Administration of Human Resource Programs,business,"Taxable sales of business-serving vendors (wholesale, contractors, information, professional and administrative services, etc.) and purchases subject to use tax, sourced to the customer's location. Allocated by where private economic activity is: workplace employment excluding public administration, since government purchases are exempt under Tax Law s.1116(a)(1). Total employment and Economic Census payroll are sensitivities.",https://lehd.ces.census.gov/data/,household,"Government units' own taxable sales (park fees, municipal parking and golf) are bought by the public.",https://www.census.gov/naics/ ; https://www.tax.ny.gov/pdf/publications/sales/pub750.pdf ; https://www.tax.ny.gov/forms/publications/st/pub718r.htm
9241,Administration of Environmental Quality Programs,business,"Taxable sales of business-serving vendors (wholesale, contractors, information, professional and administrative services, etc.) and purchases subject to use tax, sourced to the customer's location. Allocated by where private economic activity is: workplace employment excluding public administration, since government purchases are exempt under Tax Law s.1116(a)(1). Total employment and Economic Census payroll are sensitivities.",https://lehd.ces.census.gov/data/,household,"Government units' own taxable sales (park fees, municipal parking and golf) are bought by the public.",https://www.census.gov/naics/ ; https://www.tax.ny.gov/pdf/publications/sales/pub750.pdf ; https://www.tax.ny.gov/forms/publications/st/pub718r.htm
9251,"Administration of Housing Programs, Urban Planning, and Community Development",business,"Taxable sales of business-serving vendors (wholesale, contractors, information, professional and administrative services, etc.) and purchases subject to use tax, sourced to the customer's location. Allocated by where private economic activity is: workplace employment excluding public administration, since government purchases are exempt under Tax Law s.1116(a)(1). Total employment and Economic Census payroll are sensitivities.",https://lehd.ces.census.gov/data/,household,"Government units' own taxable sales (park fees, municipal parking and golf) are bought by the public.",https://www.census.gov/naics/ ; https://www.tax.ny.gov/pdf/publications/sales/pub750.pdf ; https://www.tax.ny.gov/forms/publications/st/pub718r.htm
9261,Administration of Economic Programs,motor_vehicle,"Sales of vehicles required to be registered are sourced to the purchaser's residence, not the dealer's location (Tax Law s.1214; Publication 838), so dealer location carries no information. Allocated by resident registrations. NAICS 9261 is included because its statewide taxable sales ($8.5B) are distributed across counties like population and car ownership, consistent with tax collected by DMV at registration on private-party vehicle sales rather than with state-agency vendor activity.",https://www.tax.ny.gov/pdf/publications/sales/pub718.pdf,NA,NA,NA
9271,Space Research and Technology,business,"Taxable sales of business-serving vendors (wholesale, contractors, information, professional and administrative services, etc.) and purchases subject to use tax, sourced to the customer's location. Allocated by where private economic activity is: workplace employment excluding public administration, since government purchases are exempt under Tax Law s.1116(a)(1). Total employment and Economic Census payroll are sensitivities.",https://lehd.ces.census.gov/data/,household,"Government units' own taxable sales (park fees, municipal parking and golf) are bought by the public.",https://www.census.gov/naics/ ; https://www.tax.ny.gov/pdf/publications/sales/pub750.pdf ; https://www.tax.ny.gov/forms/publications/st/pub718r.htm
9281,National Security and International Affairs,business,"Taxable sales of business-serving vendors (wholesale, contractors, information, professional and administrative services, etc.) and purchases subject to use tax, sourced to the customer's location. Allocated by where private economic activity is: workplace employment excluding public administration, since government purchases are exempt under Tax Law s.1116(a)(1). Total employment and Economic Census payroll are sensitivities.",https://lehd.ces.census.gov/data/,household,"Government units' own taxable sales (park fees, municipal parking and golf) are bought by the public.",https://www.census.gov/naics/ ; https://www.tax.ny.gov/pdf/publications/sales/pub750.pdf ; https://www.tax.ny.gov/forms/publications/st/pub718r.htm
9999,Unclassified,business,"Taxable sales of business-serving vendors (wholesale, contractors, information, professional and administrative services, etc.) and purchases subject to use tax, sourced to the customer's location. Allocated by where private economic activity is: workplace employment excluding public administration, since government purchases are exempt under Tax Law s.1116(a)(1). Total employment and Economic Census payroll are sensitivities.",https://lehd.ces.census.gov/data/,mixed,Vendors with no NAICS code on file.,https://www.census.gov/naics/ ; https://www.tax.ny.gov/pdf/publications/sales/pub750.pdf ; https://www.tax.ny.gov/forms/publications/st/pub718r.htm
