OID_ZCTA5_20,GEOID_ZCTA5_20,NAMELSAD_ZCTA5_20,AREALAND_ZCTA5_20,AREAWATER_ZCTA5_20,MTFCC_ZCTA5_20,CLASSFP_ZCTA5_20,FUNCSTAT_ZCTA5_20,OID_PLACE_20,GEOID_PLACE_20,NAMELSAD_PLACE_20,AREALAND_PLACE_20,AREAWATER_PLACE_20,MTFCC_PLACE_20,CLASSFP_PLACE_20,FUNCSTAT_PLACE_20,AREALAND_PART,AREAWATER_PART
NA,NA,NA,NA,NA,NA,NA,NA,27890690944950,3602286,Antwerp village,2598790,75433,G4110,C1,A,245608,0
NA,NA,NA,NA,NA,NA,NA,NA,27890303824373,3602968,Atlantic Beach village,1137583,1506193,G4110,C1,A,0,1054684
NA,NA,NA,NA,NA,NA,NA,NA,28090303824376,3604550,Barnum Island CDP,2241575,969176,G4210,U1,S,0,335457
NA,NA,NA,NA,NA,NA,NA,NA,27890694260143,3605100,Beacon city,12273969,353971,G4110,C5,A,0,322424
NA,NA,NA,NA,NA,NA,NA,NA,27890701537858,3608103,Briarcliff Manor village,15527998,2167717,G4110,C1,A,0,2118121
NA,NA,NA,NA,NA,NA,NA,NA,27890701537860,3610341,Buchanan village,3666065,865561,G4110,C1,A,0,729838
NA,NA,NA,NA,NA,NA,NA,NA,27890115740547,3611000,Buffalo city,104577537,31344742,G4110,C5,A,640844,26121720
NA,NA,NA,NA,NA,NA,NA,NA,27890105673484,3612144,Canandaigua city,11811298,691411,G4110,C5,A,0,520792
NA,NA,NA,NA,NA,NA,NA,NA,2809015799542008,3612402,Captree CDP,4189202,3053108,G4210,U1,S,0,2153944
NA,NA,NA,NA,NA,NA,NA,NA,28090498683697,3613420,Center Moriches CDP,13632103,2022284,G4210,U1,S,0,948128
NA,NA,NA,NA,NA,NA,NA,NA,27890695088003,3616188,Cleveland village,2930380,241687,G4110,C1,A,0,229179
NA,NA,NA,NA,NA,NA,NA,NA,27890732195703,3618333,Cornwall-on-Hudson village,5146045,270738,G4110,C1,A,0,270735
NA,NA,NA,NA,NA,NA,NA,NA,27890701537861,3619213,Croton-on-Hudson village,12155696,15696268,G4110,C1,A,0,15015125
NA,NA,NA,NA,NA,NA,NA,NA,28090701530558,3619290,Crugers CDP,1719994,1475537,G4210,U1,S,0,1372979
NA,NA,NA,NA,NA,NA,NA,NA,280903939460956,3619308,Crystal Beach CDP,1765245,526106,G4210,U1,S,0,526106
NA,NA,NA,NA,NA,NA,NA,NA,27890701537862,3620698,Dobbs Ferry village,6274830,1948211,G4110,C1,A,0,1946439
NA,NA,NA,NA,NA,NA,NA,NA,28090303824389,3621578,East Atlantic Beach CDP,808228,961004,G4210,U1,S,0,683938
NA,NA,NA,NA,NA,NA,NA,NA,28090498683713,3622546,East Moriches CDP,14058264,1485909,G4210,U1,S,0,432267
NA,NA,NA,NA,NA,NA,NA,NA,28090498683722,3625839,Fire Island CDP,23746996,75324501,G4210,U1,S,5747827,61929618
NA,NA,NA,NA,NA,NA,NA,NA,28090498683723,3625923,Fishers Island CDP,10504177,2355901,G4210,U1,S,23299,0
NA,NA,NA,NA,NA,NA,NA,NA,28090498683724,3626121,Flanders CDP,29783682,2285892,G4210,U1,S,0,822809
NA,NA,NA,NA,NA,NA,NA,NA,27890105673486,3628640,Geneva city,10914565,4225907,G4110,C5,A,135833,4214444
NA,NA,NA,NA,NA,NA,NA,NA,280903716516123,3628990,Gilgo CDP,12964649,26870941,G4210,U2,S,0,9519708
NA,NA,NA,NA,NA,NA,NA,NA,28090312238693,3629014,Glasco CDP,4186593,1738268,G4210,U1,S,0,1677892
NA,NA,NA,NA,NA,NA,NA,NA,27890303824406,3629113,Glen Cove city,17243917,32598438,G4110,C5,A,0,31976203
NA,NA,NA,NA,NA,NA,NA,NA,280903717135766,3629894,Grandyle Village CDP,4871934,955179,G4210,U1,S,0,955179
NA,NA,NA,NA,NA,NA,NA,NA,28090498683733,3631896,Hampton Bays CDP,33501890,19613751,G4210,U1,S,0,598394
NA,NA,NA,NA,NA,NA,NA,NA,28090303824414,3632094,Harbor Hills CDP,309161,152151,G4210,U1,S,0,152151
NA,NA,NA,NA,NA,NA,NA,NA,27890701537865,3632710,Hastings-on-Hudson village,5125595,2431182,G4110,C1,A,0,2431182
NA,NA,NA,NA,NA,NA,NA,NA,27890697016750,3632754,Haverstraw village,5135771,7916923,G4110,C1,A,0,7700465
NA,NA,NA,NA,NA,NA,NA,NA,28090312238695,3634484,Highland CDP,13990326,1825362,G4210,U1,S,0,1719557
NA,NA,NA,NA,NA,NA,NA,NA,27890701537866,3637803,Irvington village,7225673,3341258,G4110,C1,A,0,3213227
NA,NA,NA,NA,NA,NA,NA,NA,27890699381624,3638077,Ithaca city,13957120,1766770,G4110,C5,A,353,1130737
NA,NA,NA,NA,NA,NA,NA,NA,27890303824431,3639694,Kings Point village,8699839,1666094,G4110,C1,A,0,640650
NA,NA,NA,NA,NA,NA,NA,NA,27890312238699,3639727,Kingston city,19379178,3334136,G4110,C5,A,0,2665298
NA,NA,NA,NA,NA,NA,NA,NA,27890701537867,3641333,Larchmont village,2838001,5124,G4110,C1,A,0,2168
NA,NA,NA,NA,NA,NA,NA,NA,28090303824438,3642279,Lido Beach CDP,4383749,7070761,G4210,U1,S,0,6375977
NA,NA,NA,NA,NA,NA,NA,NA,27890303824440,3643335,Long Beach city,5743691,4342656,G4110,C5,A,0,3532942
NA,NA,NA,NA,NA,NA,NA,NA,27890701537868,3644831,Mamaroneck village,8311614,8822663,G4110,C1,A,7225,8449608
NA,NA,NA,NA,NA,NA,NA,NA,28090312238703,3645700,Marlboro CDP,12910067,1658499,G4210,U1,S,0,1531537
NA,NA,NA,NA,NA,NA,NA,NA,28090498683753,3646085,Mastic Beach CDP,12686827,2862151,G4210,U1,S,0,43703
NA,NA,NA,NA,NA,NA,NA,NA,27890743707504,3646206,Mayfield village,2606192,465566,G4110,C1,A,0,18790
NA,NA,NA,NA,NA,NA,NA,NA,280903724139009,3648208,Montrose CDP,4196753,2164886,G4210,U1,S,0,2020837
NA,NA,NA,NA,NA,NA,NA,NA,27890732195714,3650034,Newburgh city,9857747,2533739,G4110,C5,A,0,2421554
NA,NA,NA,NA,NA,NA,NA,NA,2809015771111321,3650276,New Hamburg CDP,1243026,496155,G4210,U1,S,0,340640
NA,NA,NA,NA,NA,NA,NA,NA,27890701537871,3650617,New Rochelle city,26640882,7404359,G4110,C5,A,18567,737636
NA,NA,NA,NA,NA,NA,NA,NA,27890287325779,3651000,New York city,778165283,445421632,G4110,C1,A,17763211,434188959
NA,NA,NA,NA,NA,NA,NA,NA,27890494564912,3651055,Niagara Falls city,36482615,7100859,G4110,C5,A,291095,5278102
NA,NA,NA,NA,NA,NA,NA,NA,2809015692388286,3651484,North Bay CDP,2888281,520545,G4210,U1,S,0,514334
NA,NA,NA,NA,NA,NA,NA,NA,27890494564913,3653682,North Tonawanda city,26140446,2076404,G4110,C5,A,0,1239992
NA,NA,NA,NA,NA,NA,NA,NA,27890743707505,3653770,Northville village,2752057,892408,G4110,C1,A,0,514398
NA,NA,NA,NA,NA,NA,NA,NA,27890697016756,3654100,Nyack village,1995139,2170006,G4110,C1,A,0,2170006
NA,NA,NA,NA,NA,NA,NA,NA,2809015799542007,3654111,Oak Beach CDP,2959136,5598346,G4210,U1,S,0,4148358
NA,NA,NA,NA,NA,NA,NA,NA,27890701537872,3655530,Ossining village,8203208,8511138,G4110,C1,A,0,8454908
NA,NA,NA,NA,NA,NA,NA,NA,27890695088008,3655574,Oswego city,19720149,9359182,G4110,C5,A,0,4713350
NA,NA,NA,NA,NA,NA,NA,NA,27890701537873,3656979,Peekskill city,11251161,3177119,G4110,C5,A,1556,2577892
NA,NA,NA,NA,NA,NA,NA,NA,27890109996697,3657177,Penn Yan village,6216496,145419,G4110,C1,A,0,30435
NA,NA,NA,NA,NA,NA,NA,NA,27890697016757,3657749,Piermont village,1745794,1225348,G4110,C1,A,0,1213637
NA,NA,NA,NA,NA,NA,NA,NA,27890303824475,3658497,Plandome Manor village,1403012,238781,G4110,C1,A,0,1769
NA,NA,NA,NA,NA,NA,NA,NA,27890290609064,3658574,Plattsburgh city,13049718,4028894,G4110,C5,A,0,3427604
NA,NA,NA,NA,NA,NA,NA,NA,28090303824476,3658849,Point Lookout CDP,702017,271090,G4210,U1,S,0,271090
NA,NA,NA,NA,NA,NA,NA,NA,28090312238710,3659311,Port Ewen CDP,5410895,1691363,G4210,U1,S,24617,1598994
NA,NA,NA,NA,NA,NA,NA,NA,280907063857814,3659333,Port Henry CDP,3602026,876201,G4210,U1,S,0,870136
NA,NA,NA,NA,NA,NA,NA,NA,28090303824477,3659520,Port Washington CDP,10880599,3764092,G4210,U1,S,0,2821371
NA,NA,NA,NA,NA,NA,NA,NA,27890694260148,3659641,Poughkeepsie city,13321970,1487437,G4110,C5,A,0,1401517
NA,NA,NA,NA,NA,NA,NA,NA,2809015800443834,3661142,Remsenburg-Speonk CDP,9321189,1193240,G4210,U2,S,0,982800
NA,NA,NA,NA,NA,NA,NA,NA,27890104615829,3663000,Rochester city,92634700,3640302,G4110,C5,A,7847,70107
NA,NA,NA,NA,NA,NA,NA,NA,27890290609067,3663979,Rouses Point village,4531538,1865453,G4110,C1,A,28302,1865453
NA,NA,NA,NA,NA,NA,NA,NA,27890701537878,3664309,Rye city,15157983,36700859,G4110,C5,A,154349,36201090
NA,NA,NA,NA,NA,NA,NA,NA,27890312238713,3665288,Saugerties village,4619269,1234866,G4110,C1,A,0,854827
NA,NA,NA,NA,NA,NA,NA,NA,28090312238714,3665310,Saugerties South CDP,2761227,575119,G4210,U2,S,2509,465236
NA,NA,NA,NA,NA,NA,NA,NA,27890303824490,3666047,Sea Cliff village,2887408,2192567,G4110,C1,A,0,2192567
NA,NA,NA,NA,NA,NA,NA,NA,28090498683807,3667070,Shirley CDP,29302739,2213739,G4210,U1,S,0,1153504
NA,NA,NA,NA,NA,NA,NA,NA,278901392190549,3667510,Skaneateles village,3686099,825384,G4110,C1,A,0,825384
NA,NA,NA,NA,NA,NA,NA,NA,27890701537881,3667638,Sleepy Hollow village,5809691,7674764,G4110,C1,A,0,7628095
NA,NA,NA,NA,NA,NA,NA,NA,27890697016760,3669441,South Nyack village,1563154,2793976,G4110,C1,A,0,2793976
NA,NA,NA,NA,NA,NA,NA,NA,28090697012619,3671663,Stony Point CDP,15240558,3367814,G4210,U1,S,0,3114073
NA,NA,NA,NA,NA,NA,NA,NA,27890701537882,3673176,Tarrytown village,7603008,7130089,G4110,C1,A,0,6746530
NA,NA,NA,NA,NA,NA,NA,NA,27890115740568,3674166,Tonawanda city,9850438,745856,G4110,C5,A,0,684244
NA,NA,NA,NA,NA,NA,NA,NA,28090115740569,3675021,Tonawanda Town CDP,44804913,3998029,G4210,U2,S,41003,3924643
NA,NA,NA,NA,NA,NA,NA,NA,28090498683817,3675572,Tuckahoe CDP,10550885,1721643,G4210,U1,S,0,576908
NA,NA,NA,NA,NA,NA,NA,NA,27890697016763,3676386,Upper Nyack village,3164275,8140960,G4110,C1,A,0,8140960
NA,NA,NA,NA,NA,NA,NA,NA,28090701530574,3677211,Verplanck CDP,1558511,1948448,G4210,U1,S,0,1670043
NA,NA,NA,NA,NA,NA,NA,NA,27890106776501,3678696,Watkins Glen village,4039736,992907,G4110,C1,A,0,892701
NA,NA,NA,NA,NA,NA,NA,NA,28090498683823,3679301,West Bay Shore CDP,5654770,8347376,G4210,U1,S,0,8132654
NA,NA,NA,NA,NA,NA,NA,NA,28090498683824,3680170,Westhampton CDP,32789531,5691273,G4210,U1,S,0,5144751
NA,NA,NA,NA,NA,NA,NA,NA,27890498683826,3680186,West Hampton Dunes village,837934,219553,G4110,C1,A,69502,226
NA,NA,NA,NA,NA,NA,NA,NA,28090498683828,3680302,West Islip CDP,15782510,4436255,G4210,U1,S,0,3258565
NA,NA,NA,NA,NA,NA,NA,NA,28090732194463,3680747,West Point CDP,47746843,2334053,G4210,M2,S,25406921,1864453
NA,NA,NA,NA,NA,NA,NA,NA,280901954949968,3680764,Westport CDP,6121117,3302292,G4210,U1,S,0,3302292
NA,NA,NA,NA,NA,NA,NA,NA,2809015922372175,3682282,Willsboro Point CDP,7206111,9349927,G4210,U1,S,0,9093905
NA,NA,NA,NA,NA,NA,NA,NA,278901931846489,3682750,Woodbury village,92141179,2747485,G4110,C1,A,37134836,1138338
NA,NA,NA,NA,NA,NA,NA,NA,27890701537885,3684000,Yonkers city,46634438,5850607,G4110,C5,A,158766,4761153
221704257862325,06390,ZCTA5 06390,10480878,29958252,G6350,B5,S,28090498683723,3625923,Fishers Island CDP,10504177,2355901,G4210,U1,S,10480878,2355901
221704257862338,10001,ZCTA5 10001,1615692,0,G6350,B5,S,27890287325779,3651000,New York city,778165283,445421632,G4110,C1,A,1615692,0
221704257862379,10002,ZCTA5 10002,2129728,0,G6350,B5,S,27890287325779,3651000,New York city,778165283,445421632,G4110,C1,A,2129728,0
221704257862380,10003,ZCTA5 10003,1480445,0,G6350,B5,S,27890287325779,3651000,New York city,778165283,445421632,G4110,C1,A,1480445,0
221704257862405,10004,ZCTA5 10004,1179938,0,G6350,B5,S,27890287325779,3651000,New York city,778165283,445421632,G4110,C1,A,1179938,0
221704257862410,10005,ZCTA5 10005,188727,0,G6350,B5,S,27890287325779,3651000,New York city,778165283,445421632,G4110,C1,A,188727,0
221704257862411,10006,ZCTA5 10006,250630,0,G6350,B5,S,27890287325779,3651000,New York city,778165283,445421632,G4110,C1,A,250630,0
221704257862414,10007,ZCTA5 10007,414129,0,G6350,B5,S,27890287325779,3651000,New York city,778165283,445421632,G4110,C1,A,414129,0
221704257862418,10009,ZCTA5 10009,1597304,0,G6350,B5,S,27890287325779,3651000,New York city,778165283,445421632,G4110,C1,A,1597304,0
221704257862466,10010,ZCTA5 10010,955081,0,G6350,B5,S,27890287325779,3651000,New York city,778165283,445421632,G4110,C1,A,955081,0
221704257862475,10011,ZCTA5 10011,1677161,0,G6350,B5,S,27890287325779,3651000,New York city,778165283,445421632,G4110,C1,A,1677161,0
221704257862486,10012,ZCTA5 10012,839030,0,G6350,B5,S,27890287325779,3651000,New York city,778165283,445421632,G4110,C1,A,839030,0
221704257862556,10013,ZCTA5 10013,1409917,0,G6350,B5,S,27890287325779,3651000,New York city,778165283,445421632,G4110,C1,A,1409917,0
221704257862654,10014,ZCTA5 10014,1255850,0,G6350,B5,S,27890287325779,3651000,New York city,778165283,445421632,G4110,C1,A,1255850,0
221704257862674,10016,ZCTA5 10016,1423936,0,G6350,B5,S,27890287325779,3651000,New York city,778165283,445421632,G4110,C1,A,1423936,0
221704257862684,10017,ZCTA5 10017,771547,0,G6350,B5,S,27890287325779,3651000,New York city,778165283,445421632,G4110,C1,A,771547,0
221704257862688,10018,ZCTA5 10018,891039,0,G6350,B5,S,27890287325779,3651000,New York city,778165283,445421632,G4110,C1,A,891039,0
221704257862696,10019,ZCTA5 10019,1706504,17866,G6350,B5,S,27890287325779,3651000,New York city,778165283,445421632,G4110,C1,A,1706504,17866
221704257862697,10020,ZCTA5 10020,46754,0,G6350,B5,S,27890287325779,3651000,New York city,778165283,445421632,G4110,C1,A,46754,0
221704257862704,10021,ZCTA5 10021,923484,0,G6350,B5,S,27890287325779,3651000,New York city,778165283,445421632,G4110,C1,A,923484,0
221704257862705,10022,ZCTA5 10022,1148424,0,G6350,B5,S,27890287325779,3651000,New York city,778165283,445421632,G4110,C1,A,1148424,0
221704257862706,10023,ZCTA5 10023,2510429,95089,G6350,B5,S,27890287325779,3651000,New York city,778165283,445421632,G4110,C1,A,2510429,95089
221704257862758,10024,ZCTA5 10024,2292582,404929,G6350,B5,S,27890287325779,3651000,New York city,778165283,445421632,G4110,C1,A,2292582,404929
221704257862804,10025,ZCTA5 10025,2302133,0,G6350,B5,S,27890287325779,3651000,New York city,778165283,445421632,G4110,C1,A,2302133,0
221704257862825,10026,ZCTA5 10026,992725,0,G6350,B5,S,27890287325779,3651000,New York city,778165283,445421632,G4110,C1,A,992725,0
221704257862836,10027,ZCTA5 10027,2440914,1032,G6350,B5,S,27890287325779,3651000,New York city,778165283,445421632,G4110,C1,A,2440914,1032
221704257862848,10028,ZCTA5 10028,819923,0,G6350,B5,S,27890287325779,3651000,New York city,778165283,445421632,G4110,C1,A,819923,0
221704257862859,10029,ZCTA5 10029,2987117,49222,G6350,B5,S,27890287325779,3651000,New York city,778165283,445421632,G4110,C1,A,2987117,49222
221704257862865,10030,ZCTA5 10030,718112,0,G6350,B5,S,27890287325779,3651000,New York city,778165283,445421632,G4110,C1,A,718112,0
221704257862884,10031,ZCTA5 10031,1733068,0,G6350,B5,S,27890287325779,3651000,New York city,778165283,445421632,G4110,C1,A,1733068,0
221704257862908,10032,ZCTA5 10032,1742138,0,G6350,B5,S,27890287325779,3651000,New York city,778165283,445421632,G4110,C1,A,1742138,0
221704257862934,10033,ZCTA5 10033,1544802,0,G6350,B5,S,27890287325779,3651000,New York city,778165283,445421632,G4110,C1,A,1544802,0
221704257862937,10034,ZCTA5 10034,2648152,11193,G6350,B5,S,27890287325779,3651000,New York city,778165283,445421632,G4110,C1,A,2648152,11193
221704257862942,10035,ZCTA5 10035,3638045,0,G6350,B5,S,27890287325779,3651000,New York city,778165283,445421632,G4110,C1,A,3638045,0
221704257862950,10036,ZCTA5 10036,1158340,0,G6350,B5,S,27890287325779,3651000,New York city,778165283,445421632,G4110,C1,A,1158340,0
221704257862955,10037,ZCTA5 10037,602984,0,G6350,B5,S,27890287325779,3651000,New York city,778165283,445421632,G4110,C1,A,602984,0
221704257862991,10038,ZCTA5 10038,747572,0,G6350,B5,S,27890287325779,3651000,New York city,778165283,445421632,G4110,C1,A,747572,0
221704257862996,10039,ZCTA5 10039,774862,0,G6350,B5,S,27890287325779,3651000,New York city,778165283,445421632,G4110,C1,A,774862,0
221704257863003,10040,ZCTA5 10040,1468523,0,G6350,B5,S,27890287325779,3651000,New York city,778165283,445421632,G4110,C1,A,1468523,0
221704257863008,10044,ZCTA5 10044,595879,0,G6350,B5,S,27890287325779,3651000,New York city,778165283,445421632,G4110,C1,A,595879,0
221704257863029,10065,ZCTA5 10065,1085419,0,G6350,B5,S,27890287325779,3651000,New York city,778165283,445421632,G4110,C1,A,1085419,0
221704257863030,10069,ZCTA5 10069,106197,0,G6350,B5,S,27890287325779,3651000,New York city,778165283,445421632,G4110,C1,A,106197,0
221704257863036,10075,ZCTA5 10075,489565,0,G6350,B5,S,27890287325779,3651000,New York city,778165283,445421632,G4110,C1,A,489565,0
221704257863037,10103,ZCTA5 10103,24776,0,G6350,B5,S,27890287325779,3651000,New York city,778165283,445421632,G4110,C1,A,24776,0
221704257863038,10110,ZCTA5 10110,26711,0,G6350,B5,S,27890287325779,3651000,New York city,778165283,445421632,G4110,C1,A,26711,0
221704257863039,10111,ZCTA5 10111,24769,0,G6350,B5,S,27890287325779,3651000,New York city,778165283,445421632,G4110,C1,A,24769,0
221704257863043,10112,ZCTA5 10112,24865,0,G6350,B5,S,27890287325779,3651000,New York city,778165283,445421632,G4110,C1,A,24865,0
221704257863048,10115,ZCTA5 10115,6618,0,G6350,B5,S,27890287325779,3651000,New York city,778165283,445421632,G4110,C1,A,6618,0
221704257863049,10119,ZCTA5 10119,65943,0,G6350,B5,S,27890287325779,3651000,New York city,778165283,445421632,G4110,C1,A,65943,0
221704257863079,10128,ZCTA5 10128,1173140,0,G6350,B5,S,27890287325779,3651000,New York city,778165283,445421632,G4110,C1,A,1173140,0
221704257863083,10152,ZCTA5 10152,12423,0,G6350,B5,S,27890287325779,3651000,New York city,778165283,445421632,G4110,C1,A,12423,0
221704257863085,10153,ZCTA5 10153,12281,0,G6350,B5,S,27890287325779,3651000,New York city,778165283,445421632,G4110,C1,A,12281,0
221704257863086,10154,ZCTA5 10154,12382,0,G6350,B5,S,27890287325779,3651000,New York city,778165283,445421632,G4110,C1,A,12382,0
221704257863087,10162,ZCTA5 10162,33146,0,G6350,B5,S,27890287325779,3651000,New York city,778165283,445421632,G4110,C1,A,33146,0
221704257863088,10165,ZCTA5 10165,13058,0,G6350,B5,S,27890287325779,3651000,New York city,778165283,445421632,G4110,C1,A,13058,0
221704257863089,10167,ZCTA5 10167,12396,0,G6350,B5,S,27890287325779,3651000,New York city,778165283,445421632,G4110,C1,A,12396,0
221704257863090,10168,ZCTA5 10168,13211,0,G6350,B5,S,27890287325779,3651000,New York city,778165283,445421632,G4110,C1,A,13211,0
221704257863091,10169,ZCTA5 10169,5396,0,G6350,B5,S,27890287325779,3651000,New York city,778165283,445421632,G4110,C1,A,5396,0
221704257863092,10170,ZCTA5 10170,24921,0,G6350,B5,S,27890287325779,3651000,New York city,778165283,445421632,G4110,C1,A,24921,0
221704257863093,10171,ZCTA5 10171,12470,0,G6350,B5,S,27890287325779,3651000,New York city,778165283,445421632,G4110,C1,A,12470,0
221704257863094,10172,ZCTA5 10172,12415,0,G6350,B5,S,27890287325779,3651000,New York city,778165283,445421632,G4110,C1,A,12415,0
221704257863095,10173,ZCTA5 10173,12297,0,G6350,B5,S,27890287325779,3651000,New York city,778165283,445421632,G4110,C1,A,12297,0
221704257863096,10174,ZCTA5 10174,13224,0,G6350,B5,S,27890287325779,3651000,New York city,778165283,445421632,G4110,C1,A,13224,0
221704257863097,10177,ZCTA5 10177,5421,0,G6350,B5,S,27890287325779,3651000,New York city,778165283,445421632,G4110,C1,A,5421,0
221704257863098,10199,ZCTA5 10199,65414,0,G6350,B5,S,27890287325779,3651000,New York city,778165283,445421632,G4110,C1,A,65414,0
221704257863099,10271,ZCTA5 10271,6779,0,G6350,B5,S,27890287325779,3651000,New York city,778165283,445421632,G4110,C1,A,6779,0
221704257863100,10278,ZCTA5 10278,35671,0,G6350,B5,S,27890287325779,3651000,New York city,778165283,445421632,G4110,C1,A,35671,0
221704257863101,10279,ZCTA5 10279,10805,0,G6350,B5,S,27890287325779,3651000,New York city,778165283,445421632,G4110,C1,A,10805,0
221704257863102,10280,ZCTA5 10280,276532,0,G6350,B5,S,27890287325779,3651000,New York city,778165283,445421632,G4110,C1,A,276532,0
221704257863103,10282,ZCTA5 10282,177847,0,G6350,B5,S,27890287325779,3651000,New York city,778165283,445421632,G4110,C1,A,177847,0
221704257863149,10301,ZCTA5 10301,9732406,12647,G6350,B5,S,27890287325779,3651000,New York city,778165283,445421632,G4110,C1,A,9732406,12647
221704257863179,10302,ZCTA5 10302,3090433,0,G6350,B5,S,27890287325779,3651000,New York city,778165283,445421632,G4110,C1,A,3090433,0
221704257863192,10303,ZCTA5 10303,8208234,38279,G6350,B5,S,27890287325779,3651000,New York city,778165283,445421632,G4110,C1,A,8208234,38279
221704257863308,10304,ZCTA5 10304,9041054,19194,G6350,B5,S,27890287325779,3651000,New York city,778165283,445421632,G4110,C1,A,9041054,19194
221704257863450,10305,ZCTA5 10305,10411102,42337,G6350,B5,S,27890287325779,3651000,New York city,778165283,445421632,G4110,C1,A,10411102,42337
221704257863561,10306,ZCTA5 10306,18722812,100088,G6350,B5,S,27890287325779,3651000,New York city,778165283,445421632,G4110,C1,A,18722812,100088
221704257863588,10307,ZCTA5 10307,4179217,289,G6350,B5,S,27890287325779,3651000,New York city,778165283,445421632,G4110,C1,A,4179217,289
221704257863644,10308,ZCTA5 10308,5660015,64656,G6350,B5,S,27890287325779,3651000,New York city,778165283,445421632,G4110,C1,A,5660015,64656
221704257863697,10309,ZCTA5 10309,18787995,199296,G6350,B5,S,27890287325779,3651000,New York city,778165283,445421632,G4110,C1,A,18787995,199296
221704257863742,10310,ZCTA5 10310,4668227,0,G6350,B5,S,27890287325779,3651000,New York city,778165283,445421632,G4110,C1,A,4668227,0
221704257863744,10311,ZCTA5 10311,121555,0,G6350,B5,S,27890287325779,3651000,New York city,778165283,445421632,G4110,C1,A,121555,0
221704257863857,10312,ZCTA5 10312,17797576,137541,G6350,B5,S,27890287325779,3651000,New York city,778165283,445421632,G4110,C1,A,17797576,137541
221704257863970,10314,ZCTA5 10314,33661749,1433218,G6350,B5,S,27890287325779,3651000,New York city,778165283,445421632,G4110,C1,A,33661749,1433218
221704257864009,10451,ZCTA5 10451,2735533,9963,G6350,B5,S,27890287325779,3651000,New York city,778165283,445421632,G4110,C1,A,2735533,9963
221704257864057,10452,ZCTA5 10452,2543928,0,G6350,B5,S,27890287325779,3651000,New York city,778165283,445421632,G4110,C1,A,2543928,0
221704257864103,10453,ZCTA5 10453,2334210,0,G6350,B5,S,27890287325779,3651000,New York city,778165283,445421632,G4110,C1,A,2334210,0
221704257864111,10454,ZCTA5 10454,2745548,0,G6350,B5,S,27890287325779,3651000,New York city,778165283,445421632,G4110,C1,A,2745548,0
221704257864127,10455,ZCTA5 10455,1816370,0,G6350,B5,S,27890287325779,3651000,New York city,778165283,445421632,G4110,C1,A,1816370,0
221704257864174,10456,ZCTA5 10456,2787861,0,G6350,B5,S,27890287325779,3651000,New York city,778165283,445421632,G4110,C1,A,2787861,0
221704257864199,10457,ZCTA5 10457,3415414,0,G6350,B5,S,27890287325779,3651000,New York city,778165283,445421632,G4110,C1,A,3415414,0
221704257864206,10458,ZCTA5 10458,3162261,0,G6350,B5,S,27890287325779,3651000,New York city,778165283,445421632,G4110,C1,A,3162261,0
221704257864248,10459,ZCTA5 10459,2154070,0,G6350,B5,S,27890287325779,3651000,New York city,778165283,445421632,G4110,C1,A,2154070,0
221704257864343,10460,ZCTA5 10460,3881496,39710,G6350,B5,S,27890287325779,3651000,New York city,778165283,445421632,G4110,C1,A,3881496,39710
221704257864427,10461,ZCTA5 10461,6185365,0,G6350,B5,S,27890287325779,3651000,New York city,778165283,445421632,G4110,C1,A,6185365,0
221704257864487,10462,ZCTA5 10462,3878508,15746,G6350,B5,S,27890287325779,3651000,New York city,778165283,445421632,G4110,C1,A,3878508,15746
221704257864586,10463,ZCTA5 10463,7129840,374037,G6350,B5,S,27890287325779,3651000,New York city,778165283,445421632,G4110,C1,A,7129840,374037
221704257864609,10464,ZCTA5 10464,7908514,402,G6350,B5,S,27890287325779,3651000,New York city,778165283,445421632,G4110,C1,A,7908514,402
221704257864699,10465,ZCTA5 10465,10153865,3147,G6350,B5,S,27890287325779,3651000,New York city,778165283,445421632,G4110,C1,A,10153865,3147
221704257864852,10466,ZCTA5 10466,5218976,5140,G6350,B5,S,27890287325779,3651000,New York city,778165283,445421632,G4110,C1,A,5218976,5140
221704257865111,10467,ZCTA5 10467,6036068,0,G6350,B5,S,27890287325779,3651000,New York city,778165283,445421632,G4110,C1,A,6036068,0
221704257865169,10468,ZCTA5 10468,2709578,45100,G6350,B5,S,27890287325779,3651000,New York city,778165283,445421632,G4110,C1,A,2709578,45100
221704257865286,10469,ZCTA5 10469,6282642,0,G6350,B5,S,27890287325779,3651000,New York city,778165283,445421632,G4110,C1,A,6282642,0
221704257865314,10470,ZCTA5 10470,3718691,3169,G6350,B5,S,27890287325779,3651000,New York city,778165283,445421632,G4110,C1,A,3647435,3169
221704257865314,10470,ZCTA5 10470,3718691,3169,G6350,B5,S,27890701537885,3684000,Yonkers city,46634438,5850607,G4110,C5,A,71256,0
221704257865367,10471,ZCTA5 10471,4436899,0,G6350,B5,S,27890287325779,3651000,New York city,778165283,445421632,G4110,C1,A,4436899,0
221704257865423,10472,ZCTA5 10472,2790929,0,G6350,B5,S,27890287325779,3651000,New York city,778165283,445421632,G4110,C1,A,2790929,0
221704257865566,10473,ZCTA5 10473,5537168,30220,G6350,B5,S,27890287325779,3651000,New York city,778165283,445421632,G4110,C1,A,5537168,30220
221704257865674,10474,ZCTA5 10474,3973116,10032,G6350,B5,S,27890287325779,3651000,New York city,778165283,445421632,G4110,C1,A,3973116,10032
221704257865734,10475,ZCTA5 10475,3218509,160996,G6350,B5,S,27890287325779,3651000,New York city,778165283,445421632,G4110,C1,A,3218509,160996
221704257865783,10502,ZCTA5 10502,5397234,0,G6350,B5,S,27890701537857,3602506,Ardsley village,3421377,0,G4110,C1,A,3384610,0
221704257865789,10503,ZCTA5 10503,38497,0,G6350,B5,S,27890701537866,3637803,Irvington village,7225673,3341258,G4110,C1,A,38497,0
221704257865895,10504,ZCTA5 10504,41781352,4666629,G6350,B5,S,28090701530554,3602649,Armonk CDP,15368193,241581,G4210,U1,S,15368193,241581
221704257865965,10506,ZCTA5 10506,43080639,603412,G6350,B5,S,28090701530555,3605309,Bedford CDP,9219054,123149,G4210,U1,S,9171645,123149
221704257865996,10507,ZCTA5 10507,19239414,121168,G6350,B5,S,280903724138976,3605342,Bedford Hills CDP,2655312,0,G4210,U1,S,2655312,0
221704257866196,10509,ZCTA5 10509,93434341,8651989,G6350,B5,S,27890696197706,3608070,Brewster village,1270510,9659,G4110,C1,A,1270510,9659
221704257866196,10509,ZCTA5 10509,93434341,8651989,G6350,B5,S,2809015922351132,3608081,Brewster Heights CDP,1366127,0,G4210,U1,S,1366127,0
221704257866196,10509,ZCTA5 10509,93434341,8651989,G6350,B5,S,28090696197700,3608092,Brewster Hill CDP,2253880,285301,G4210,U1,S,2253880,285301
221704257866196,10509,ZCTA5 10509,93434341,8651989,G6350,B5,S,28090696197704,3656869,Peach Lake CDP,7461357,984234,G4210,U1,S,5683937,553358
221704257866196,10509,ZCTA5 10509,93434341,8651989,G6350,B5,S,28090696197705,3660103,Putnam Lake CDP,11793366,1085369,G4210,U1,S,2180453,132648
221704257866279,10510,ZCTA5 10510,26167168,266009,G6350,B5,S,27890701537858,3608103,Briarcliff Manor village,15527998,2167717,G4110,C1,A,15527998,49596
221704257866279,10510,ZCTA5 10510,26167168,266009,G6350,B5,S,27890701537872,3655530,Ossining village,8203208,8511138,G4110,C1,A,222613,56119
221704257866287,10511,ZCTA5 10511,3894002,135491,G6350,B5,S,27890701537860,3610341,Buchanan village,3666065,865561,G4110,C1,A,3660166,135491
221704257866287,10511,ZCTA5 10511,3894002,135491,G6350,B5,S,28090701530574,3677211,Verplanck CDP,1558511,1948448,G4210,U1,S,15956,0
221704257866484,10512,ZCTA5 10512,135153988,14423586,G6350,B5,S,28090696197701,3612518,Carmel CDP,23919528,5320602,G4210,U1,S,23919528,5320602
221704257866484,10512,ZCTA5 10512,135153988,14423586,G6350,B5,S,28090696197702,3640398,Lake Carmel CDP,13532014,861791,G4210,U1,S,13532014,861791
221704257866569,10514,ZCTA5 10514,32952964,294226,G6350,B5,S,28090701530556,3613805,Chappaqua CDP,2346536,40170,G4210,U1,S,2346536,40170
221704257866645,10516,ZCTA5 10516,81500615,1587119,G6350,B5,S,27890696197707,3616936,Cold Spring village,1537737,14144,G4110,C1,A,1537737,14144
221704257866645,10516,ZCTA5 10516,81500615,1587119,G6350,B5,S,27890696197708,3649781,Nelsonville village,2677636,2794,G4110,C1,A,2677636,2794
221704257866756,10520,ZCTA5 10520,37423358,3535635,G6350,B5,S,27890701537861,3619213,Croton-on-Hudson village,12155696,15696268,G4110,C1,A,12155696,681143
221704257866756,10520,ZCTA5 10520,37423358,3535635,G6350,B5,S,28090701530558,3619290,Crugers CDP,1719994,1475537,G4210,U1,S,1719994,102558
221704257866756,10520,ZCTA5 10520,37423358,3535635,G6350,B5,S,280903724139009,3648208,Montrose CDP,4196753,2164886,G4210,U1,S,279581,3837
221704257866894,10522,ZCTA5 10522,6328659,1772,G6350,B5,S,27890701537862,3620698,Dobbs Ferry village,6274830,1948211,G4110,C1,A,6274830,1772
221704257866894,10522,ZCTA5 10522,6328659,1772,G6350,B5,S,27890701537865,3632710,Hastings-on-Hudson village,5125595,2431182,G4110,C1,A,53829,0
221704257867049,10523,ZCTA5 10523,9442168,5284,G6350,B5,S,27890701537863,3624295,Elmsford village,2737100,0,G4110,C1,A,2611558,0
221704257867115,10526,ZCTA5 10526,9189313,1279066,G6350,B5,S,28090701530561,3629476,Golden's Bridge CDP,6243569,335370,G4210,U2,S,2918430,236882
221704257867206,10528,ZCTA5 10528,9787224,3801,G6350,B5,S,27890701537864,3632402,Harrison village,43422937,1746669,G4110,C1,A,9675325,3801
221704257867206,10528,ZCTA5 10528,9787224,3801,G6350,B5,S,27890701537868,3644831,Mamaroneck village,8311614,8822663,G4110,C1,A,2279,0
221704257867206,10528,ZCTA5 10528,9787224,3801,G6350,B5,S,27890701537878,3664309,Rye city,15157983,36700859,G4110,C5,A,109620,0
221704257867241,10530,ZCTA5 10530,10138211,21972,G6350,B5,S,28090701530562,3630642,Greenville CDP,6774073,88865,G4210,U1,S,1113842,21290
221704257867241,10530,ZCTA5 10530,10138211,21972,G6350,B5,S,28090701530563,3632523,Hartsdale CDP,2197493,0,G4210,U1,S,1636855,0
221704257867241,10530,ZCTA5 10530,10138211,21972,G6350,B5,S,27890701537880,3665431,Scarsdale village,17288625,20853,G4110,C1,A,88152,0
221704257867320,10532,ZCTA5 10532,6059316,10073,G6350,B5,S,28090701530564,3632842,Hawthorne CDP,2844944,0,G4210,U1,S,2844944,0
221704257867320,10532,ZCTA5 10532,6059316,10073,G6350,B5,S,28090701530572,3673715,Thornwood CDP,2892642,0,G4210,U1,S,57476,0
221704257867366,10533,ZCTA5 10533,9209214,145138,G6350,B5,S,27890701537866,3637803,Irvington village,7225673,3341258,G4110,C1,A,7187176,128031
221704257867366,10533,ZCTA5 10533,9209214,145138,G6350,B5,S,27890701537882,3673176,Tarrytown village,7603008,7130089,G4110,C1,A,154126,7531
221704257867367,10535,ZCTA5 10535,1178155,154348,G6350,B5,S,28090701530566,3638500,Jefferson Valley-Yorktown CDP,18023643,247862,G4210,U2,S,1178155,154348
221704257867436,10536,ZCTA5 10536,68937559,7271581,G6350,B5,S,28090701530561,3629476,Golden's Bridge CDP,6243569,335370,G4210,U2,S,3325139,98488
221704257867436,10536,ZCTA5 10536,68937559,7271581,G6350,B5,S,280903724139014,3638946,Katonah CDP,1901582,204039,G4210,U1,S,1901582,204039
221704257867474,10538,ZCTA5 10538,9101194,58775,G6350,B5,S,27890701537867,3641333,Larchmont village,2838001,5124,G4110,C1,A,2838001,2956
221704257867474,10538,ZCTA5 10538,9101194,58775,G6350,B5,S,27890701537868,3644831,Mamaroneck village,8311614,8822663,G4110,C1,A,176565,0
221704257867474,10538,ZCTA5 10538,9101194,58775,G6350,B5,S,27890701537871,3650617,New Rochelle city,26640882,7404359,G4110,C5,A,270067,7320
221704257867542,10541,ZCTA5 10541,64141890,4263048,G6350,B5,S,28090701530568,3642455,Lincolndale CDP,2495213,107435,G4210,U1,S,1981087,89210
221704257867542,10541,ZCTA5 10541,64141890,4263048,G6350,B5,S,28090696197703,3644534,Mahopac CDP,15872860,3085096,G4210,U1,S,15796486,3085096
2217026265990934,10542,ZCTA5 10542,76374,0,G6350,B5,S,28090696197703,3644534,Mahopac CDP,15872860,3085096,G4210,U1,S,76374,0
221704257867614,10543,ZCTA5 10543,11093308,373055,G6350,B5,S,27890701537868,3644831,Mamaroneck village,8311614,8822663,G4110,C1,A,8079915,373055
221704257867614,10543,ZCTA5 10543,11093308,373055,G6350,B5,S,27890701537880,3665431,Scarsdale village,17288625,20853,G4110,C1,A,316034,0
221704257867628,10546,ZCTA5 10546,3122927,12947,G6350,B5,S,2809015707515984,3647482,Millwood CDP,1559582,12947,G4210,U1,S,1559582,12947
221704257867653,10547,ZCTA5 10547,12686484,500810,G6350,B5,S,28090701530557,3619092,Crompond CDP,6280014,51123,G4210,U1,S,2504871,0
221704257867653,10547,ZCTA5 10547,12686484,500810,G6350,B5,S,28090701530567,3640689,Lake Mohegan CDP,7477429,500810,G4210,U1,S,6986620,500810
221704257867653,10547,ZCTA5 10547,12686484,500810,G6350,B5,S,28090701530571,3667279,Shrub Oak CDP,4087493,69152,G4210,U1,S,1319847,0
221704257867698,10548,ZCTA5 10548,5339864,137045,G6350,B5,S,27890701537860,3610341,Buchanan village,3666065,865561,G4110,C1,A,5899,232
221704257867698,10548,ZCTA5 10548,5339864,137045,G6350,B5,S,280903724139009,3648208,Montrose CDP,4196753,2164886,G4210,U1,S,3917172,136813
221704257867778,10549,ZCTA5 10549,49451202,1633816,G6350,B5,S,28090701530555,3605309,Bedford CDP,9219054,123149,G4210,U1,S,47409,0
221704257867778,10549,ZCTA5 10549,49451202,1633816,G6350,B5,S,27890701537869,3648890,Mount Kisco village,7877311,78917,G4110,C1,A,7877311,78917
221704257867856,10550,ZCTA5 10550,5149451,26819,G6350,B5,S,27890701537870,3649121,Mount Vernon city,11377785,44440,G4110,C5,A,5148364,26819
221704257867856,10550,ZCTA5 10550,5149451,26819,G6350,B5,S,27890287325779,3651000,New York city,778165283,445421632,G4110,C1,A,1087,0
221704257867933,10552,ZCTA5 10552,4274378,23529,G6350,B5,S,27890701537870,3649121,Mount Vernon city,11377785,44440,G4110,C5,A,4255379,17621
221704257867933,10552,ZCTA5 10552,4274378,23529,G6350,B5,S,27890701537874,3657001,Pelham village,2129386,5908,G4110,C1,A,18999,5908
221704257867947,10553,ZCTA5 10553,1807942,0,G6350,B5,S,27890701537870,3649121,Mount Vernon city,11377785,44440,G4110,C5,A,1793326,0
221704257867947,10553,ZCTA5 10553,1807942,0,G6350,B5,S,27890701537874,3657001,Pelham village,2129386,5908,G4110,C1,A,14616,0
221704257867958,10560,ZCTA5 10560,54139930,3544254,G6350,B5,S,28090696197704,3656869,Peach Lake CDP,7461357,984234,G4210,U1,S,1777420,430876
221704257868159,10562,ZCTA5 10562,34999316,1413539,G6350,B5,S,27890701537872,3655530,Ossining village,8203208,8511138,G4110,C1,A,7980595,111
221704257868290,10566,ZCTA5 10566,11245243,599227,G6350,B5,S,27890701537873,3656979,Peekskill city,11251161,3177119,G4110,C5,A,11245243,599227
221704257868352,10567,ZCTA5 10567,58316435,1097847,G6350,B5,S,28090701530557,3619092,Crompond CDP,6280014,51123,G4210,U1,S,1271618,3208
221704257868352,10567,ZCTA5 10567,58316435,1097847,G6350,B5,S,27890701537873,3656979,Peekskill city,11251161,3177119,G4110,C5,A,4362,0
221704257868449,10570,ZCTA5 10570,18441825,222178,G6350,B5,S,27890701537876,3658728,Pleasantville village,4798715,6261,G4110,C1,A,4798715,6261
221704257868449,10570,ZCTA5 10570,18441825,222178,G6350,B5,S,28090701530572,3673715,Thornwood CDP,2892642,0,G4210,U1,S,150484,0
221704257868601,10573,ZCTA5 10573,14162379,274392,G6350,B5,S,27890701537864,3632402,Harrison village,43422937,1746669,G4110,C1,A,123318,30761
221704257868601,10573,ZCTA5 10573,14162379,274392,G6350,B5,S,27890701537877,3659223,Port Chester village,6029919,185190,G4110,C1,A,5997023,185190
221704257868601,10573,ZCTA5 10573,14162379,274392,G6350,B5,S,27890701537878,3664309,Rye city,15157983,36700859,G4110,C5,A,108991,0
221704257868601,10573,ZCTA5 10573,14162379,274392,G6350,B5,S,27890701537879,3664325,Rye Brook village,8879538,58441,G4110,C1,A,7933047,58441
221704257868614,10576,ZCTA5 10576,58025007,2305642,G6350,B5,S,28090701530569,3665948,Scotts Corners CDP,4592575,0,G4210,U1,S,4592575,0
221704257868624,10577,ZCTA5 10577,17172662,83550,G6350,B5,S,27890701537864,3632402,Harrison village,43422937,1746669,G4110,C1,A,17163649,83550
221704257868624,10577,ZCTA5 10577,17172662,83550,G6350,B5,S,27890701537879,3664325,Rye Brook village,8879538,58441,G4110,C1,A,9013,0
221704257868820,10580,ZCTA5 10580,21633637,518758,G6350,B5,S,27890701537864,3632402,Harrison village,43422937,1746669,G4110,C1,A,6770088,18989
221704257868820,10580,ZCTA5 10580,21633637,518758,G6350,B5,S,27890701537868,3644831,Mamaroneck village,8311614,8822663,G4110,C1,A,45630,0
221704257868820,10580,ZCTA5 10580,21633637,518758,G6350,B5,S,27890701537877,3659223,Port Chester village,6029919,185190,G4110,C1,A,32896,0
221704257868820,10580,ZCTA5 10580,21633637,518758,G6350,B5,S,27890701537878,3664309,Rye city,15157983,36700859,G4110,C5,A,14785023,499769
221704257869129,10583,ZCTA5 10583,32186058,96922,G6350,B5,S,27890701537857,3602506,Ardsley village,3421377,0,G4110,C1,A,36767,0
221704257869129,10583,ZCTA5 10583,32186058,96922,G6350,B5,S,28090701530559,3621809,Eastchester CDP,8548837,293167,G4210,U1,S,3100530,0
221704257869129,10583,ZCTA5 10583,32186058,96922,G6350,B5,S,28090701530562,3630642,Greenville CDP,6774073,88865,G4210,U1,S,5660231,67575
221704257869129,10583,ZCTA5 10583,32186058,96922,G6350,B5,S,28090701530563,3632523,Hartsdale CDP,2197493,0,G4210,U1,S,560638,0
221704257869129,10583,ZCTA5 10583,32186058,96922,G6350,B5,S,27890701537871,3650617,New Rochelle city,26640882,7404359,G4110,C5,A,1889426,8494
221704257869129,10583,ZCTA5 10583,32186058,96922,G6350,B5,S,27890701537880,3665431,Scarsdale village,17288625,20853,G4110,C1,A,16884439,20853
221704257869129,10583,ZCTA5 10583,32186058,96922,G6350,B5,S,27890701537885,3684000,Yonkers city,46634438,5850607,G4110,C5,A,1353855,0
221704257869199,10588,ZCTA5 10588,4210374,69152,G6350,B5,S,28090701530566,3638500,Jefferson Valley-Yorktown CDP,18023643,247862,G4210,U2,S,833724,0
221704257869199,10588,ZCTA5 10588,4210374,69152,G6350,B5,S,28090701530567,3640689,Lake Mohegan CDP,7477429,500810,G4210,U1,S,490809,0
221704257869199,10588,ZCTA5 10588,4210374,69152,G6350,B5,S,28090701530571,3667279,Shrub Oak CDP,4087493,69152,G4210,U1,S,2767646,69152
221704257869306,10589,ZCTA5 10589,17825867,754770,G6350,B5,S,28090701530565,3634118,Heritage Hills CDP,4833175,100127,G4210,U1,S,4833175,100127
221704257869306,10589,ZCTA5 10589,17825867,754770,G6350,B5,S,28090701530568,3642455,Lincolndale CDP,2495213,107435,G4210,U1,S,514126,18225
221704257869453,10591,ZCTA5 10591,24360182,571462,G6350,B5,S,27890701537863,3624295,Elmsford village,2737100,0,G4110,C1,A,14877,0
221704257869453,10591,ZCTA5 10591,24360182,571462,G6350,B5,S,27890701537881,3667638,Sleepy Hollow village,5809691,7674764,G4110,C1,A,5809691,46669
221704257869453,10591,ZCTA5 10591,24360182,571462,G6350,B5,S,27890701537882,3673176,Tarrytown village,7603008,7130089,G4110,C1,A,7448882,376028
221704257869476,10594,ZCTA5 10594,6680322,0,G6350,B5,S,28090701530572,3673715,Thornwood CDP,2892642,0,G4210,U1,S,2684682,0
221704257869491,10595,ZCTA5 10595,13778011,2436686,G6350,B5,S,28090701530573,3676639,Valhalla CDP,2148536,0,G4210,U1,S,2148536,0
221704257869492,10596,ZCTA5 10596,1542555,281804,G6350,B5,S,280903724139009,3648208,Montrose CDP,4196753,2164886,G4210,U1,S,0,3399
221704257869492,10596,ZCTA5 10596,1542555,281804,G6350,B5,S,28090701530574,3677211,Verplanck CDP,1558511,1948448,G4210,U1,S,1542555,278405
221704257869609,10598,ZCTA5 10598,65435104,6154256,G6350,B5,S,28090701530557,3619092,Crompond CDP,6280014,51123,G4210,U1,S,2503525,47915
221704257869609,10598,ZCTA5 10598,65435104,6154256,G6350,B5,S,28090701530566,3638500,Jefferson Valley-Yorktown CDP,18023643,247862,G4210,U2,S,16011764,93514
221704257869609,10598,ZCTA5 10598,65435104,6154256,G6350,B5,S,28090701530570,3666872,Shenorock CDP,1813741,76185,G4210,U1,S,1813741,76185
221704257869609,10598,ZCTA5 10598,65435104,6154256,G6350,B5,S,28090701530575,3684088,Yorktown Heights CDP,2379367,8652,G4210,U1,S,2379367,8652
221704257869611,10601,ZCTA5 10601,1672300,0,G6350,B5,S,27890701537884,3681677,White Plains city,25217999,318753,G4110,C5,A,1672300,0
221704257869705,10603,ZCTA5 10603,8725223,19223,G6350,B5,S,28090701530560,3625120,Fairview CDP,1108886,6973,G4210,U1,S,369185,0
221704257869705,10603,ZCTA5 10603,8725223,19223,G6350,B5,S,27890701537884,3681677,White Plains city,25217999,318753,G4110,C5,A,1926332,12500
221704257869730,10604,ZCTA5 10604,17487112,3353995,G6350,B5,S,27890701537864,3632402,Harrison village,43422937,1746669,G4110,C1,A,9413194,1605900
221704257869730,10604,ZCTA5 10604,17487112,3353995,G6350,B5,S,27890701537879,3664325,Rye Brook village,8879538,58441,G4110,C1,A,937478,0
221704257869730,10604,ZCTA5 10604,17487112,3353995,G6350,B5,S,27890701537884,3681677,White Plains city,25217999,318753,G4110,C5,A,4079631,282541
221704257869845,10605,ZCTA5 10605,13910950,27380,G6350,B5,S,27890701537864,3632402,Harrison village,43422937,1746669,G4110,C1,A,277363,3668
221704257869845,10605,ZCTA5 10605,13910950,27380,G6350,B5,S,27890701537884,3681677,White Plains city,25217999,318753,G4110,C5,A,13633587,23712
221704257869890,10606,ZCTA5 10606,3843643,0,G6350,B5,S,27890701537884,3681677,White Plains city,25217999,318753,G4110,C5,A,3817903,0
221704257869931,10607,ZCTA5 10607,5544989,12442,G6350,B5,S,27890701537863,3624295,Elmsford village,2737100,0,G4110,C1,A,110665,0
221704257869931,10607,ZCTA5 10607,5544989,12442,G6350,B5,S,28090701530560,3625120,Fairview CDP,1108886,6973,G4210,U1,S,739701,6973
221704257869931,10607,ZCTA5 10607,5544989,12442,G6350,B5,S,27890701537884,3681677,White Plains city,25217999,318753,G4110,C5,A,88246,0
221704257869979,10701,ZCTA5 10701,11341985,0,G6350,B5,S,27890701537865,3632710,Hastings-on-Hudson village,5125595,2431182,G4110,C1,A,132760,0
221704257869979,10701,ZCTA5 10701,11341985,0,G6350,B5,S,27890701537885,3684000,Yonkers city,46634438,5850607,G4110,C5,A,11209225,0
221704257869997,10703,ZCTA5 10703,4070489,0,G6350,B5,S,27890701537885,3684000,Yonkers city,46634438,5850607,G4110,C5,A,4070489,0
221704257870077,10704,ZCTA5 10704,6913768,355475,G6350,B5,S,27890701537885,3684000,Yonkers city,46634438,5850607,G4110,C5,A,6913768,355475
221704257870223,10705,ZCTA5 10705,5732991,59198,G6350,B5,S,27890701537885,3684000,Yonkers city,46634438,5850607,G4110,C5,A,5732991,59198
221704257870293,10706,ZCTA5 10706,6897699,0,G6350,B5,S,27890701537865,3632710,Hastings-on-Hudson village,5125595,2431182,G4110,C1,A,4939006,0
221704257870359,10707,ZCTA5 10707,3288551,0,G6350,B5,S,28090701530559,3621809,Eastchester CDP,8548837,293167,G4210,U1,S,117949,0
221704257870359,10707,ZCTA5 10707,3288551,0,G6350,B5,S,27890701537883,3675583,Tuckahoe village,1556633,0,G4110,C1,A,1506085,0
221704257870359,10707,ZCTA5 10707,3288551,0,G6350,B5,S,27890701537885,3684000,Yonkers city,46634438,5850607,G4110,C5,A,1664517,0
221704257870546,10708,ZCTA5 10708,7597173,33690,G6350,B5,S,27890701537859,3608532,Bronxville village,2518650,0,G4110,C1,A,2518650,0
221704257870546,10708,ZCTA5 10708,7597173,33690,G6350,B5,S,28090701530559,3621809,Eastchester CDP,8548837,293167,G4210,U1,S,1353760,33690
221704257870546,10708,ZCTA5 10708,7597173,33690,G6350,B5,S,27890701537870,3649121,Mount Vernon city,11377785,44440,G4110,C5,A,146035,0
221704257870546,10708,ZCTA5 10708,7597173,33690,G6350,B5,S,27890701537883,3675583,Tuckahoe village,1556633,0,G4110,C1,A,37337,0
221704257870546,10708,ZCTA5 10708,7597173,33690,G6350,B5,S,27890701537885,3684000,Yonkers city,46634438,5850607,G4110,C5,A,3541391,0
221704257870577,10709,ZCTA5 10709,4028082,268518,G6350,B5,S,28090701530559,3621809,Eastchester CDP,8548837,293167,G4210,U1,S,3976598,259477
221704257870577,10709,ZCTA5 10709,4028082,268518,G6350,B5,S,27890701537871,3650617,New Rochelle city,26640882,7404359,G4110,C5,A,41367,9041
221704257870577,10709,ZCTA5 10709,4028082,268518,G6350,B5,S,27890701537883,3675583,Tuckahoe village,1556633,0,G4110,C1,A,10117,0
221704257870650,10710,ZCTA5 10710,11921274,674781,G6350,B5,S,27890701537883,3675583,Tuckahoe village,1556633,0,G4110,C1,A,3094,0
221704257870650,10710,ZCTA5 10710,11921274,674781,G6350,B5,S,27890701537885,3684000,Yonkers city,46634438,5850607,G4110,C5,A,11918180,674781
221704257870885,10801,ZCTA5 10801,8870666,108492,G6350,B5,S,27890701537871,3650617,New Rochelle city,26640882,7404359,G4110,C5,A,8863284,108492
221704257870896,10803,ZCTA5 10803,5729978,113499,G6350,B5,S,27890701537870,3649121,Mount Vernon city,11377785,44440,G4110,C5,A,34681,0
221704257870896,10803,ZCTA5 10803,5729978,113499,G6350,B5,S,27890701537871,3650617,New Rochelle city,26640882,7404359,G4110,C5,A,47645,0
221704257870896,10803,ZCTA5 10803,5729978,113499,G6350,B5,S,27890287325779,3651000,New York city,778165283,445421632,G4110,C1,A,48427,0
221704257870896,10803,ZCTA5 10803,5729978,113499,G6350,B5,S,27890701537874,3657001,Pelham village,2129386,5908,G4110,C1,A,2095771,0
221704257870896,10803,ZCTA5 10803,5729978,113499,G6350,B5,S,27890701537875,3657023,Pelham Manor village,3503454,113499,G4110,C1,A,3503454,113499
221704257870924,10804,ZCTA5 10804,11079287,261576,G6350,B5,S,27890701537871,3650617,New Rochelle city,26640882,7404359,G4110,C5,A,11079287,261576
221704257870937,10805,ZCTA5 10805,4431239,6271800,G6350,B5,S,27890701537871,3650617,New Rochelle city,26640882,7404359,G4110,C5,A,4431239,6271800
221704257870999,10901,ZCTA5 10901,60975142,262573,G6350,B5,S,27890697016747,3600408,Airmont village,11823371,4574,G4110,C1,A,4616828,0
221704257870999,10901,ZCTA5 10901,60975142,262573,G6350,B5,S,27890697016753,3648090,Montebello village,11183471,24636,G4110,C1,A,11183471,24636
221704257870999,10901,ZCTA5 10901,60975142,262573,G6350,B5,S,27890697016758,3658992,Pomona village,6209013,0,G4110,C1,A,1084099,0
221704257870999,10901,ZCTA5 10901,60975142,262573,G6350,B5,S,27890697016762,3671894,Suffern village,5430480,83599,G4110,C1,A,5430480,83599
221704257870999,10901,ZCTA5 10901,60975142,262573,G6350,B5,S,28090697012623,3677574,Viola CDP,7161423,1659,G4210,U1,S,2649654,1659
221704257870999,10901,ZCTA5 10901,60975142,262573,G6350,B5,S,27890697016764,3679174,Wesley Hills village,8683188,60545,G4110,C1,A,4138959,50740
221704257871075,10913,ZCTA5 10913,10743783,281308,G6350,B5,S,28090697012610,3606860,Blauvelt CDP,11660789,281308,G4210,U1,S,10569475,281308
221704257871075,10913,ZCTA5 10913,10743783,281308,G6350,B5,S,28090697012617,3655167,Orangeburg CDP,7932895,0,G4210,U1,S,174308,0
221704257871096,10916,ZCTA5 10916,60825105,452996,G6350,B5,S,27890732195710,3646162,Maybrook village,3507463,14293,G4110,C1,A,1229899,14293
221704257871113,10917,ZCTA5 10917,12476047,733187,G6350,B5,S,278901931846489,3682750,Woodbury village,92141179,2747485,G4110,C1,A,12476047,733187
221704257871313,10918,ZCTA5 10918,84556927,1140863,G6350,B5,S,27890732195702,3615297,Chester village,5563811,0,G4110,C1,A,5544642,0
221704257871313,10918,ZCTA5 10918,84556927,1140863,G6350,B5,S,28090732194460,3678063,Walton Park CDP,7988857,911837,G4210,U1,S,782032,1908
221704257871337,10920,ZCTA5 10920,11556168,1414294,G6350,B5,S,28090697012611,3617739,Congers CDP,8249477,1928000,G4210,U1,S,7096629,1401094
221704257871337,10920,ZCTA5 10920,11556168,1414294,G6350,B5,S,28090697012616,3650100,New City CDP,40031088,2052993,G4210,U1,S,753907,8042
221704257871337,10920,ZCTA5 10920,11556168,1414294,G6350,B5,S,28090697012622,3676661,Valley Cottage CDP,11390038,469501,G4210,U1,S,520340,0
221704257871446,10921,ZCTA5 10921,21382374,44611,G6350,B5,S,27890732195704,3626319,Florida village,5831248,10909,G4110,C1,A,5831248,10909
221704257871449,10922,ZCTA5 10922,5366162,146366,G6350,B5,S,28090732194450,3626902,Fort Montgomery CDP,4768104,80238,G4210,U1,S,2528235,44018
221704257871473,10923,ZCTA5 10923,5199547,85810,G6350,B5,S,28090697012614,3648879,Mount Ivy CDP,3811309,0,G4210,U1,S,440147,0
221704257871473,10923,ZCTA5 10923,5199547,85810,G6350,B5,S,28090697012621,3673583,Thiells CDP,4706303,83759,G4210,U1,S,1668680,61365
221704257871473,10923,ZCTA5 10923,5199547,85810,G6350,B5,S,27890697016765,3680203,West Haverstraw village,3942882,57171,G4110,C1,A,2224672,24445
221704257871551,10924,ZCTA5 10924,103809839,595200,G6350,B5,S,27890732195702,3615297,Chester village,5563811,0,G4110,C1,A,19169,0
221704257871551,10924,ZCTA5 10924,103809839,595200,G6350,B5,S,27890732195705,3629542,Goshen village,8599613,0,G4110,C1,A,8599613,0
221704257871572,10925,ZCTA5 10925,23748329,4482337,G6350,B5,S,27890732195706,3630752,Greenwood Lake village,5238434,1099456,G4110,C1,A,5160478,1099456
221704257871662,10926,ZCTA5 10926,44981246,2041730,G6350,B5,S,27890732195707,3632325,Harriman village,2601406,45677,G4110,C1,A,2601406,45677
221704257871662,10926,ZCTA5 10926,44981246,2041730,G6350,B5,S,278901931846489,3682750,Woodbury village,92141179,2747485,G4110,C1,A,7013565,297578
221704257871697,10927,ZCTA5 10927,5135771,216458,G6350,B5,S,27890697016750,3632754,Haverstraw village,5135771,7916923,G4110,C1,A,5135771,216458
221704257871743,10928,ZCTA5 10928,21654496,508383,G6350,B5,S,28090732194450,3626902,Fort Montgomery CDP,4768104,80238,G4210,U1,S,2239869,36220
221704257871743,10928,ZCTA5 10928,21654496,508383,G6350,B5,S,27890732195708,3634495,Highland Falls village,2832502,24410,G4110,C1,A,2832502,24410
221704257871743,10928,ZCTA5 10928,21654496,508383,G6350,B5,S,28090732194463,3680747,West Point CDP,47746843,2334053,G4210,M2,S,14078222,350730
221704257871802,10930,ZCTA5 10930,41530336,604168,G6350,B5,S,278901931846489,3682750,Woodbury village,92141179,2747485,G4110,C1,A,32607898,546937
221704257871819,10931,ZCTA5 10931,6419454,75000,G6350,B5,S,27890697016751,3634660,Hillburn village,5792045,45880,G4110,C1,A,5792045,45880
221704257871932,10940,ZCTA5 10940,163556122,2684330,G6350,B5,S,28090732194454,3646349,Mechanicstown CDP,8673786,144992,G4210,U1,S,8673786,144992
221704257871932,10940,ZCTA5 10940,163556122,2684330,G6350,B5,S,27890732195711,3647042,Middletown city,13741253,68681,G4110,C5,A,13741253,68681
221704257871932,10940,ZCTA5 10940,163556122,2684330,G6350,B5,S,28090732194461,3678421,Washington Heights CDP,3810645,12237,G4210,U1,S,3810645,12237
221704257872001,10941,ZCTA5 10941,82988328,518722,G6350,B5,S,28090732194458,3665882,Scotchtown CDP,12528524,31999,G4210,U1,S,12528524,31999
221704257872186,10950,ZCTA5 10950,95309413,3803147,G6350,B5,S,27890732195706,3630752,Greenwood Lake village,5238434,1099456,G4110,C1,A,77956,0
221704257872186,10950,ZCTA5 10950,95309413,3803147,G6350,B5,S,27890732195709,3639853,Kiryas Joel village,3785895,77882,G4110,C1,A,3785895,77882
221704257872186,10950,ZCTA5 10950,95309413,3803147,G6350,B5,S,27890732195712,3647988,Monroe village,9047725,166940,G4110,C1,A,9047725,166940
221704257872186,10950,ZCTA5 10950,95309413,3803147,G6350,B5,S,280903939469446,3648750,Mountain Lodge Park CDP,3835323,11201,G4210,U1,S,3835323,11201
221704257872186,10950,ZCTA5 10950,95309413,3803147,G6350,B5,S,278901931838196,3668610,South Blooming Grove village,12095747,86164,G4110,C1,A,12095747,86164
221704257872186,10950,ZCTA5 10950,95309413,3803147,G6350,B5,S,28090732194460,3678063,Walton Park CDP,7988857,911837,G4210,U1,S,7206825,909929
221704257872186,10950,ZCTA5 10950,95309413,3803147,G6350,B5,S,278901931846489,3682750,Woodbury village,92141179,2747485,G4110,C1,A,2908833,31445
221704257872256,10952,ZCTA5 10952,23169619,49894,G6350,B5,S,27890697016747,3600408,Airmont village,11823371,4574,G4110,C1,A,7206543,4574
221704257872256,10952,ZCTA5 10952,23169619,49894,G6350,B5,S,27890697016748,3615400,Chestnut Ridge village,12826500,7328,G4110,C1,A,2364535,0
221704257872256,10952,ZCTA5 10952,23169619,49894,G6350,B5,S,27890697016752,3638934,Kaser village,445202,0,G4110,C1,A,445202,0
221704257872256,10952,ZCTA5 10952,23169619,49894,G6350,B5,S,28090697012613,3648010,Monsey CDP,5936563,35515,G4210,U1,S,5076710,35515
221704257872256,10952,ZCTA5 10952,23169619,49894,G6350,B5,S,27890697016754,3650353,New Hempstead village,7361469,25830,G4110,C1,A,55780,0
221704257872256,10952,ZCTA5 10952,23169619,49894,G6350,B5,S,27890697016761,3670420,Spring Valley village,5207416,5474,G4110,C1,A,612031,0
221704257872256,10952,ZCTA5 10952,23169619,49894,G6350,B5,S,28090697012623,3677574,Viola CDP,7161423,1659,G4210,U1,S,4511769,0
221704257872256,10952,ZCTA5 10952,23169619,49894,G6350,B5,S,27890697016764,3679174,Wesley Hills village,8683188,60545,G4110,C1,A,2713252,9805
221704257872294,10954,ZCTA5 10954,17843608,13218,G6350,B5,S,28090697012609,3604396,Bardonia CDP,6636214,503900,G4210,U1,S,2663764,0
221704257872294,10954,ZCTA5 10954,17843608,13218,G6350,B5,S,27890697016748,3615400,Chestnut Ridge village,12826500,7328,G4110,C1,A,104027,0
221704257872294,10954,ZCTA5 10954,17843608,13218,G6350,B5,S,28090697012615,3649407,Nanuet CDP,14073457,13218,G4210,U1,S,12654684,13218
221704257872294,10954,ZCTA5 10954,17843608,13218,G6350,B5,S,28090697012616,3650100,New City CDP,40031088,2052993,G4210,U1,S,1719393,0
221704257872294,10954,ZCTA5 10954,17843608,13218,G6350,B5,S,28090697012618,3656902,Pearl River CDP,17598648,1032039,G4210,U1,S,668415,0
221704257872294,10954,ZCTA5 10954,17843608,13218,G6350,B5,S,27890697016761,3670420,Spring Valley village,5207416,5474,G4110,C1,A,33325,0
221704257872376,10956,ZCTA5 10956,39937099,2044951,G6350,B5,S,28090697012609,3604396,Bardonia CDP,6636214,503900,G4210,U1,S,127403,0
221704257872376,10956,ZCTA5 10956,39937099,2044951,G6350,B5,S,28090697012616,3650100,New City CDP,40031088,2052993,G4210,U1,S,37485395,2044951
221704257872376,10956,ZCTA5 10956,39937099,2044951,G6350,B5,S,27890697016754,3650353,New Hempstead village,7361469,25830,G4110,C1,A,71987,0
221704257872472,10960,ZCTA5 10960,12221537,0,G6350,B5,S,28090697012610,3606860,Blauvelt CDP,11660789,281308,G4210,U1,S,572885,0
221704257872472,10960,ZCTA5 10960,12221537,0,G6350,B5,S,27890697016749,3629872,Grand View-on-Hudson village,453623,0,G4110,C1,A,453623,0
221704257872472,10960,ZCTA5 10960,12221537,0,G6350,B5,S,27890697016756,3654100,Nyack village,1995139,2170006,G4110,C1,A,1995139,0
221704257872472,10960,ZCTA5 10960,12221537,0,G6350,B5,S,28090697012617,3655167,Orangeburg CDP,7932895,0,G4210,U1,S,1035119,0
221704257872472,10960,ZCTA5 10960,12221537,0,G6350,B5,S,27890697016757,3657749,Piermont village,1745794,1225348,G4110,C1,A,128960,0
221704257872472,10960,ZCTA5 10960,12221537,0,G6350,B5,S,27890697016760,3669441,South Nyack village,1563154,2793976,G4110,C1,A,1563154,0
221704257872472,10960,ZCTA5 10960,12221537,0,G6350,B5,S,27890697016763,3676386,Upper Nyack village,3164275,8140960,G4110,C1,A,3164275,0
221704257872472,10960,ZCTA5 10960,12221537,0,G6350,B5,S,28090697012622,3676661,Valley Cottage CDP,11390038,469501,G4210,U1,S,796310,0
221704257872506,10962,ZCTA5 10962,13496970,727798,G6350,B5,S,28090697012610,3606860,Blauvelt CDP,11660789,281308,G4210,U1,S,518429,0
221704257872506,10962,ZCTA5 10962,13496970,727798,G6350,B5,S,28090697012617,3655167,Orangeburg CDP,7932895,0,G4210,U1,S,6024227,0
221704257872506,10962,ZCTA5 10962,13496970,727798,G6350,B5,S,28090697012618,3656902,Pearl River CDP,17598648,1032039,G4210,U1,S,2634407,540791
221704257872506,10962,ZCTA5 10962,13496970,727798,G6350,B5,S,28090697012620,3673154,Tappan CDP,7141312,16676,G4210,U1,S,1621295,0
221704257872525,10963,ZCTA5 10963,34194406,277954,G6350,B5,S,27890732195715,3655673,Otisville village,1979197,0,G4110,C1,A,1979197,0
221704257872528,10964,ZCTA5 10964,6302656,0,G6350,B5,S,28090697012620,3673154,Tappan CDP,7141312,16676,G4210,U1,S,1015721,0
221704257872726,10965,ZCTA5 10965,13553545,491248,G6350,B5,S,27890697016748,3615400,Chestnut Ridge village,12826500,7328,G4110,C1,A,595462,0
221704257872726,10965,ZCTA5 10965,13553545,491248,G6350,B5,S,28090697012615,3649407,Nanuet CDP,14073457,13218,G4210,U1,S,14560,0
221704257872726,10965,ZCTA5 10965,13553545,491248,G6350,B5,S,28090697012618,3656902,Pearl River CDP,17598648,1032039,G4210,U1,S,12943523,491248
221704257872729,10968,ZCTA5 10968,1611256,11711,G6350,B5,S,27890697016757,3657749,Piermont village,1745794,1225348,G4110,C1,A,1611256,11711
221704257872770,10970,ZCTA5 10970,29047081,508379,G6350,B5,S,28090697012614,3648879,Mount Ivy CDP,3811309,0,G4210,U1,S,3331136,0
221704257872770,10970,ZCTA5 10970,29047081,508379,G6350,B5,S,27890697016754,3650353,New Hempstead village,7361469,25830,G4110,C1,A,171489,0
221704257872770,10970,ZCTA5 10970,29047081,508379,G6350,B5,S,27890697016758,3658992,Pomona village,6209013,0,G4110,C1,A,5061606,0
221704257872813,10974,ZCTA5 10974,19192352,881949,G6350,B5,S,27890697016759,3667708,Sloatsburg village,6404753,99648,G4110,C1,A,6404753,99648
221704257872818,10976,ZCTA5 10976,2954636,11983,G6350,B5,S,28090697012617,3655167,Orangeburg CDP,7932895,0,G4210,U1,S,699241,0
221704257872818,10976,ZCTA5 10976,2954636,11983,G6350,B5,S,27890697016757,3657749,Piermont village,1745794,1225348,G4110,C1,A,5578,0
221704257872818,10976,ZCTA5 10976,2954636,11983,G6350,B5,S,280903939470102,3670068,Sparkill CDP,1371839,0,G4210,U1,S,483170,0
221704257872915,10977,ZCTA5 10977,29162673,38632,G6350,B5,S,27890697016748,3615400,Chestnut Ridge village,12826500,7328,G4110,C1,A,9762476,7328
221704257872915,10977,ZCTA5 10977,29162673,38632,G6350,B5,S,28090697012612,3634693,Hillcrest CDP,3367898,0,G4210,U1,S,3367898,0
221704257872915,10977,ZCTA5 10977,29162673,38632,G6350,B5,S,28090697012613,3648010,Monsey CDP,5936563,35515,G4210,U1,S,859853,0
221704257872915,10977,ZCTA5 10977,29162673,38632,G6350,B5,S,28090697012615,3649407,Nanuet CDP,14073457,13218,G4210,U1,S,159634,0
221704257872915,10977,ZCTA5 10977,29162673,38632,G6350,B5,S,27890697016754,3650353,New Hempstead village,7361469,25830,G4110,C1,A,7062213,25830
221704257872915,10977,ZCTA5 10977,29162673,38632,G6350,B5,S,27890697016755,3650705,New Square village,951395,0,G4110,C1,A,951395,0
221704257872915,10977,ZCTA5 10977,29162673,38632,G6350,B5,S,27890697016761,3670420,Spring Valley village,5207416,5474,G4110,C1,A,4562060,5474
221704257872915,10977,ZCTA5 10977,29162673,38632,G6350,B5,S,27890697016764,3679174,Wesley Hills village,8683188,60545,G4110,C1,A,1830977,0
221704257872983,10980,ZCTA5 10980,70967788,3075957,G6350,B5,S,27890697016758,3658992,Pomona village,6209013,0,G4110,C1,A,63308,0
221704257872983,10980,ZCTA5 10980,70967788,3075957,G6350,B5,S,28090697012619,3671663,Stony Point CDP,15240558,3367814,G4210,U1,S,15240558,253741
221704257872991,10983,ZCTA5 10983,5392965,16676,G6350,B5,S,280903939470102,3670068,Sparkill CDP,1371839,0,G4210,U1,S,888669,0
221704257872991,10983,ZCTA5 10983,5392965,16676,G6350,B5,S,28090697012620,3673154,Tappan CDP,7141312,16676,G4210,U1,S,4504296,16676
221704257872998,10984,ZCTA5 10984,4869252,27260,G6350,B5,S,28090697012614,3648879,Mount Ivy CDP,3811309,0,G4210,U1,S,40026,0
221704257872998,10984,ZCTA5 10984,4869252,27260,G6350,B5,S,28090697012621,3673583,Thiells CDP,4706303,83759,G4210,U1,S,3037623,22394
221704257873043,10987,ZCTA5 10987,86403254,4194409,G6350,B5,S,27890732195717,3675803,Tuxedo Park village,6881308,1464824,G4110,C1,A,6881308,1464824
221704257873046,10988,ZCTA5 10988,841436,0,G6350,B5,S,27890732195718,3676210,Unionville village,791886,0,G4110,C1,A,791886,0
221704257873082,10989,ZCTA5 10989,12525049,1682794,G6350,B5,S,28090697012611,3617739,Congers CDP,8249477,1928000,G4210,U1,S,1152848,526906
221704257873082,10989,ZCTA5 10989,12525049,1682794,G6350,B5,S,28090697012622,3676661,Valley Cottage CDP,11390038,469501,G4210,U1,S,8417387,64985
221704257873246,10990,ZCTA5 10990,159127774,2869307,G6350,B5,S,27890732195720,3678355,Warwick village,6283258,10064,G4110,C1,A,6283258,10064
221704257873310,10992,ZCTA5 10992,29276219,92295,G6350,B5,S,27890732195721,3678465,Washingtonville village,6573775,35333,G4110,C1,A,6533733,35333
221704257873314,10993,ZCTA5 10993,3035372,71358,G6350,B5,S,27890697016765,3680203,West Haverstraw village,3942882,57171,G4110,C1,A,1718210,32726
221704257873358,10994,ZCTA5 10994,16027519,988682,G6350,B5,S,28090697012609,3604396,Bardonia CDP,6636214,503900,G4210,U1,S,3845047,503900
221704257873358,10994,ZCTA5 10994,16027519,988682,G6350,B5,S,28090697012615,3649407,Nanuet CDP,14073457,13218,G4210,U1,S,1244579,0
221704257873358,10994,ZCTA5 10994,16027519,988682,G6350,B5,S,28090697012616,3650100,New City CDP,40031088,2052993,G4210,U1,S,72393,0
221704257873358,10994,ZCTA5 10994,16027519,988682,G6350,B5,S,28090697012618,3656902,Pearl River CDP,17598648,1032039,G4210,U1,S,1352303,0
221704257873358,10994,ZCTA5 10994,16027519,988682,G6350,B5,S,28090697012622,3676661,Valley Cottage CDP,11390038,469501,G4210,U1,S,1656001,404516
221704257873358,10994,ZCTA5 10994,16027519,988682,G6350,B5,S,28090697012624,3680599,West Nyack CDP,7583392,80266,G4210,U1,S,7583392,80266
221704257873363,10996,ZCTA5 10996,8261700,118870,G6350,B5,S,28090732194463,3680747,West Point CDP,47746843,2334053,G4210,M2,S,8261700,118870
221704257873464,11001,ZCTA5 11001,5711668,34951,G6350,B5,S,27890303824380,3605639,Bellerose village,325374,0,G4110,C1,A,325374,0
221704257873464,11001,ZCTA5 11001,5711668,34951,G6350,B5,S,28090303824381,3605661,Bellerose Terrace CDP,323483,0,G4210,U1,S,323483,0
221704257873464,11001,ZCTA5 11001,5711668,34951,G6350,B5,S,28090303824397,3624273,Elmont CDP,8831008,30398,G4210,U1,S,138615,0
221704257873464,11001,ZCTA5 11001,5711668,34951,G6350,B5,S,27890303824399,3626264,Floral Park village,3680302,34951,G4110,C1,A,3680302,34951
221704257873464,11001,ZCTA5 11001,5711668,34951,G6350,B5,S,28090303824401,3627309,Franklin Square CDP,7458918,0,G4210,U1,S,121646,0
221704257873464,11001,ZCTA5 11001,5711668,34951,G6350,B5,S,27890287325779,3651000,New York city,778165283,445421632,G4110,C1,A,663253,0
221704257873464,11001,ZCTA5 11001,5711668,34951,G6350,B5,S,28090303824462,3653275,North New Hyde Park CDP,5157090,55729,G4210,U1,S,190002,0
221704257873464,11001,ZCTA5 11001,5711668,34951,G6350,B5,S,27890303824494,3669023,South Floral Park village,251922,0,G4110,C1,A,251922,0
221704257873464,11001,ZCTA5 11001,5711668,34951,G6350,B5,S,27890303824497,3671267,Stewart Manor village,523768,0,G4110,C1,A,17071,0
221704257873546,11003,ZCTA5 11003,10685703,113541,G6350,B5,S,28090303824397,3624273,Elmont CDP,8831008,30398,G4210,U1,S,8692393,30398
221704257873546,11003,ZCTA5 11003,10685703,113541,G6350,B5,S,28090303824401,3627309,Franklin Square CDP,7458918,0,G4210,U1,S,720527,0
221704257873546,11003,ZCTA5 11003,10685703,113541,G6350,B5,S,28090303824463,3653748,North Valley Stream CDP,4828663,84194,G4210,U1,S,1272783,83143
221704257873561,11004,ZCTA5 11004,2463268,0,G6350,B5,S,27890287325779,3651000,New York city,778165283,445421632,G4110,C1,A,2463268,0
221704257873562,11005,ZCTA5 11005,475148,0,G6350,B5,S,27890287325779,3651000,New York city,778165283,445421632,G4110,C1,A,475148,0
221704257873601,11010,ZCTA5 11010,6229230,0,G6350,B5,S,28090303824401,3627309,Franklin Square CDP,7458918,0,G4210,U1,S,6115888,0
221704257873601,11010,ZCTA5 11010,6229230,0,G6350,B5,S,28090303824405,3628200,Garden City South CDP,1032894,0,G4210,U1,S,96897,0
221704257873601,11010,ZCTA5 11010,6229230,0,G6350,B5,S,27890303824497,3671267,Stewart Manor village,523768,0,G4110,C1,A,16445,0
221704257873616,11020,ZCTA5 11020,4999048,128626,G6350,B5,S,27890303824432,3640937,Lake Success village,4792700,128626,G4110,C1,A,3910231,128626
221704257873616,11020,ZCTA5 11020,4999048,128626,G6350,B5,S,28090303824444,3644897,Manhasset CDP,6177315,88851,G4210,U1,S,281711,0
221704257873616,11020,ZCTA5 11020,4999048,128626,G6350,B5,S,28090303824501,3676287,University Gardens CDP,1375443,0,G4210,U1,S,807106,0
221704257873628,11021,ZCTA5 11021,6161441,92751,G6350,B5,S,27890303824409,3630169,Great Neck village,3430081,70057,G4110,C1,A,297520,0
221704257873628,11021,ZCTA5 11021,6161441,92751,G6350,B5,S,27890303824410,3630191,Great Neck Estates village,1983719,92751,G4110,C1,A,1983719,92751
221704257873628,11021,ZCTA5 11021,6161441,92751,G6350,B5,S,28090303824411,3630202,Great Neck Gardens CDP,467136,0,G4210,U1,S,98164,0
221704257873628,11021,ZCTA5 11021,6161441,92751,G6350,B5,S,27890303824412,3630213,Great Neck Plaza village,806563,0,G4110,C1,A,806563,0
221704257873628,11021,ZCTA5 11021,6161441,92751,G6350,B5,S,27890303824430,3639309,Kensington village,658464,0,G4110,C1,A,542101,0
221704257873628,11021,ZCTA5 11021,6161441,92751,G6350,B5,S,27890303824432,3640937,Lake Success village,4792700,128626,G4110,C1,A,64315,0
221704257873628,11021,ZCTA5 11021,6161441,92751,G6350,B5,S,28090303824444,3644897,Manhasset CDP,6177315,88851,G4210,U1,S,87804,0
221704257873628,11021,ZCTA5 11021,6161441,92751,G6350,B5,S,27890303824485,3664232,Russell Gardens village,449690,0,G4110,C1,A,449690,0
221704257873628,11021,ZCTA5 11021,6161441,92751,G6350,B5,S,27890303824486,3664430,Saddle Rock village,654398,57122,G4110,C1,A,28261,0
221704257873628,11021,ZCTA5 11021,6161441,92751,G6350,B5,S,28090303824487,3664441,Saddle Rock Estates CDP,201819,0,G4210,U1,S,128349,0
221704257873628,11021,ZCTA5 11021,6161441,92751,G6350,B5,S,27890303824499,3673605,Thomaston village,1045477,0,G4110,C1,A,1007207,0
221704257873628,11021,ZCTA5 11021,6161441,92751,G6350,B5,S,28090303824501,3676287,University Gardens CDP,1375443,0,G4210,U1,S,568337,0
221704257873653,11023,ZCTA5 11023,4324773,239316,G6350,B5,S,27890303824409,3630169,Great Neck village,3430081,70057,G4110,C1,A,2117390,70057
221704257873653,11023,ZCTA5 11023,4324773,239316,G6350,B5,S,28090303824411,3630202,Great Neck Gardens CDP,467136,0,G4210,U1,S,368972,0
221704257873653,11023,ZCTA5 11023,4324773,239316,G6350,B5,S,28090303824414,3632094,Harbor Hills CDP,309161,152151,G4210,U1,S,309161,0
221704257873653,11023,ZCTA5 11023,4324773,239316,G6350,B5,S,27890303824430,3639309,Kensington village,658464,0,G4110,C1,A,116363,0
221704257873653,11023,ZCTA5 11023,4324773,239316,G6350,B5,S,27890303824431,3639694,Kings Point village,8699839,1666094,G4110,C1,A,646782,112137
221704257873653,11023,ZCTA5 11023,4324773,239316,G6350,B5,S,27890303824486,3664430,Saddle Rock village,654398,57122,G4110,C1,A,626137,57122
221704257873653,11023,ZCTA5 11023,4324773,239316,G6350,B5,S,28090303824487,3664441,Saddle Rock Estates CDP,201819,0,G4210,U1,S,73470,0
221704257873653,11023,ZCTA5 11023,4324773,239316,G6350,B5,S,27890303824499,3673605,Thomaston village,1045477,0,G4110,C1,A,13725,0
221704257873670,11024,ZCTA5 11024,9068228,913307,G6350,B5,S,27890303824409,3630169,Great Neck village,3430081,70057,G4110,C1,A,1015171,0
221704257873670,11024,ZCTA5 11024,9068228,913307,G6350,B5,S,27890303824431,3639694,Kings Point village,8699839,1666094,G4110,C1,A,8053057,913307
221704257873702,11030,ZCTA5 11030,17014868,478003,G6350,B5,S,27890303824400,3626352,Flower Hill village,4175019,0,G4110,C1,A,2270572,0
221704257873702,11030,ZCTA5 11030,17014868,478003,G6350,B5,S,28090303824444,3644897,Manhasset CDP,6177315,88851,G4210,U1,S,5807800,88851
221704257873702,11030,ZCTA5 11030,17014868,478003,G6350,B5,S,27890303824453,3649231,Munsey Park village,1336745,0,G4110,C1,A,1336745,0
221704257873702,11030,ZCTA5 11030,17014868,478003,G6350,B5,S,27890303824458,3653022,North Hills village,7140468,0,G4110,C1,A,4786893,0
221704257873702,11030,ZCTA5 11030,17014868,478003,G6350,B5,S,27890303824473,3658475,Plandome village,1275361,23525,G4110,C1,A,1275361,23525
221704257873702,11030,ZCTA5 11030,17014868,478003,G6350,B5,S,27890303824474,3658486,Plandome Heights village,468132,18117,G4110,C1,A,468132,18117
221704257873702,11030,ZCTA5 11030,17014868,478003,G6350,B5,S,27890303824475,3658497,Plandome Manor village,1403012,238781,G4110,C1,A,1043073,237012
221704257873702,11030,ZCTA5 11030,17014868,478003,G6350,B5,S,28090303824477,3659520,Port Washington CDP,10880599,3764092,G4210,U1,S,1747,0
221704257873702,11030,ZCTA5 11030,17014868,478003,G6350,B5,S,27890303824499,3673605,Thomaston village,1045477,0,G4110,C1,A,24545,0
221704257873801,11040,ZCTA5 11040,12455623,66036,G6350,B5,S,27890303824403,3628178,Garden City village,13799905,71483,G4110,C1,A,43693,0
221704257873801,11040,ZCTA5 11040,12455623,66036,G6350,B5,S,28090303824404,3628189,Garden City Park CDP,2570802,10307,G4210,U1,S,2570802,10307
221704257873801,11040,ZCTA5 11040,12455623,66036,G6350,B5,S,28090303824417,3634198,Herricks CDP,1483898,0,G4210,U1,S,1059271,0
221704257873801,11040,ZCTA5 11040,12455623,66036,G6350,B5,S,28090303824445,3644908,Manhasset Hills CDP,1531360,0,G4210,U1,S,1403755,0
221704257873801,11040,ZCTA5 11040,12455623,66036,G6350,B5,S,27890303824456,3650397,New Hyde Park village,2195675,0,G4110,C1,A,2195675,0
221704257873801,11040,ZCTA5 11040,12455623,66036,G6350,B5,S,27890287325779,3651000,New York city,778165283,445421632,G4110,C1,A,429369,0
221704257873801,11040,ZCTA5 11040,12455623,66036,G6350,B5,S,27890303824458,3653022,North Hills village,7140468,0,G4110,C1,A,263132,0
221704257873801,11040,ZCTA5 11040,12455623,66036,G6350,B5,S,28090303824462,3653275,North New Hyde Park CDP,5157090,55729,G4210,U1,S,4487034,55729
221704257873803,11042,ZCTA5 11042,1551548,0,G6350,B5,S,27890303824432,3640937,Lake Success village,4792700,128626,G4110,C1,A,818154,0
221704257873803,11042,ZCTA5 11042,1551548,0,G6350,B5,S,28090303824445,3644908,Manhasset Hills CDP,1531360,0,G4210,U1,S,127605,0
221704257873803,11042,ZCTA5 11042,1551548,0,G6350,B5,S,27890303824458,3653022,North Hills village,7140468,0,G4110,C1,A,125735,0
221704257873803,11042,ZCTA5 11042,1551548,0,G6350,B5,S,28090303824462,3653275,North New Hyde Park CDP,5157090,55729,G4210,U1,S,480054,0
221704257873815,11050,ZCTA5 11050,26246637,4989045,G6350,B5,S,27890303824377,3604803,Baxter Estates village,472627,0,G4110,C1,A,472627,0
221704257873815,11050,ZCTA5 11050,26246637,4989045,G6350,B5,S,27890303824400,3626352,Flower Hill village,4175019,0,G4110,C1,A,1150690,0
221704257873815,11050,ZCTA5 11050,26246637,4989045,G6350,B5,S,27890303824446,3645106,Manorhaven village,1215967,428449,G4110,C1,A,1215967,428449
221704257873815,11050,ZCTA5 11050,26246637,4989045,G6350,B5,S,27890303824475,3658497,Plandome Manor village,1403012,238781,G4110,C1,A,359939,0
221704257873815,11050,ZCTA5 11050,26246637,4989045,G6350,B5,S,28090303824477,3659520,Port Washington CDP,10880599,3764092,G4210,U1,S,10878852,942721
221704257873815,11050,ZCTA5 11050,26246637,4989045,G6350,B5,S,27890303824478,3659531,Port Washington North village,1239548,47188,G4110,C1,A,1239548,47188
221704257873815,11050,ZCTA5 11050,26246637,4989045,G6350,B5,S,27890303824489,3665035,Sands Point village,10929014,3570687,G4110,C1,A,10929014,3570687
221704257873820,11096,ZCTA5 11096,3197286,1661779,G6350,B5,S,28090303824427,3637583,Inwood CDP,4130840,1602743,G4210,U1,S,3197286,1580812
221704257873820,11096,ZCTA5 11096,3197286,1661779,G6350,B5,S,28090303824509,3682942,Woodmere CDP,6683714,611777,G4210,U1,S,0,80967
221704257873853,11101,ZCTA5 11101,6700694,254099,G6350,B5,S,27890287325779,3651000,New York city,778165283,445421632,G4110,C1,A,6700694,254099
221704257873875,11102,ZCTA5 11102,1815439,2387,G6350,B5,S,27890287325779,3651000,New York city,778165283,445421632,G4110,C1,A,1815439,2387
221704257873879,11103,ZCTA5 11103,1792583,0,G6350,B5,S,27890287325779,3651000,New York city,778165283,445421632,G4110,C1,A,1792583,0
221704257873883,11104,ZCTA5 11104,1132397,0,G6350,B5,S,27890287325779,3651000,New York city,778165283,445421632,G4110,C1,A,1132397,0
221704257873887,11105,ZCTA5 11105,4231305,0,G6350,B5,S,27890287325779,3651000,New York city,778165283,445421632,G4110,C1,A,4231305,0
221704257873924,11106,ZCTA5 11106,2219078,14591,G6350,B5,S,27890287325779,3651000,New York city,778165283,445421632,G4110,C1,A,2219078,14591
221704257873925,11109,ZCTA5 11109,119581,6319,G6350,B5,S,27890287325779,3651000,New York city,778165283,445421632,G4110,C1,A,119581,6319
221704257873954,11201,ZCTA5 11201,3506670,39281,G6350,B5,S,27890287325779,3651000,New York city,778165283,445421632,G4110,C1,A,3506670,39281
221704257874009,11203,ZCTA5 11203,5539960,0,G6350,B5,S,27890287325779,3651000,New York city,778165283,445421632,G4110,C1,A,5539960,0
221704257874016,11204,ZCTA5 11204,4129771,0,G6350,B5,S,27890287325779,3651000,New York city,778165283,445421632,G4110,C1,A,4129771,0
221704257874066,11205,ZCTA5 11205,3033777,376699,G6350,B5,S,27890287325779,3651000,New York city,778165283,445421632,G4110,C1,A,3033777,376699
221704257874141,11206,ZCTA5 11206,3628550,0,G6350,B5,S,27890287325779,3651000,New York city,778165283,445421632,G4110,C1,A,3628550,0
221704257874190,11207,ZCTA5 11207,7044635,0,G6350,B5,S,27890287325779,3651000,New York city,778165283,445421632,G4110,C1,A,7044635,0
221704257874243,11208,ZCTA5 11208,6931906,0,G6350,B5,S,27890287325779,3651000,New York city,778165283,445421632,G4110,C1,A,6931906,0
221704257874262,11209,ZCTA5 11209,5473452,0,G6350,B5,S,27890287325779,3651000,New York city,778165283,445421632,G4110,C1,A,5473452,0
221704257874300,11210,ZCTA5 11210,4270311,0,G6350,B5,S,27890287325779,3651000,New York city,778165283,445421632,G4110,C1,A,4270311,0
221704257874345,11211,ZCTA5 11211,3768558,106152,G6350,B5,S,27890287325779,3651000,New York city,778165283,445421632,G4110,C1,A,3768558,106152
221704257874360,11212,ZCTA5 11212,4002499,0,G6350,B5,S,27890287325779,3651000,New York city,778165283,445421632,G4110,C1,A,4002499,0
221704257874363,11213,ZCTA5 11213,2791686,0,G6350,B5,S,27890287325779,3651000,New York city,778165283,445421632,G4110,C1,A,2791686,0
221704257874368,11214,ZCTA5 11214,5242819,0,G6350,B5,S,27890287325779,3651000,New York city,778165283,445421632,G4110,C1,A,5242819,0
221704257874383,11215,ZCTA5 11215,5668437,58928,G6350,B5,S,27890287325779,3651000,New York city,778165283,445421632,G4110,C1,A,5668437,58928
221704257874385,11216,ZCTA5 11216,2486719,0,G6350,B5,S,27890287325779,3651000,New York city,778165283,445421632,G4110,C1,A,2486719,0
221704257874400,11217,ZCTA5 11217,1908694,8496,G6350,B5,S,27890287325779,3651000,New York city,778165283,445421632,G4110,C1,A,1908694,8496
221704257874468,11218,ZCTA5 11218,3527412,0,G6350,B5,S,27890287325779,3651000,New York city,778165283,445421632,G4110,C1,A,3527412,0
221704257874675,11219,ZCTA5 11219,3865336,0,G6350,B5,S,27890287325779,3651000,New York city,778165283,445421632,G4110,C1,A,3865336,0
221704257874680,11220,ZCTA5 11220,4475329,0,G6350,B5,S,27890287325779,3651000,New York city,778165283,445421632,G4110,C1,A,4475329,0
221704257874909,11221,ZCTA5 11221,3576561,0,G6350,B5,S,27890287325779,3651000,New York city,778165283,445421632,G4110,C1,A,3576561,0
221704257874921,11222,ZCTA5 11222,3942933,206471,G6350,B5,S,27890287325779,3651000,New York city,778165283,445421632,G4110,C1,A,3942933,206471
221704257874955,11223,ZCTA5 11223,5361174,0,G6350,B5,S,27890287325779,3651000,New York city,778165283,445421632,G4110,C1,A,5361174,0
221704257874963,11224,ZCTA5 11224,4017284,87258,G6350,B5,S,27890287325779,3651000,New York city,778165283,445421632,G4110,C1,A,4017284,87258
221704257874973,11225,ZCTA5 11225,2265820,0,G6350,B5,S,27890287325779,3651000,New York city,778165283,445421632,G4110,C1,A,2265820,0
221704257874986,11226,ZCTA5 11226,3373771,0,G6350,B5,S,27890287325779,3651000,New York city,778165283,445421632,G4110,C1,A,3373771,0
221704257874996,11228,ZCTA5 11228,3877759,0,G6350,B5,S,27890287325779,3651000,New York city,778165283,445421632,G4110,C1,A,3877759,0
221704257875153,11229,ZCTA5 11229,5199254,143662,G6350,B5,S,27890287325779,3651000,New York city,778165283,445421632,G4110,C1,A,5199254,143662
221704257875205,11230,ZCTA5 11230,4773124,0,G6350,B5,S,27890287325779,3651000,New York city,778165283,445421632,G4110,C1,A,4773124,0
221704257875232,11231,ZCTA5 11231,3690567,66967,G6350,B5,S,27890287325779,3651000,New York city,778165283,445421632,G4110,C1,A,3690567,66967
221704257875234,11232,ZCTA5 11232,3215315,234,G6350,B5,S,27890287325779,3651000,New York city,778165283,445421632,G4110,C1,A,3215315,234
221704257875263,11233,ZCTA5 11233,3493736,0,G6350,B5,S,27890287325779,3651000,New York city,778165283,445421632,G4110,C1,A,3493736,0
221704257875309,11234,ZCTA5 11234,19124670,1485166,G6350,B5,S,27890287325779,3651000,New York city,778165283,445421632,G4110,C1,A,19124670,1485166
221704257875346,11235,ZCTA5 11235,6363901,1149829,G6350,B5,S,27890287325779,3651000,New York city,778165283,445421632,G4110,C1,A,6363901,1149829
221704257875378,11236,ZCTA5 11236,9231367,89767,G6350,B5,S,27890287325779,3651000,New York city,778165283,445421632,G4110,C1,A,9231367,89767
221704257875385,11237,ZCTA5 11237,2580676,46803,G6350,B5,S,27890287325779,3651000,New York city,778165283,445421632,G4110,C1,A,2580676,46803
221704257875387,11238,ZCTA5 11238,4789042,227326,G6350,B5,S,27890287325779,3651000,New York city,778165283,445421632,G4110,C1,A,4789042,227326
221704257875388,11239,ZCTA5 11239,4448124,562057,G6350,B5,S,27890287325779,3651000,New York city,778165283,445421632,G4110,C1,A,4448124,562057
2217026265990946,11249,ZCTA5 11249,1851085,0,G6350,B5,S,27890287325779,3651000,New York city,778165283,445421632,G4110,C1,A,1851085,0
221704257875405,11354,ZCTA5 11354,5572757,59468,G6350,B5,S,27890287325779,3651000,New York city,778165283,445421632,G4110,C1,A,5572757,59468
221704257875412,11355,ZCTA5 11355,4446032,0,G6350,B5,S,27890287325779,3651000,New York city,778165283,445421632,G4110,C1,A,4446032,0
221704257875417,11356,ZCTA5 11356,4096028,0,G6350,B5,S,27890287325779,3651000,New York city,778165283,445421632,G4110,C1,A,4096028,0
221704257875425,11357,ZCTA5 11357,7341415,2281,G6350,B5,S,27890287325779,3651000,New York city,778165283,445421632,G4110,C1,A,7341415,2281
221704257875426,11358,ZCTA5 11358,5067751,0,G6350,B5,S,27890287325779,3651000,New York city,778165283,445421632,G4110,C1,A,5067751,0
221704257875431,11359,ZCTA5 11359,648383,0,G6350,B5,S,27890287325779,3651000,New York city,778165283,445421632,G4110,C1,A,648383,0
221704257875438,11360,ZCTA5 11360,3563186,0,G6350,B5,S,27890287325779,3651000,New York city,778165283,445421632,G4110,C1,A,3563186,0
221704257875452,11361,ZCTA5 11361,4437987,49214,G6350,B5,S,27890287325779,3651000,New York city,778165283,445421632,G4110,C1,A,4437987,49214
221704257875463,11362,ZCTA5 11362,5379030,39269,G6350,B5,S,27890287325779,3651000,New York city,778165283,445421632,G4110,C1,A,5379030,39269
221704257875465,11363,ZCTA5 11363,2239195,34217,G6350,B5,S,27890287325779,3651000,New York city,778165283,445421632,G4110,C1,A,2239195,34217
221704257875491,11364,ZCTA5 11364,6498280,0,G6350,B5,S,27890287325779,3651000,New York city,778165283,445421632,G4110,C1,A,6498280,0
221704257875499,11365,ZCTA5 11365,6439314,46201,G6350,B5,S,27890287325779,3651000,New York city,778165283,445421632,G4110,C1,A,6439314,46201
221704257875509,11366,ZCTA5 11366,3946393,0,G6350,B5,S,27890287325779,3651000,New York city,778165283,445421632,G4110,C1,A,3946393,0
221704257875516,11367,ZCTA5 11367,4952610,0,G6350,B5,S,27890287325779,3651000,New York city,778165283,445421632,G4110,C1,A,4952610,0
221704257875539,11368,ZCTA5 11368,6821040,99467,G6350,B5,S,27890287325779,3651000,New York city,778165283,445421632,G4110,C1,A,6821040,99467
221704257875559,11369,ZCTA5 11369,2807334,0,G6350,B5,S,27890287325779,3651000,New York city,778165283,445421632,G4110,C1,A,2807334,0
221704257875586,11370,ZCTA5 11370,3997507,0,G6350,B5,S,27890287325779,3651000,New York city,778165283,445421632,G4110,C1,A,3997507,0
221704257875587,11371,ZCTA5 11371,2837110,0,G6350,B5,S,27890287325779,3651000,New York city,778165283,445421632,G4110,C1,A,2837110,0
221704257875605,11372,ZCTA5 11372,1913029,0,G6350,B5,S,27890287325779,3651000,New York city,778165283,445421632,G4110,C1,A,1913029,0
221704257875625,11373,ZCTA5 11373,3915486,0,G6350,B5,S,27890287325779,3651000,New York city,778165283,445421632,G4110,C1,A,3915486,0
221704257875629,11374,ZCTA5 11374,2445084,0,G6350,B5,S,27890287325779,3651000,New York city,778165283,445421632,G4110,C1,A,2445084,0
221704257875710,11375,ZCTA5 11375,6269573,556542,G6350,B5,S,27890287325779,3651000,New York city,778165283,445421632,G4110,C1,A,6269573,556542
221704257875744,11377,ZCTA5 11377,6557544,0,G6350,B5,S,27890287325779,3651000,New York city,778165283,445421632,G4110,C1,A,6557544,0
221704257875771,11378,ZCTA5 11378,6306169,122157,G6350,B5,S,27890287325779,3651000,New York city,778165283,445421632,G4110,C1,A,6306169,122157
221704257875786,11379,ZCTA5 11379,5738388,0,G6350,B5,S,27890287325779,3651000,New York city,778165283,445421632,G4110,C1,A,5738388,0
221704257875827,11385,ZCTA5 11385,9363087,82983,G6350,B5,S,27890287325779,3651000,New York city,778165283,445421632,G4110,C1,A,9363087,82983
221704257875841,11411,ZCTA5 11411,3054399,0,G6350,B5,S,27890287325779,3651000,New York city,778165283,445421632,G4110,C1,A,3054399,0
221704257875844,11412,ZCTA5 11412,4260491,0,G6350,B5,S,27890287325779,3651000,New York city,778165283,445421632,G4110,C1,A,4260491,0
221704257875887,11413,ZCTA5 11413,7812635,43490,G6350,B5,S,27890287325779,3651000,New York city,778165283,445421632,G4110,C1,A,7812635,43490
221704257875900,11414,ZCTA5 11414,5979139,178512,G6350,B5,S,27890287325779,3651000,New York city,778165283,445421632,G4110,C1,A,5979139,178512
221704257875901,11415,ZCTA5 11415,1450699,0,G6350,B5,S,27890287325779,3651000,New York city,778165283,445421632,G4110,C1,A,1450699,0
221704257875909,11416,ZCTA5 11416,1708434,0,G6350,B5,S,27890287325779,3651000,New York city,778165283,445421632,G4110,C1,A,1708434,0
221704257875946,11417,ZCTA5 11417,2883937,0,G6350,B5,S,27890287325779,3651000,New York city,778165283,445421632,G4110,C1,A,2883937,0
221704257875962,11418,ZCTA5 11418,4298206,0,G6350,B5,S,27890287325779,3651000,New York city,778165283,445421632,G4110,C1,A,4298206,0
221704257875976,11419,ZCTA5 11419,2917756,0,G6350,B5,S,27890287325779,3651000,New York city,778165283,445421632,G4110,C1,A,2917756,0
221704257875986,11420,ZCTA5 11420,5459080,0,G6350,B5,S,27890287325779,3651000,New York city,778165283,445421632,G4110,C1,A,5459080,0
221704257876007,11421,ZCTA5 11421,3327832,0,G6350,B5,S,27890287325779,3651000,New York city,778165283,445421632,G4110,C1,A,3327832,0
221704257876019,11422,ZCTA5 11422,5436200,137648,G6350,B5,S,27890287325779,3651000,New York city,778165283,445421632,G4110,C1,A,5436200,137648
221704257876024,11423,ZCTA5 11423,3645124,0,G6350,B5,S,27890287325779,3651000,New York city,778165283,445421632,G4110,C1,A,3645124,0
221704257876030,11424,ZCTA5 11424,49079,0,G6350,B5,S,27890287325779,3651000,New York city,778165283,445421632,G4110,C1,A,49079,0
221704257876035,11426,ZCTA5 11426,3555218,0,G6350,B5,S,27890287325779,3651000,New York city,778165283,445421632,G4110,C1,A,3555218,0
221704257876049,11427,ZCTA5 11427,4062875,0,G6350,B5,S,27890287325779,3651000,New York city,778165283,445421632,G4110,C1,A,4062875,0
221704257876056,11428,ZCTA5 11428,2154074,0,G6350,B5,S,27890287325779,3651000,New York city,778165283,445421632,G4110,C1,A,2154074,0
221704257876075,11429,ZCTA5 11429,3420397,0,G6350,B5,S,27890287325779,3651000,New York city,778165283,445421632,G4110,C1,A,3420397,0
221704257876079,11430,ZCTA5 11430,18446520,904474,G6350,B5,S,27890287325779,3651000,New York city,778165283,445421632,G4110,C1,A,18446520,904474
221704257876090,11432,ZCTA5 11432,5240658,0,G6350,B5,S,27890287325779,3651000,New York city,778165283,445421632,G4110,C1,A,5240658,0
221704257876106,11433,ZCTA5 11433,3964952,0,G6350,B5,S,27890287325779,3651000,New York city,778165283,445421632,G4110,C1,A,3964952,0
221704257876172,11434,ZCTA5 11434,8405426,106288,G6350,B5,S,27890287325779,3651000,New York city,778165283,445421632,G4110,C1,A,8405426,106288
221704257876183,11435,ZCTA5 11435,3912570,0,G6350,B5,S,27890287325779,3651000,New York city,778165283,445421632,G4110,C1,A,3912570,0
221704257876186,11436,ZCTA5 11436,2065627,0,G6350,B5,S,27890287325779,3651000,New York city,778165283,445421632,G4110,C1,A,2065627,0
2217026265990943,11439,ZCTA5 11439,385423,0,G6350,B5,S,27890287325779,3651000,New York city,778165283,445421632,G4110,C1,A,385423,0
221704257876187,11451,ZCTA5 11451,185278,0,G6350,B5,S,27890287325779,3651000,New York city,778165283,445421632,G4110,C1,A,185278,0
221704257876206,11501,ZCTA5 11501,5269635,0,G6350,B5,S,27890303824403,3628178,Garden City village,13799905,71483,G4110,C1,A,385633,0
221704257876206,11501,ZCTA5 11501,5269635,0,G6350,B5,S,27890303824452,3647636,Mineola village,4794402,0,G4110,C1,A,4778895,0
221704257876206,11501,ZCTA5 11501,5269635,0,G6350,B5,S,27890303824507,3682117,Williston Park village,1621989,0,G4110,C1,A,105107,0
221704257876210,11507,ZCTA5 11507,2736029,0,G6350,B5,S,28090303824367,3601011,Albertson CDP,1758559,0,G4210,U1,S,1363533,0
221704257876210,11507,ZCTA5 11507,2736029,0,G6350,B5,S,27890303824458,3653022,North Hills village,7140468,0,G4110,C1,A,54193,0
221704257876210,11507,ZCTA5 11507,2736029,0,G6350,B5,S,28090303824484,3663814,Roslyn Heights CDP,3821589,0,G4210,U1,S,187097,0
221704257876210,11507,ZCTA5 11507,2736029,0,G6350,B5,S,28090303824492,3666102,Searingtown CDP,2413224,0,G4210,U1,S,1131206,0
221704257876215,11509,ZCTA5 11509,2176968,714210,G6350,B5,S,27890303824373,3602968,Atlantic Beach village,1137583,1506193,G4110,C1,A,1137583,451509
221704257876215,11509,ZCTA5 11509,2176968,714210,G6350,B5,S,28090303824389,3621578,East Atlantic Beach CDP,808228,961004,G4210,U1,S,522715,202811
221704257876238,11510,ZCTA5 11510,10753591,1557825,G6350,B5,S,28090303824374,3604143,Baldwin CDP,10654991,1541841,G4210,U1,S,10313963,1541841
221704257876238,11510,ZCTA5 11510,10753591,1557825,G6350,B5,S,28090303824465,3654441,Oceanside CDP,12768540,1296124,G4210,U1,S,418291,15984
221704257876238,11510,ZCTA5 11510,10753591,1557825,G6350,B5,S,28090303824495,3669188,South Hempstead CDP,1497817,0,G4210,U1,S,21337,0
221704257876244,11514,ZCTA5 11514,2345031,0,G6350,B5,S,28090303824385,3612419,Carle Place CDP,2481987,0,G4210,U1,S,2332689,0
221704257876244,11514,ZCTA5 11514,2345031,0,G6350,B5,S,27890303824452,3647636,Mineola village,4794402,0,G4110,C1,A,2194,0
221704257876244,11514,ZCTA5 11514,2345031,0,G6350,B5,S,27890303824505,3679444,Westbury village,6069815,0,G4110,C1,A,10148,0
221704257876247,11516,ZCTA5 11516,2382312,21931,G6350,B5,S,27890303824386,3613233,Cedarhurst village,1747711,0,G4110,C1,A,1747711,0
221704257876247,11516,ZCTA5 11516,2382312,21931,G6350,B5,S,28090303824427,3637583,Inwood CDP,4130840,1602743,G4210,U1,S,15990,21931
221704257876247,11516,ZCTA5 11516,2382312,21931,G6350,B5,S,28090303824509,3682942,Woodmere CDP,6683714,611777,G4210,U1,S,618611,0
221704257876253,11518,ZCTA5 11518,3616798,296136,G6350,B5,S,28090303824378,3604891,Bay Park CDP,1300132,261801,G4210,U1,S,1300132,261801
221704257876253,11518,ZCTA5 11518,3616798,296136,G6350,B5,S,27890303824395,3622876,East Rockaway village,2636667,34335,G4110,C1,A,2316666,34335
221704257876261,11520,ZCTA5 11520,13105763,1284663,G6350,B5,S,27890303824402,3627485,Freeport village,11857374,757064,G4110,C1,A,11857374,757064
221704257876261,11520,ZCTA5 11520,13105763,1284663,G6350,B5,S,28090303824450,3646668,Merrick CDP,10311480,3029606,G4210,U1,S,1005867,527599
221704257876261,11520,ZCTA5 11520,13105763,1284663,G6350,B5,S,28090303824480,3663506,Roosevelt CDP,4584995,26590,G4210,U1,S,242522,0
221704257876269,11530,ZCTA5 11530,18739436,71483,G6350,B5,S,28090303824401,3627309,Franklin Square CDP,7458918,0,G4210,U1,S,8103,0
221704257876269,11530,ZCTA5 11530,18739436,71483,G6350,B5,S,27890303824403,3628178,Garden City village,13799905,71483,G4110,C1,A,13370579,71483
221704257876269,11530,ZCTA5 11530,18739436,71483,G6350,B5,S,28090303824405,3628200,Garden City South CDP,1032894,0,G4210,U1,S,695481,0
221704257876269,11530,ZCTA5 11530,18739436,71483,G6350,B5,S,27890303824497,3671267,Stewart Manor village,523768,0,G4110,C1,A,490252,0
221704257876269,11530,ZCTA5 11530,18739436,71483,G6350,B5,S,28090303824500,3676089,Uniondale CDP,14792087,0,G4210,U1,S,4175021,0
221704257876278,11542,ZCTA5 11542,17405851,630147,G6350,B5,S,27890303824406,3629113,Glen Cove city,17243917,32598438,G4110,C5,A,16846016,622235
221704257876278,11542,ZCTA5 11542,17405851,630147,G6350,B5,S,28090303824407,3629245,Glen Head CDP,4254606,0,G4210,U1,S,434727,0
221704257876278,11542,ZCTA5 11542,17405851,630147,G6350,B5,S,27890303824434,3641432,Lattingtown village,9705069,198288,G4110,C1,A,120731,7912
221704257876278,11542,ZCTA5 11542,17405851,630147,G6350,B5,S,27890303824490,3666047,Sea Cliff village,2887408,2192567,G4110,C1,A,4377,0
221704257876279,11545,ZCTA5 11545,29666572,3279,G6350,B5,S,27890303824384,3610132,Brookville village,10223878,29514,G4110,C1,A,8982568,0
221704257876279,11545,ZCTA5 11545,29666572,3279,G6350,B5,S,28090303824407,3629245,Glen Head CDP,4254606,0,G4210,U1,S,3819879,0
221704257876279,11545,ZCTA5 11545,29666572,3279,G6350,B5,S,28090303824408,3629421,Glenwood Landing CDP,2511122,0,G4210,U1,S,1300045,0
221704257876279,11545,ZCTA5 11545,29666572,3279,G6350,B5,S,27890303824454,3649330,Muttontown village,15687540,0,G4110,C1,A,1995622,0
221704257876279,11545,ZCTA5 11545,29666572,3279,G6350,B5,S,27890303824467,3654562,Old Brookville village,10314267,3279,G4110,C1,A,9976965,3279
221704257876279,11545,ZCTA5 11545,29666572,3279,G6350,B5,S,27890303824483,3663803,Roslyn Harbor village,3084042,3918,G4110,C1,A,31738,0
221704257876279,11545,ZCTA5 11545,29666572,3279,G6350,B5,S,27890303824502,3676331,Upper Brookville village,11133146,0,G4110,C1,A,3397260,0
221704257876281,11547,ZCTA5 11547,1190647,374663,G6350,B5,S,28090303824408,3629421,Glenwood Landing CDP,2511122,0,G4210,U1,S,1183508,0
221704257876282,11548,ZCTA5 11548,2499331,29514,G6350,B5,S,27890303824384,3610132,Brookville village,10223878,29514,G4110,C1,A,1176952,29514
221704257876282,11548,ZCTA5 11548,2499331,29514,G6350,B5,S,27890303824391,3622260,East Hills village,5903176,0,G4110,C1,A,60823,0
221704257876282,11548,ZCTA5 11548,2499331,29514,G6350,B5,S,28090303824408,3629421,Glenwood Landing CDP,2511122,0,G4210,U1,S,27569,0
221704257876282,11548,ZCTA5 11548,2499331,29514,G6350,B5,S,28090303824413,3630598,Greenvale CDP,646646,0,G4210,U1,S,646646,0
221704257876282,11548,ZCTA5 11548,2499331,29514,G6350,B5,S,27890303824467,3654562,Old Brookville village,10314267,3279,G4110,C1,A,337302,0
221704257876282,11548,ZCTA5 11548,2499331,29514,G6350,B5,S,27890303824468,3654705,Old Westbury village,22202460,0,G4110,C1,A,152678,0
221704257876282,11548,ZCTA5 11548,2499331,29514,G6350,B5,S,27890303824483,3663803,Roslyn Harbor village,3084042,3918,G4110,C1,A,97361,0
221704257876284,11549,ZCTA5 11549,621045,0,G6350,B5,S,28090303824500,3676089,Uniondale CDP,14792087,0,G4210,U1,S,621045,0
221704257876293,11550,ZCTA5 11550,10901109,12386,G6350,B5,S,27890303824416,3633139,Hempstead village,9558962,12386,G4110,C1,A,9391690,12386
221704257876293,11550,ZCTA5 11550,10901109,12386,G6350,B5,S,28090303824495,3669188,South Hempstead CDP,1497817,0,G4210,U1,S,1249801,0
221704257876293,11550,ZCTA5 11550,10901109,12386,G6350,B5,S,28090303824500,3676089,Uniondale CDP,14792087,0,G4210,U1,S,25803,0
221704257876293,11550,ZCTA5 11550,10901109,12386,G6350,B5,S,28090303824506,3680225,West Hempstead CDP,6883715,182142,G4210,U1,S,233815,0
221704257876300,11552,ZCTA5 11552,9050254,681538,G6350,B5,S,28090303824405,3628200,Garden City South CDP,1032894,0,G4210,U1,S,240516,0
221704257876300,11552,ZCTA5 11552,9050254,681538,G6350,B5,S,28090303824433,3641003,Lakeview CDP,2591953,505775,G4210,U1,S,2017878,499396
221704257876300,11552,ZCTA5 11552,9050254,681538,G6350,B5,S,28090303824443,3644792,Malverne Park Oaks CDP,336736,0,G4210,U1,S,141960,0
221704257876300,11552,ZCTA5 11552,9050254,681538,G6350,B5,S,28090303824506,3680225,West Hempstead CDP,6883715,182142,G4210,U1,S,6649900,182142
221704257876302,11553,ZCTA5 11553,8386622,0,G6350,B5,S,27890303824416,3633139,Hempstead village,9558962,12386,G4110,C1,A,167272,0
221704257876302,11553,ZCTA5 11553,8386622,0,G6350,B5,S,28090303824500,3676089,Uniondale CDP,14792087,0,G4210,U1,S,8219350,0
221704257876327,11554,ZCTA5 11554,16324393,61309,G6350,B5,S,28090303824393,3622502,East Meadow CDP,16324393,61309,G4210,U1,S,16324393,61309
221704257876328,11556,ZCTA5 11556,182525,0,G6350,B5,S,28090303824500,3676089,Uniondale CDP,14792087,0,G4210,U1,S,182525,0
221704257876331,11557,ZCTA5 11557,5281997,448763,G6350,B5,S,27890303824395,3622876,East Rockaway village,2636667,34335,G4110,C1,A,69570,0
221704257876331,11557,ZCTA5 11557,5281997,448763,G6350,B5,S,28090303824418,3634286,Hewlett CDP,2280770,45437,G4210,U1,S,1880539,45437
221704257876331,11557,ZCTA5 11557,5281997,448763,G6350,B5,S,27890303824423,3634297,Hewlett Bay Park village,874300,56780,G4110,C1,A,874300,56780
221704257876331,11557,ZCTA5 11557,5281997,448763,G6350,B5,S,27890303824424,3634308,Hewlett Harbor village,1877214,272994,G4110,C1,A,1877214,272994
221704257876331,11557,ZCTA5 11557,5281997,448763,G6350,B5,S,27890303824503,3676705,Valley Stream village,9007439,44613,G4110,C1,A,16029,0
221704257876331,11557,ZCTA5 11557,5281997,448763,G6350,B5,S,28090303824509,3682942,Woodmere CDP,6683714,611777,G4210,U1,S,529909,0
221704257876332,11558,ZCTA5 11558,3845110,956301,G6350,B5,S,28090303824376,3604550,Barnum Island CDP,2241575,969176,G4210,U1,S,2241575,633719
221704257876332,11558,ZCTA5 11558,3845110,956301,G6350,B5,S,28090303824415,3632105,Harbor Isle CDP,451689,140989,G4210,U1,S,451689,140989
221704257876332,11558,ZCTA5 11558,3845110,956301,G6350,B5,S,27890303824428,3637847,Island Park village,1151846,0,G4110,C1,A,1151846,0
221704257876335,11559,ZCTA5 11559,10769885,2607063,G6350,B5,S,28090303824427,3637583,Inwood CDP,4130840,1602743,G4210,U1,S,917564,0
221704257876335,11559,ZCTA5 11559,10769885,2607063,G6350,B5,S,27890303824436,3641553,Lawrence village,9628551,2385190,G4110,C1,A,9628551,2385190
221704257876335,11559,ZCTA5 11559,10769885,2607063,G6350,B5,S,28090303824509,3682942,Woodmere CDP,6683714,611777,G4210,U1,S,223420,34962
221704257876347,11560,ZCTA5 11560,19336229,166189,G6350,B5,S,27890303824406,3629113,Glen Cove city,17243917,32598438,G4110,C5,A,397901,0
221704257876347,11560,ZCTA5 11560,19336229,166189,G6350,B5,S,27890303824434,3641432,Lattingtown village,9705069,198288,G4110,C1,A,9584338,80439
221704257876347,11560,ZCTA5 11560,19336229,166189,G6350,B5,S,28090303824439,3643192,Locust Valley CDP,2347239,49171,G4210,U1,S,2347239,49171
221704257876347,11560,ZCTA5 11560,19336229,166189,G6350,B5,S,27890303824449,3646107,Matinecock village,6909008,12831,G4110,C1,A,6465476,12831
221704257876347,11560,ZCTA5 11560,19336229,166189,G6350,B5,S,27890303824451,3647405,Mill Neck village,6773705,839153,G4110,C1,A,232967,23748
221704257876358,11561,ZCTA5 11561,10390887,1578753,G6350,B5,S,28090303824389,3621578,East Atlantic Beach CDP,808228,961004,G4210,U1,S,285513,74255
221704257876358,11561,ZCTA5 11561,10390887,1578753,G6350,B5,S,28090303824438,3642279,Lido Beach CDP,4383749,7070761,G4210,U1,S,4361683,694784
221704257876358,11561,ZCTA5 11561,10390887,1578753,G6350,B5,S,27890303824440,3643335,Long Beach city,5743691,4342656,G4110,C5,A,5743691,809714
221704257876380,11563,ZCTA5 11563,6019823,0,G6350,B5,S,27890303824395,3622876,East Rockaway village,2636667,34335,G4110,C1,A,250431,0
221704257876380,11563,ZCTA5 11563,6019823,0,G6350,B5,S,28090303824418,3634286,Hewlett CDP,2280770,45437,G4210,U1,S,260119,0
221704257876380,11563,ZCTA5 11563,6019823,0,G6350,B5,S,27890303824441,3643874,Lynbrook village,5213220,0,G4110,C1,A,5203383,0
221704257876380,11563,ZCTA5 11563,6019823,0,G6350,B5,S,27890303824442,3644787,Malverne village,2740049,0,G4110,C1,A,1484,0
221704257876380,11563,ZCTA5 11563,6019823,0,G6350,B5,S,28090303824459,3653231,North Lynbrook CDP,224097,0,G4210,U1,S,224097,0
221704257876380,11563,ZCTA5 11563,6019823,0,G6350,B5,S,27890303824479,3663264,Rockville Centre village,8419755,220954,G4110,C1,A,4086,0
221704257876380,11563,ZCTA5 11563,6019823,0,G6350,B5,S,27890303824503,3676705,Valley Stream village,9007439,44613,G4110,C1,A,10375,0
221704257876388,11565,ZCTA5 11565,2922976,0,G6350,B5,S,27890303824441,3643874,Lynbrook village,5213220,0,G4110,C1,A,4793,0
221704257876388,11565,ZCTA5 11565,2922976,0,G6350,B5,S,27890303824442,3644787,Malverne village,2740049,0,G4110,C1,A,2723407,0
221704257876388,11565,ZCTA5 11565,2922976,0,G6350,B5,S,28090303824443,3644792,Malverne Park Oaks CDP,336736,0,G4210,U1,S,194776,0
221704257876414,11566,ZCTA5 11566,14071637,2520428,G6350,B5,S,28090303824450,3646668,Merrick CDP,10311480,3029606,G4210,U1,S,9305613,2502007
221704257876414,11566,ZCTA5 11566,14071637,2520428,G6350,B5,S,28090303824457,3651517,North Bellmore CDP,6786406,0,G4210,U1,S,386903,0
221704257876414,11566,ZCTA5 11566,14071637,2520428,G6350,B5,S,28090303824461,3653264,North Merrick CDP,4451873,18421,G4210,U1,S,4379121,18421
221704257876425,11568,ZCTA5 11568,22448333,0,G6350,B5,S,27890303824384,3610132,Brookville village,10223878,29514,G4110,C1,A,64358,0
221704257876425,11568,ZCTA5 11568,22448333,0,G6350,B5,S,27890303824468,3654705,Old Westbury village,22202460,0,G4110,C1,A,21899384,0
221704257876426,11569,ZCTA5 11569,724083,0,G6350,B5,S,28090303824438,3642279,Lido Beach CDP,4383749,7070761,G4210,U1,S,22066,0
221704257876426,11569,ZCTA5 11569,724083,0,G6350,B5,S,28090303824476,3658849,Point Lookout CDP,702017,271090,G4210,U1,S,702017,0
221704257876462,11570,ZCTA5 11570,9293740,227333,G6350,B5,S,28090303824374,3604143,Baldwin CDP,10654991,1541841,G4210,U1,S,75364,0
221704257876462,11570,ZCTA5 11570,9293740,227333,G6350,B5,S,28090303824433,3641003,Lakeview CDP,2591953,505775,G4210,U1,S,574075,6379
221704257876462,11570,ZCTA5 11570,9293740,227333,G6350,B5,S,28090303824465,3654441,Oceanside CDP,12768540,1296124,G4210,U1,S,1953,0
221704257876462,11570,ZCTA5 11570,9293740,227333,G6350,B5,S,27890303824479,3663264,Rockville Centre village,8419755,220954,G4110,C1,A,8415669,220954
221704257876462,11570,ZCTA5 11570,9293740,227333,G6350,B5,S,28090303824495,3669188,South Hempstead CDP,1497817,0,G4210,U1,S,226679,0
221704257876477,11572,ZCTA5 11572,12349203,1284129,G6350,B5,S,28090303824465,3654441,Oceanside CDP,12768540,1296124,G4210,U1,S,12348296,1280140
221704257876507,11575,ZCTA5 11575,4608137,26590,G6350,B5,S,28090303824374,3604143,Baldwin CDP,10654991,1541841,G4210,U1,S,265664,0
221704257876507,11575,ZCTA5 11575,4608137,26590,G6350,B5,S,28090303824480,3663506,Roosevelt CDP,4584995,26590,G4210,U1,S,4342473,26590
221704257876522,11576,ZCTA5 11576,11930854,408899,G6350,B5,S,27890303824391,3622260,East Hills village,5903176,0,G4110,C1,A,3247060,0
221704257876522,11576,ZCTA5 11576,11930854,408899,G6350,B5,S,27890303824400,3626352,Flower Hill village,4175019,0,G4110,C1,A,753757,0
221704257876522,11576,ZCTA5 11576,11930854,408899,G6350,B5,S,27890303824458,3653022,North Hills village,7140468,0,G4110,C1,A,1336071,0
221704257876522,11576,ZCTA5 11576,11930854,408899,G6350,B5,S,27890303824481,3663770,Roslyn village,1670981,30136,G4110,C1,A,1509450,30136
221704257876522,11576,ZCTA5 11576,11930854,408899,G6350,B5,S,27890303824482,3663792,Roslyn Estates village,1131054,0,G4110,C1,A,1107168,0
221704257876522,11576,ZCTA5 11576,11930854,408899,G6350,B5,S,27890303824483,3663803,Roslyn Harbor village,3084042,3918,G4110,C1,A,2954943,3918
221704257876522,11576,ZCTA5 11576,11930854,408899,G6350,B5,S,28090303824492,3666102,Searingtown CDP,2413224,0,G4210,U1,S,1019959,0
221704257876555,11577,ZCTA5 11577,7646731,0,G6350,B5,S,28090303824367,3601011,Albertson CDP,1758559,0,G4210,U1,S,395026,0
221704257876555,11577,ZCTA5 11577,7646731,0,G6350,B5,S,27890303824391,3622260,East Hills village,5903176,0,G4110,C1,A,2595293,0
221704257876555,11577,ZCTA5 11577,7646731,0,G6350,B5,S,27890303824458,3653022,North Hills village,7140468,0,G4110,C1,A,574444,0
221704257876555,11577,ZCTA5 11577,7646731,0,G6350,B5,S,27890303824481,3663770,Roslyn village,1670981,30136,G4110,C1,A,161531,0
221704257876555,11577,ZCTA5 11577,7646731,0,G6350,B5,S,27890303824482,3663792,Roslyn Estates village,1131054,0,G4110,C1,A,23886,0
221704257876555,11577,ZCTA5 11577,7646731,0,G6350,B5,S,28090303824484,3663814,Roslyn Heights CDP,3821589,0,G4210,U1,S,3634492,0
221704257876555,11577,ZCTA5 11577,7646731,0,G6350,B5,S,28090303824492,3666102,Searingtown CDP,2413224,0,G4210,U1,S,262059,0
221704257876561,11579,ZCTA5 11579,2883031,0,G6350,B5,S,27890303824490,3666047,Sea Cliff village,2887408,2192567,G4110,C1,A,2883031,0
221704257876600,11580,ZCTA5 11580,10068249,40010,G6350,B5,S,28090303824401,3627309,Franklin Square CDP,7458918,0,G4210,U1,S,492754,0
221704257876600,11580,ZCTA5 11580,10068249,40010,G6350,B5,S,27890303824441,3643874,Lynbrook village,5213220,0,G4110,C1,A,5044,0
221704257876600,11580,ZCTA5 11580,10068249,40010,G6350,B5,S,27890303824442,3644787,Malverne village,2740049,0,G4110,C1,A,15158,0
221704257876600,11580,ZCTA5 11580,10068249,40010,G6350,B5,S,28090303824463,3653748,North Valley Stream CDP,4828663,84194,G4210,U1,S,3555880,1051
221704257876600,11580,ZCTA5 11580,10068249,40010,G6350,B5,S,27890303824503,3676705,Valley Stream village,9007439,44613,G4110,C1,A,5999413,38959
221704257876614,11581,ZCTA5 11581,7053851,414322,G6350,B5,S,28090303824496,3669892,South Valley Stream CDP,2252667,0,G4210,U1,S,2252667,0
221704257876614,11581,ZCTA5 11581,7053851,414322,G6350,B5,S,27890303824503,3676705,Valley Stream village,9007439,44613,G4110,C1,A,2981622,5654
221704257876614,11581,ZCTA5 11581,7053851,414322,G6350,B5,S,28090303824509,3682942,Woodmere CDP,6683714,611777,G4210,U1,S,1819562,408668
221704257876657,11590,ZCTA5 11590,17364346,40187,G6350,B5,S,28090303824385,3612419,Carle Place CDP,2481987,0,G4210,U1,S,149298,0
221704257876657,11590,ZCTA5 11590,17364346,40187,G6350,B5,S,28090303824426,3634374,Hicksville CDP,17591639,35820,G4210,U1,S,469563,0
221704257876657,11590,ZCTA5 11590,17364346,40187,G6350,B5,S,28090303824429,3638539,Jericho CDP,10261294,0,G4210,U1,S,806657,0
221704257876657,11590,ZCTA5 11590,17364346,40187,G6350,B5,S,28090303824455,3650067,New Cassel CDP,3867663,0,G4210,U1,S,3765811,0
221704257876657,11590,ZCTA5 11590,17364346,40187,G6350,B5,S,27890303824468,3654705,Old Westbury village,22202460,0,G4110,C1,A,24695,0
221704257876657,11590,ZCTA5 11590,17364346,40187,G6350,B5,S,28090303824488,3664842,Salisbury CDP,4520312,40187,G4210,U1,S,4520312,40187
221704257876657,11590,ZCTA5 11590,17364346,40187,G6350,B5,S,28090303824500,3676089,Uniondale CDP,14792087,0,G4210,U1,S,1568343,0
221704257876657,11590,ZCTA5 11590,17364346,40187,G6350,B5,S,27890303824505,3679444,Westbury village,6069815,0,G4110,C1,A,6059667,0
221704257876672,11596,ZCTA5 11596,3427672,0,G6350,B5,S,27890303824396,3623217,East Williston village,1472850,0,G4110,C1,A,1472850,0
221704257876672,11596,ZCTA5 11596,3427672,0,G6350,B5,S,28090303824417,3634198,Herricks CDP,1483898,0,G4210,U1,S,424627,0
221704257876672,11596,ZCTA5 11596,3427672,0,G6350,B5,S,27890303824452,3647636,Mineola village,4794402,0,G4110,C1,A,13313,0
221704257876672,11596,ZCTA5 11596,3427672,0,G6350,B5,S,27890303824507,3682117,Williston Park village,1621989,0,G4110,C1,A,1516882,0
221704257876685,11598,ZCTA5 11598,5015148,256446,G6350,B5,S,28090303824418,3634286,Hewlett CDP,2280770,45437,G4210,U1,S,140112,0
221704257876685,11598,ZCTA5 11598,5015148,256446,G6350,B5,S,27890303824425,3634319,Hewlett Neck village,506242,46865,G4110,C1,A,506242,46865
221704257876685,11598,ZCTA5 11598,5015148,256446,G6350,B5,S,28090303824509,3682942,Woodmere CDP,6683714,611777,G4210,U1,S,3492212,87180
221704257876685,11598,ZCTA5 11598,5015148,256446,G6350,B5,S,27890303824510,3682986,Woodsburgh village,876582,113033,G4110,C1,A,876582,113033
221704257876707,11691,ZCTA5 11691,6949954,254400,G6350,B5,S,27890287325779,3651000,New York city,778165283,445421632,G4110,C1,A,6949954,254400
221704257876732,11692,ZCTA5 11692,2631023,255912,G6350,B5,S,27890287325779,3651000,New York city,778165283,445421632,G4110,C1,A,2631023,255912
221704257876733,11693,ZCTA5 11693,2560690,3120,G6350,B5,S,27890287325779,3651000,New York city,778165283,445421632,G4110,C1,A,2560690,3120
221704257876747,11694,ZCTA5 11694,4525516,0,G6350,B5,S,27890287325779,3651000,New York city,778165283,445421632,G4110,C1,A,4525516,0
221704257876748,11697,ZCTA5 11697,5302645,0,G6350,B5,S,27890287325779,3651000,New York city,778165283,445421632,G4110,C1,A,5302645,0
221704257876757,11701,ZCTA5 11701,12015524,1651771,G6350,B5,S,27890498683679,3602044,Amityville village,5324065,1082191,G4110,C1,A,5315436,1082191
221704257876757,11701,ZCTA5 11701,12015524,1651771,G6350,B5,S,28090498683702,3618146,Copiague CDP,8008831,1597055,G4210,U1,S,1293112,569580
221704257876757,11701,ZCTA5 11701,12015524,1651771,G6350,B5,S,28090498683766,3651396,North Amityville CDP,6103773,0,G4210,U1,S,4823157,0
221704257876757,11701,ZCTA5 11701,12015524,1651771,G6350,B5,S,28090498683773,3653198,North Lindenhurst CDP,4999985,0,G4210,U1,S,512934,0
221704257876764,11702,ZCTA5 11702,29799898,38665347,G6350,B5,S,27890498683682,3603408,Babylon village,6243579,994912,G4110,C1,A,6145564,994912
221704257876764,11702,ZCTA5 11702,29799898,38665347,G6350,B5,S,2809015799542008,3612402,Captree CDP,4189202,3053108,G4210,U1,S,4189202,899164
221704257876764,11702,ZCTA5 11702,29799898,38665347,G6350,B5,S,28090498683722,3625839,Fire Island CDP,23746996,75324501,G4210,U1,S,2660620,721
221704257876764,11702,ZCTA5 11702,29799898,38665347,G6350,B5,S,280903716516123,3628990,Gilgo CDP,12964649,26870941,G4210,U2,S,12964649,17351233
221704257876764,11702,ZCTA5 11702,29799898,38665347,G6350,B5,S,28090498683768,3651440,North Babylon CDP,8538901,111949,G4210,U1,S,617548,23827
221704257876764,11702,ZCTA5 11702,29799898,38665347,G6350,B5,S,2809015799542007,3654111,Oak Beach CDP,2959136,5598346,G4210,U1,S,2959136,1449988
221704257876764,11702,ZCTA5 11702,29799898,38665347,G6350,B5,S,28090498683822,3679246,West Babylon CDP,21898761,805449,G4210,U1,S,263179,64343
221704257876775,11703,ZCTA5 11703,7892472,88122,G6350,B5,S,28090498683705,3619972,Deer Park CDP,15973368,9723,G4210,U1,S,114116,0
221704257876775,11703,ZCTA5 11703,7892472,88122,G6350,B5,S,28090498683768,3651440,North Babylon CDP,8538901,111949,G4210,U1,S,7778356,88122
221704257876780,11704,ZCTA5 11704,20436218,523700,G6350,B5,S,27890498683682,3603408,Babylon village,6243579,994912,G4110,C1,A,98015,0
221704257876780,11704,ZCTA5 11704,20436218,523700,G6350,B5,S,28090498683768,3651440,North Babylon CDP,8538901,111949,G4210,U1,S,123454,0
221704257876780,11704,ZCTA5 11704,20436218,523700,G6350,B5,S,28090498683822,3679246,West Babylon CDP,21898761,805449,G4210,U1,S,20009811,523700
221704257876780,11704,ZCTA5 11704,20436218,523700,G6350,B5,S,28090498683831,3683294,Wyandanch CDP,5623609,8646,G4210,U1,S,204938,0
221704257876781,11705,ZCTA5 11705,8778865,185766,G6350,B5,S,28090498683684,3604913,Bayport CDP,9675305,185766,G4210,U1,S,8778865,185766
221704257876787,11706,ZCTA5 11706,43849806,16470055,G6350,B5,S,28090498683685,3604935,Bay Shore CDP,14706490,2706440,G4210,U1,S,14706490,2706440
221704257876787,11706,ZCTA5 11706,43849806,16470055,G6350,B5,S,28090498683686,3605039,Baywood CDP,5920213,0,G4210,U2,S,5852280,0
221704257876787,11706,ZCTA5 11706,43849806,16470055,G6350,B5,S,28090498683691,3608026,Brentwood CDP,28360731,0,G4210,U1,S,419510,0
221704257876787,11706,ZCTA5 11706,43849806,16470055,G6350,B5,S,27890498683693,3608323,Brightwaters village,2500948,58407,G4110,C1,A,73581,0
221704257876787,11706,ZCTA5 11706,43849806,16470055,G6350,B5,S,28090498683722,3625839,Fire Island CDP,23746996,75324501,G4210,U1,S,5779381,13394162
221704257876787,11706,ZCTA5 11706,43849806,16470055,G6350,B5,S,28090498683742,3637869,Islip CDP,12292964,1687132,G4210,U1,S,1439920,22056
221704257876787,11706,ZCTA5 11706,43849806,16470055,G6350,B5,S,28090498683769,3651495,North Bay Shore CDP,8279693,0,G4210,U1,S,8259927,0
221704257876787,11706,ZCTA5 11706,43849806,16470055,G6350,B5,S,27890498683800,3664881,Saltaire village,602907,132675,G4110,C1,A,602907,132675
221704257876787,11706,ZCTA5 11706,43849806,16470055,G6350,B5,S,28090498683823,3679301,West Bay Shore CDP,5654770,8347376,G4210,U1,S,5654770,214722
221704257876787,11706,ZCTA5 11706,43849806,16470055,G6350,B5,S,28090498683828,3680302,West Islip CDP,15782510,4436255,G4210,U1,S,1061040,0
221704257876789,11709,ZCTA5 11709,3845388,1491801,G6350,B5,S,27890303824379,3605034,Bayville village,3769718,247886,G4110,C1,A,3769718,247886
221704257876789,11709,ZCTA5 11709,3845388,1491801,G6350,B5,S,27890303824434,3641432,Lattingtown village,9705069,198288,G4110,C1,A,0,109937
221704257876797,11710,ZCTA5 11710,12598269,1650205,G6350,B5,S,28090303824382,3605738,Bellmore CDP,6110559,1589667,G4210,U1,S,6110559,1589667
221704257876797,11710,ZCTA5 11710,12598269,1650205,G6350,B5,S,28090303824457,3651517,North Bellmore CDP,6786406,0,G4210,U1,S,6116042,0
221704257876797,11710,ZCTA5 11710,12598269,1650205,G6350,B5,S,28090303824461,3653264,North Merrick CDP,4451873,18421,G4210,U1,S,72752,0
221704257876797,11710,ZCTA5 11710,12598269,1650205,G6350,B5,S,28090303824504,3678146,Wantagh CDP,9919069,768885,G4210,U1,S,298916,60538
221704257876799,11713,ZCTA5 11713,14459866,211385,G6350,B5,S,27890498683688,3605771,Bellport village,3755084,211385,G4110,C1,A,3688766,211385
221704257876799,11713,ZCTA5 11713,14459866,211385,G6350,B5,S,28090498683694,3609000,Brookhaven CDP,15014103,361456,G4210,U1,S,301472,0
221704257876799,11713,ZCTA5 11713,14459866,211385,G6350,B5,S,28090498683715,3622733,East Patchogue CDP,21544165,372306,G4210,U1,S,350045,0
221704257876799,11713,ZCTA5 11713,14459866,211385,G6350,B5,S,28090498683770,3651528,North Bellport CDP,12714648,0,G4210,U1,S,10119583,0
221704257876800,11714,ZCTA5 11714,10942915,0,G6350,B5,S,28090303824383,3606387,Bethpage CDP,9261281,0,G4210,U1,S,7559393,0
221704257876800,11714,ZCTA5 11714,10942915,0,G6350,B5,S,28090303824437,3642081,Levittown CDP,17643735,64664,G4210,U1,S,1299958,0
221704257876800,11714,ZCTA5 11714,10942915,0,G6350,B5,S,28090303824471,3658409,Plainedge CDP,3636242,0,G4210,U1,S,2079967,0
221704257876800,11714,ZCTA5 11714,10942915,0,G6350,B5,S,28090303824472,3658442,Plainview CDP,14825128,27297,G4210,U1,S,3597,0
221704257876802,11715,ZCTA5 11715,4398536,14894,G6350,B5,S,28090498683684,3604913,Bayport CDP,9675305,185766,G4210,U1,S,192856,0
221704257876802,11715,ZCTA5 11715,4398536,14894,G6350,B5,S,28090498683689,3607069,Blue Point CDP,4666261,14894,G4210,U1,S,4205680,14894
221704257876805,11716,ZCTA5 11716,22377260,88186,G6350,B5,S,28090498683690,3607157,Bohemia CDP,22287188,88186,G4210,U1,S,22000973,88186
221704257876805,11716,ZCTA5 11716,22377260,88186,G6350,B5,S,28090498683801,3665409,Sayville CDP,13759863,168855,G4210,U1,S,376287,0
221704257876854,11717,ZCTA5 11717,27828010,0,G6350,B5,S,28090498683691,3608026,Brentwood CDP,28360731,0,G4210,U1,S,27739432,0
221704257876854,11717,ZCTA5 11717,27828010,0,G6350,B5,S,28090498683701,3617530,Commack CDP,31723379,0,G4210,U1,S,68812,0
221704257876854,11717,ZCTA5 11717,27828010,0,G6350,B5,S,28090498683769,3651495,North Bay Shore CDP,8279693,0,G4210,U1,S,19766,0
221704257876856,11718,ZCTA5 11718,2427367,58407,G6350,B5,S,27890498683693,3608323,Brightwaters village,2500948,58407,G4110,C1,A,2427367,58407
221704257876869,11719,ZCTA5 11719,13829220,349884,G6350,B5,S,28090498683694,3609000,Brookhaven CDP,15014103,361456,G4210,U1,S,13449263,349884
221704257876869,11719,ZCTA5 11719,13829220,349884,G6350,B5,S,28090498683770,3651528,North Bellport CDP,12714648,0,G4210,U1,S,65862,0
221704257876869,11719,ZCTA5 11719,13829220,349884,G6350,B5,S,28090498683832,3683426,Yaphank CDP,35336639,318022,G4210,U1,S,314095,0
221704257876875,11720,ZCTA5 11720,21310552,0,G6350,B5,S,28090498683696,3613376,Centereach CDP,23073451,0,G4210,U1,S,21184192,0
221704257876875,11720,ZCTA5 11720,21310552,0,G6350,B5,S,28090498683747,3640838,Lake Ronkonkoma CDP,11749430,6946,G4210,U1,S,18123,0
221704257876875,11720,ZCTA5 11720,21310552,0,G6350,B5,S,28090498683802,3666212,Selden CDP,11781701,0,G4210,U1,S,108237,0
221704257876877,11721,ZCTA5 11721,6497630,3717596,G6350,B5,S,28090498683698,3613442,Centerport CDP,5728172,3710929,G4210,U1,S,5454457,3710929
221704257876877,11721,ZCTA5 11721,6497630,3717596,G6350,B5,S,28090498683729,3630543,Greenlawn CDP,9908547,6667,G4210,U1,S,592334,6667
221704257876877,11721,ZCTA5 11721,6497630,3717596,G6350,B5,S,28090498683738,3636233,Huntington CDP,19787131,389756,G4210,U1,S,450839,0
221704257876926,11722,ZCTA5 11722,18046955,0,G6350,B5,S,28090498683691,3608026,Brentwood CDP,28360731,0,G4210,U1,S,2258,0
221704257876926,11722,ZCTA5 11722,18046955,0,G6350,B5,S,28090498683699,3613552,Central Islip CDP,18530561,0,G4210,U1,S,17451711,0
221704257876926,11722,ZCTA5 11722,18046955,0,G6350,B5,S,28090498683734,3632732,Hauppauge CDP,26433660,227238,G4210,U1,S,6199,0
221704257876926,11722,ZCTA5 11722,18046955,0,G6350,B5,S,28090498683742,3637869,Islip CDP,12292964,1687132,G4210,U1,S,586787,0
221704257876928,11724,ZCTA5 11724,9999701,1264544,G6350,B5,S,28090498683700,3616958,Cold Spring Harbor CDP,8837488,438101,G4210,U1,S,8509520,438101
221704257876928,11724,ZCTA5 11724,9999701,1264544,G6350,B5,S,28090498683738,3636233,Huntington CDP,19787131,389756,G4210,U1,S,131711,0
221704257876928,11724,ZCTA5 11724,9999701,1264544,G6350,B5,S,27890498683750,3643005,Lloyd Harbor village,24168878,3437131,G4110,C1,A,1358470,0
221704257876930,11725,ZCTA5 11725,25148155,0,G6350,B5,S,28090498683701,3617530,Commack CDP,31723379,0,G4210,U1,S,25148155,0
221704257876933,11726,ZCTA5 11726,6557518,532457,G6350,B5,S,28090498683702,3618146,Copiague CDP,8008831,1597055,G4210,U1,S,5254691,532457
221704257876933,11726,ZCTA5 11726,6557518,532457,G6350,B5,S,28090498683766,3651396,North Amityville CDP,6103773,0,G4210,U1,S,1253329,0
221704257876933,11726,ZCTA5 11726,6557518,532457,G6350,B5,S,28090498683773,3653198,North Lindenhurst CDP,4999985,0,G4210,U1,S,49498,0
221704257876939,11727,ZCTA5 11727,24330662,0,G6350,B5,S,28090498683703,3618157,Coram CDP,35809365,0,G4210,U1,S,24149893,0
221704257876939,11727,ZCTA5 11727,24330662,0,G6350,B5,S,28090498683727,3629509,Gordon Heights CDP,4413705,35802,G4210,U1,S,180769,0
221704257876944,11729,ZCTA5 11729,16046648,9723,G6350,B5,S,28090498683686,3605039,Baywood CDP,5920213,0,G4210,U2,S,67933,0
221704257876944,11729,ZCTA5 11729,16046648,9723,G6350,B5,S,28090498683691,3608026,Brentwood CDP,28360731,0,G4210,U1,S,67824,0
221704257876944,11729,ZCTA5 11729,16046648,9723,G6350,B5,S,28090498683705,3619972,Deer Park CDP,15973368,9723,G4210,U1,S,15789114,9723
221704257876944,11729,ZCTA5 11729,16046648,9723,G6350,B5,S,28090498683707,3620687,Dix Hills CDP,40790585,0,G4210,U1,S,18763,0
221704257876944,11729,ZCTA5 11729,16046648,9723,G6350,B5,S,28090498683831,3683294,Wyandanch CDP,5623609,8646,G4210,U1,S,103014,0
221704257876945,11730,ZCTA5 11730,11644492,1258282,G6350,B5,S,28090498683711,3622315,East Islip CDP,10233259,1221538,G4210,U1,S,10233259,1221538
221704257876945,11730,ZCTA5 11730,11644492,1258282,G6350,B5,S,28090498683728,3630235,Great River CDP,10840344,4167610,G4210,U1,S,1411233,36744
221704257877020,11731,ZCTA5 11731,21551685,0,G6350,B5,S,28090498683701,3617530,Commack CDP,31723379,0,G4210,U1,S,4968211,0
221704257877020,11731,ZCTA5 11731,21551685,0,G6350,B5,S,28090498683707,3620687,Dix Hills CDP,40790585,0,G4210,U1,S,1145034,0
221704257877020,11731,ZCTA5 11731,21551685,0,G6350,B5,S,28090498683714,3622612,East Northport CDP,13350783,0,G4210,U1,S,10143873,0
221704257877020,11731,ZCTA5 11731,21551685,0,G6350,B5,S,28090498683720,3624405,Elwood CDP,12381408,0,G4210,U1,S,5294567,0
221704257877022,11732,ZCTA5 11732,5598608,0,G6350,B5,S,28090303824394,3622623,East Norwich CDP,2724886,0,G4210,U1,S,2077793,0
221704257877022,11732,ZCTA5 11732,5598608,0,G6350,B5,S,27890303824454,3649330,Muttontown village,15687540,0,G4110,C1,A,2865903,0
221704257877022,11732,ZCTA5 11732,5598608,0,G6350,B5,S,28090303824469,3655992,Oyster Bay CDP,3203758,957757,G4210,U1,S,526107,0
221704257877022,11732,ZCTA5 11732,5598608,0,G6350,B5,S,27890303824502,3676331,Upper Brookville village,11133146,0,G4110,C1,A,76114,0
221704257877030,11733,ZCTA5 11733,30406472,11575351,G6350,B5,S,2809015799542013,3622964,East Setauket CDP,15596054,145887,G4210,U1,S,14475419,145887
221704257877030,11733,ZCTA5 11733,30406472,11575351,G6350,B5,S,27890498683782,3654617,Old Field village,5360350,313330,G4110,C1,A,5360350,313330
221704257877030,11733,ZCTA5 11733,30406472,11575351,G6350,B5,S,27890498683786,3659157,Poquott village,1135591,381326,G4110,C1,A,1135591,381326
221704257877030,11733,ZCTA5 11733,30406472,11575351,G6350,B5,S,28090498683788,3659377,Port Jefferson Station CDP,6840296,0,G4210,U1,S,1929404,0
221704257877030,11733,ZCTA5 11733,30406472,11575351,G6350,B5,S,2809015799542009,3666465,Setauket CDP,6521780,1968325,G4210,U1,S,6176823,1968325
221704257877030,11733,ZCTA5 11733,30406472,11575351,G6350,B5,S,28090498683815,3671608,Stony Brook CDP,15082104,1099143,G4210,U1,S,1053582,0
221704257877030,11733,ZCTA5 11733,30406472,11575351,G6350,B5,S,280903746299795,3671620,Stony Brook University CDP,4270856,0,G4210,U2,S,275303,0
221704257877123,11735,ZCTA5 11735,27806419,10630,G6350,B5,S,28090303824383,3606387,Bethpage CDP,9261281,0,G4210,U1,S,479755,0
221704257877123,11735,ZCTA5 11735,27806419,10630,G6350,B5,S,28090498683708,3621985,East Farmingdale CDP,19365877,0,G4210,U1,S,14606902,0
221704257877123,11735,ZCTA5 11735,27806419,10630,G6350,B5,S,27890303824398,3625384,Farmingdale village,2833877,0,G4110,C1,A,2833877,0
221704257877123,11735,ZCTA5 11735,27806419,10630,G6350,B5,S,28090498683756,3646514,Melville CDP,31367459,0,G4210,U1,S,378975,0
221704257877123,11735,ZCTA5 11735,27806419,10630,G6350,B5,S,28090498683766,3651396,North Amityville CDP,6103773,0,G4210,U1,S,27287,0
221704257877123,11735,ZCTA5 11735,27806419,10630,G6350,B5,S,28090303824466,3654551,Old Bethpage CDP,10786324,8861,G4210,U1,S,2877830,0
221704257877123,11735,ZCTA5 11735,27806419,10630,G6350,B5,S,28090303824471,3658409,Plainedge CDP,3636242,0,G4210,U1,S,1403879,0
221704257877123,11735,ZCTA5 11735,27806419,10630,G6350,B5,S,28090303824493,3669001,South Farmingdale CDP,5679332,10630,G4210,U1,S,5197914,10630
221704257877136,11738,ZCTA5 11738,12964035,0,G6350,B5,S,28090498683696,3613376,Centereach CDP,23073451,0,G4210,U1,S,19857,0
221704257877136,11738,ZCTA5 11738,12964035,0,G6350,B5,S,28090498683703,3618157,Coram CDP,35809365,0,G4210,U1,S,1238298,0
221704257877136,11738,ZCTA5 11738,12964035,0,G6350,B5,S,28090498683721,3625417,Farmingville CDP,10846168,0,G4210,U1,S,9749509,0
221704257877136,11738,ZCTA5 11738,12964035,0,G6350,B5,S,28090498683737,3635254,Holtsville CDP,18411792,0,G4210,U1,S,832833,0
221704257877136,11738,ZCTA5 11738,12964035,0,G6350,B5,S,28090498683755,3646404,Medford CDP,27968187,0,G4210,U1,S,1123538,0
221704257877137,11739,ZCTA5 11739,9202281,4065461,G6350,B5,S,28090498683728,3630235,Great River CDP,10840344,4167610,G4210,U1,S,9202281,4065461
221704257877153,11740,ZCTA5 11740,9486854,0,G6350,B5,S,28090498683714,3622612,East Northport CDP,13350783,0,G4210,U1,S,639369,0
221704257877153,11740,ZCTA5 11740,9486854,0,G6350,B5,S,28090498683720,3624405,Elwood CDP,12381408,0,G4210,U1,S,742291,0
221704257877153,11740,ZCTA5 11740,9486854,0,G6350,B5,S,28090498683729,3630543,Greenlawn CDP,9908547,6667,G4210,U1,S,7484913,0
221704257877153,11740,ZCTA5 11740,9486854,0,G6350,B5,S,28090498683738,3636233,Huntington CDP,19787131,389756,G4210,U1,S,620281,0
221704257877175,11741,ZCTA5 11741,19444051,0,G6350,B5,S,28090498683690,3607157,Bohemia CDP,22287188,88186,G4210,U1,S,286215,0
221704257877175,11741,ZCTA5 11741,19444051,0,G6350,B5,S,28090498683736,3635056,Holbrook CDP,17826641,0,G4210,U1,S,17048124,0
221704257877175,11741,ZCTA5 11741,19444051,0,G6350,B5,S,28090498683737,3635254,Holtsville CDP,18411792,0,G4210,U1,S,1367192,0
221704257877175,11741,ZCTA5 11741,19444051,0,G6350,B5,S,28090498683747,3640838,Lake Ronkonkoma CDP,11749430,6946,G4210,U1,S,10194,0
221704257877175,11741,ZCTA5 11741,19444051,0,G6350,B5,S,28090498683796,3663473,Ronkonkoma CDP,20999858,859817,G4210,U1,S,732326,0
221704257877177,11742,ZCTA5 11742,13336189,0,G6350,B5,S,28090498683721,3625417,Farmingville CDP,10846168,0,G4210,U1,S,77549,0
221704257877177,11742,ZCTA5 11742,13336189,0,G6350,B5,S,28090498683737,3635254,Holtsville CDP,18411792,0,G4210,U1,S,13258640,0
221704257877183,11743,ZCTA5 11743,66477469,7831764,G6350,B5,S,28090498683698,3613442,Centerport CDP,5728172,3710929,G4210,U1,S,157427,0
221704257877183,11743,ZCTA5 11743,66477469,7831764,G6350,B5,S,28090498683700,3616958,Cold Spring Harbor CDP,8837488,438101,G4210,U1,S,327968,0
221704257877183,11743,ZCTA5 11743,66477469,7831764,G6350,B5,S,28090498683707,3620687,Dix Hills CDP,40790585,0,G4210,U1,S,294361,0
221704257877183,11743,ZCTA5 11743,66477469,7831764,G6350,B5,S,28090498683720,3624405,Elwood CDP,12381408,0,G4210,U1,S,6344550,0
221704257877183,11743,ZCTA5 11743,66477469,7831764,G6350,B5,S,28090498683729,3630543,Greenlawn CDP,9908547,6667,G4210,U1,S,1831300,0
221704257877183,11743,ZCTA5 11743,66477469,7831764,G6350,B5,S,28090498683732,3631445,Halesite CDP,2309036,237242,G4210,U1,S,2309036,237242
221704257877183,11743,ZCTA5 11743,66477469,7831764,G6350,B5,S,28090498683738,3636233,Huntington CDP,19787131,389756,G4210,U1,S,18584300,389756
221704257877183,11743,ZCTA5 11743,66477469,7831764,G6350,B5,S,27890498683739,3637022,Huntington Bay village,2585393,2321971,G4110,C1,A,2585393,1919793
221704257877183,11743,ZCTA5 11743,66477469,7831764,G6350,B5,S,28090498683740,3637044,Huntington Station CDP,14181619,9518,G4210,U1,S,1106389,0
221704257877183,11743,ZCTA5 11743,66477469,7831764,G6350,B5,S,27890498683750,3643005,Lloyd Harbor village,24168878,3437131,G4110,C1,A,22810408,3437131
221704257877183,11743,ZCTA5 11743,66477469,7831764,G6350,B5,S,28090498683812,3669254,South Huntington CDP,8845402,0,G4210,U1,S,29942,0
221704257877183,11743,ZCTA5 11743,66477469,7831764,G6350,B5,S,28090498683827,3680258,West Hills CDP,12708747,0,G4210,U1,S,10096395,0
221704257877193,11746,ZCTA5 11746,62456506,9518,G6350,B5,S,28090498683705,3619972,Deer Park CDP,15973368,9723,G4210,U1,S,65990,0
221704257877193,11746,ZCTA5 11746,62456506,9518,G6350,B5,S,28090498683707,3620687,Dix Hills CDP,40790585,0,G4210,U1,S,38594515,0
221704257877193,11746,ZCTA5 11746,62456506,9518,G6350,B5,S,28090498683740,3637044,Huntington Station CDP,14181619,9518,G4210,U1,S,13075230,9518
221704257877193,11746,ZCTA5 11746,62456506,9518,G6350,B5,S,28090498683756,3646514,Melville CDP,31367459,0,G4210,U1,S,1352471,0
221704257877193,11746,ZCTA5 11746,62456506,9518,G6350,B5,S,28090498683812,3669254,South Huntington CDP,8845402,0,G4210,U1,S,8751163,0
221704257877193,11746,ZCTA5 11746,62456506,9518,G6350,B5,S,28090498683827,3680258,West Hills CDP,12708747,0,G4210,U1,S,409528,0
221704257877193,11746,ZCTA5 11746,62456506,9518,G6350,B5,S,28090498683830,3681419,Wheatley Heights CDP,3413190,0,G4210,U1,S,207609,0
221704257877203,11747,ZCTA5 11747,32622020,0,G6350,B5,S,28090498683707,3620687,Dix Hills CDP,40790585,0,G4210,U1,S,718886,0
221704257877203,11747,ZCTA5 11747,32622020,0,G6350,B5,S,28090498683756,3646514,Melville CDP,31367459,0,G4210,U1,S,29636013,0
221704257877203,11747,ZCTA5 11747,32622020,0,G6350,B5,S,28090498683812,3669254,South Huntington CDP,8845402,0,G4210,U1,S,64297,0
221704257877203,11747,ZCTA5 11747,32622020,0,G6350,B5,S,28090498683827,3680258,West Hills CDP,12708747,0,G4210,U1,S,2202824,0
221704257877206,11749,ZCTA5 11749,5663406,0,G6350,B5,S,28090498683699,3613552,Central Islip CDP,18530561,0,G4210,U1,S,7824,0
221704257877206,11749,ZCTA5 11749,5663406,0,G6350,B5,S,28090498683734,3632732,Hauppauge CDP,26433660,227238,G4210,U1,S,3658,0
221704257877206,11749,ZCTA5 11749,5663406,0,G6350,B5,S,27890498683741,3637840,Islandia village,5733949,0,G4110,C1,A,5651924,0
221704257877211,11751,ZCTA5 11751,10266257,1665076,G6350,B5,S,28090498683742,3637869,Islip CDP,12292964,1687132,G4210,U1,S,10266257,1665076
221704257877218,11752,ZCTA5 11752,10460975,63598,G6350,B5,S,28090498683699,3613552,Central Islip CDP,18530561,0,G4210,U1,S,1071026,0
221704257877218,11752,ZCTA5 11752,10460975,63598,G6350,B5,S,28090498683743,3638022,Islip Terrace CDP,3298459,0,G4210,U1,S,3298459,0
221704257877218,11752,ZCTA5 11752,10460975,63598,G6350,B5,S,28090498683771,3652078,North Great River CDP,6091490,63598,G4210,U1,S,6091490,63598
221704257877221,11753,ZCTA5 11753,10267902,0,G6350,B5,S,28090303824429,3638539,Jericho CDP,10261294,0,G4210,U1,S,9157478,0
221704257877221,11753,ZCTA5 11753,10267902,0,G6350,B5,S,27890303824454,3649330,Muttontown village,15687540,0,G4110,C1,A,730305,0
221704257877221,11753,ZCTA5 11753,10267902,0,G6350,B5,S,27890303824468,3654705,Old Westbury village,22202460,0,G4110,C1,A,125703,0
221704257877226,11754,ZCTA5 11754,19070143,2647638,G6350,B5,S,28090498683701,3617530,Commack CDP,31723379,0,G4210,U1,S,215356,0
221704257877226,11754,ZCTA5 11754,19070143,2647638,G6350,B5,S,28090498683725,3626946,Fort Salonga CDP,24580342,9676255,G4210,U1,S,479800,1667216
221704257877226,11754,ZCTA5 11754,19070143,2647638,G6350,B5,S,28090498683745,3639672,Kings Park CDP,17279484,970800,G4210,U1,S,17279484,970800
221704257877226,11754,ZCTA5 11754,19070143,2647638,G6350,B5,S,28090498683809,3667851,Smithtown CDP,30891551,1422207,G4210,U1,S,1095503,0
221704257877228,11755,ZCTA5 11755,8490576,2832,G6350,B5,S,28090498683696,3613376,Centereach CDP,23073451,0,G4210,U1,S,8838,0
221704257877228,11755,ZCTA5 11755,8490576,2832,G6350,B5,S,27890498683746,3640530,Lake Grove village,7653845,2832,G4110,C1,A,7653845,2832
221704257877228,11755,ZCTA5 11755,8490576,2832,G6350,B5,S,28090498683747,3640838,Lake Ronkonkoma CDP,11749430,6946,G4210,U1,S,492196,0
221704257877228,11755,ZCTA5 11755,8490576,2832,G6350,B5,S,28090498683799,3664584,St. James CDP,11820361,2271,G4210,U1,S,335697,0
221704257877238,11756,ZCTA5 11756,14320539,64664,G6350,B5,S,28090303824426,3634374,Hicksville CDP,17591639,35820,G4210,U1,S,23363,0
221704257877238,11756,ZCTA5 11756,14320539,64664,G6350,B5,S,28090303824437,3642081,Levittown CDP,17643735,64664,G4210,U1,S,14297176,64664
221704257877271,11757,ZCTA5 11757,17636841,880124,G6350,B5,S,28090498683702,3618146,Copiague CDP,8008831,1597055,G4210,U1,S,1461028,495018
221704257877271,11757,ZCTA5 11757,17636841,880124,G6350,B5,S,28090498683708,3621985,East Farmingdale CDP,19365877,0,G4210,U1,S,421775,0
221704257877271,11757,ZCTA5 11757,17636841,880124,G6350,B5,S,27890498683749,3642554,Lindenhurst village,9704444,167700,G4110,C1,A,9704444,167700
221704257877271,11757,ZCTA5 11757,17636841,880124,G6350,B5,S,28090498683773,3653198,North Lindenhurst CDP,4999985,0,G4210,U1,S,4437553,0
221704257877271,11757,ZCTA5 11757,17636841,880124,G6350,B5,S,28090498683822,3679246,West Babylon CDP,21898761,805449,G4210,U1,S,1612041,217406
221704257877295,11758,ZCTA5 11758,31055838,18040074,G6350,B5,S,27890498683679,3602044,Amityville village,5324065,1082191,G4110,C1,A,8629,0
221704257877295,11758,ZCTA5 11758,31055838,18040074,G6350,B5,S,28090303824392,3622480,East Massapequa CDP,8751620,398182,G4210,U1,S,6478305,377323
221704257877295,11758,ZCTA5 11758,31055838,18040074,G6350,B5,S,28090303824447,3645986,Massapequa CDP,9217047,1122029,G4210,U1,S,9217047,1122029
221704257877295,11758,ZCTA5 11758,31055838,18040074,G6350,B5,S,28090303824460,3653253,North Massapequa CDP,7754800,13315,G4210,U1,S,6900518,13315
221704257877295,11758,ZCTA5 11758,31055838,18040074,G6350,B5,S,28090303824493,3669001,South Farmingdale CDP,5679332,10630,G4210,U1,S,481418,0
221704257877302,11762,ZCTA5 11762,8339991,164811,G6350,B5,S,28090303824392,3622480,East Massapequa CDP,8751620,398182,G4210,U1,S,2273315,20859
221704257877302,11762,ZCTA5 11762,8339991,164811,G6350,B5,S,27890303824448,3645997,Massapequa Park village,5676961,143952,G4110,C1,A,5676961,143952
221704257877302,11762,ZCTA5 11762,8339991,164811,G6350,B5,S,28090303824460,3653253,North Massapequa CDP,7754800,13315,G4210,U1,S,389715,0
221704257877305,11763,ZCTA5 11763,35627966,0,G6350,B5,S,28090498683703,3618157,Coram CDP,35809365,0,G4210,U1,S,1917466,0
221704257877305,11763,ZCTA5 11763,35627966,0,G6350,B5,S,28090498683727,3629509,Gordon Heights CDP,4413705,35802,G4210,U1,S,1816421,0
221704257877305,11763,ZCTA5 11763,35627966,0,G6350,B5,S,28090498683737,3635254,Holtsville CDP,18411792,0,G4210,U1,S,1666814,0
221704257877305,11763,ZCTA5 11763,35627966,0,G6350,B5,S,28090498683755,3646404,Medford CDP,27968187,0,G4210,U1,S,26763300,0
221704257877305,11763,ZCTA5 11763,35627966,0,G6350,B5,S,28090498683757,3646976,Middle Island CDP,21286834,150244,G4210,U1,S,184667,0
221704257877305,11763,ZCTA5 11763,35627966,0,G6350,B5,S,28090498683770,3651528,North Bellport CDP,12714648,0,G4210,U1,S,650149,0
221704257877305,11763,ZCTA5 11763,35627966,0,G6350,B5,S,28090498683832,3683426,Yaphank CDP,35336639,318022,G4210,U1,S,2629149,0
221704257877309,11764,ZCTA5 11764,23776057,3047313,G6350,B5,S,28090498683758,3647306,Miller Place CDP,16962332,3047313,G4210,U1,S,15275859,3047313
221704257877309,11764,ZCTA5 11764,23776057,3047313,G6350,B5,S,28090498683795,3663319,Rocky Point CDP,29318482,3451017,G4210,U1,S,8494339,0
221704257877309,11764,ZCTA5 11764,23776057,3047313,G6350,B5,S,28090498683810,3668374,Sound Beach CDP,4238910,2384608,G4210,U1,S,5859,0
221704257877310,11765,ZCTA5 11765,5847641,632680,G6350,B5,S,27890303824451,3647405,Mill Neck village,6773705,839153,G4110,C1,A,5847641,632680
221704257877313,11766,ZCTA5 11766,15610883,3718862,G6350,B5,S,28090498683703,3618157,Coram CDP,35809365,0,G4210,U1,S,647255,0
221704257877313,11766,ZCTA5 11766,15610883,3718862,G6350,B5,S,28090498683758,3647306,Miller Place CDP,16962332,3047313,G4210,U1,S,170462,0
221704257877313,11766,ZCTA5 11766,15610883,3718862,G6350,B5,S,28090498683761,3649066,Mount Sinai CDP,15538347,3726883,G4210,U1,S,14763505,3718862
221704257877313,11766,ZCTA5 11766,15610883,3718862,G6350,B5,S,28090498683788,3659377,Port Jefferson Station CDP,6840296,0,G4210,U1,S,29661,0
221704257877314,11767,ZCTA5 11767,11221269,14619,G6350,B5,S,28090498683747,3640838,Lake Ronkonkoma CDP,11749430,6946,G4210,U1,S,2867084,6946
221704257877314,11767,ZCTA5 11767,11221269,14619,G6350,B5,S,28090498683763,3649825,Nesconset CDP,9897846,7673,G4210,U1,S,8292092,7673
221704257877314,11767,ZCTA5 11767,11221269,14619,G6350,B5,S,28090498683796,3663473,Ronkonkoma CDP,20999858,859817,G4210,U1,S,62093,0
221704257877320,11768,ZCTA5 11768,39104606,29457057,G6350,B5,S,27890498683681,3602737,Asharoken village,3683558,13114076,G4110,C1,A,3683558,13114076
221704257877320,11768,ZCTA5 11768,39104606,29457057,G6350,B5,S,28090498683698,3613442,Centerport CDP,5728172,3710929,G4210,U1,S,116288,0
221704257877320,11768,ZCTA5 11768,39104606,29457057,G6350,B5,S,28090498683714,3622612,East Northport CDP,13350783,0,G4210,U1,S,2567541,0
221704257877320,11768,ZCTA5 11768,39104606,29457057,G6350,B5,S,28090498683719,3623316,Eatons Neck CDP,2602162,7336905,G4210,U1,S,2602162,7336905
221704257877320,11768,ZCTA5 11768,39104606,29457057,G6350,B5,S,28090498683725,3626946,Fort Salonga CDP,24580342,9676255,G4210,U1,S,24100542,8009039
221704257877320,11768,ZCTA5 11768,39104606,29457057,G6350,B5,S,27890498683739,3637022,Huntington Bay village,2585393,2321971,G4110,C1,A,0,402178
221704257877320,11768,ZCTA5 11768,39104606,29457057,G6350,B5,S,27890498683775,3653396,Northport village,5964884,588099,G4110,C1,A,5964884,588099
221704257877322,11769,ZCTA5 11769,11285370,1902476,G6350,B5,S,28090498683728,3630235,Great River CDP,10840344,4167610,G4210,U1,S,226830,65405
221704257877322,11769,ZCTA5 11769,11285370,1902476,G6350,B5,S,28090498683780,3654144,Oakdale CDP,8227824,1599138,G4210,U1,S,8227824,1599138
221704257877322,11769,ZCTA5 11769,11285370,1902476,G6350,B5,S,28090498683801,3665409,Sayville CDP,13759863,168855,G4210,U1,S,960619,0
221704257877322,11769,ZCTA5 11769,11285370,1902476,G6350,B5,S,28090498683829,3680885,West Sayville CDP,4970048,502490,G4210,U1,S,1870097,237933
221704257877325,11770,ZCTA5 11770,1565434,0,G6350,B5,S,28090498683722,3625839,Fire Island CDP,23746996,75324501,G4210,U1,S,1199401,0
221704257877325,11770,ZCTA5 11770,1565434,0,G6350,B5,S,27890498683781,3654430,Ocean Beach village,366033,0,G4110,C1,A,366033,0
221704257877327,11771,ZCTA5 11771,28075267,8551320,G6350,B5,S,27890303824387,3613618,Centre Island village,2823386,3930,G4110,C1,A,2823386,3930
221704257877327,11771,ZCTA5 11771,28075267,8551320,G6350,B5,S,27890303824388,3618597,Cove Neck village,3325818,724189,G4110,C1,A,3325818,724189
221704257877327,11771,ZCTA5 11771,28075267,8551320,G6350,B5,S,28090303824394,3622623,East Norwich CDP,2724886,0,G4210,U1,S,647093,0
221704257877327,11771,ZCTA5 11771,28075267,8551320,G6350,B5,S,27890303824435,3641487,Laurel Hollow village,7660546,527562,G4110,C1,A,747592,137619
221704257877327,11771,ZCTA5 11771,28075267,8551320,G6350,B5,S,27890303824449,3646107,Matinecock village,6909008,12831,G4110,C1,A,443532,0
221704257877327,11771,ZCTA5 11771,28075267,8551320,G6350,B5,S,27890303824451,3647405,Mill Neck village,6773705,839153,G4110,C1,A,693097,182725
221704257877327,11771,ZCTA5 11771,28075267,8551320,G6350,B5,S,27890303824454,3649330,Muttontown village,15687540,0,G4110,C1,A,1072932,0
221704257877327,11771,ZCTA5 11771,28075267,8551320,G6350,B5,S,28090303824469,3655992,Oyster Bay CDP,3203758,957757,G4210,U1,S,2677651,957757
221704257877327,11771,ZCTA5 11771,28075267,8551320,G6350,B5,S,27890303824470,3656011,Oyster Bay Cove village,10837156,179757,G4110,C1,A,7923809,179757
221704257877327,11771,ZCTA5 11771,28075267,8551320,G6350,B5,S,27890303824502,3676331,Upper Brookville village,11133146,0,G4110,C1,A,7659772,0
221704257877346,11772,ZCTA5 11772,41782741,1179072,G6350,B5,S,28090498683684,3604913,Bayport CDP,9675305,185766,G4210,U1,S,383519,0
221704257877346,11772,ZCTA5 11772,41782741,1179072,G6350,B5,S,27890498683688,3605771,Bellport village,3755084,211385,G4110,C1,A,66318,0
221704257877346,11772,ZCTA5 11772,41782741,1179072,G6350,B5,S,28090498683689,3607069,Blue Point CDP,4666261,14894,G4210,U1,S,460581,0
221704257877346,11772,ZCTA5 11772,41782741,1179072,G6350,B5,S,28090498683715,3622733,East Patchogue CDP,21544165,372306,G4210,U1,S,21194120,372306
221704257877346,11772,ZCTA5 11772,41782741,1179072,G6350,B5,S,28090498683722,3625839,Fire Island CDP,23746996,75324501,G4210,U1,S,6584685,0
221704257877346,11772,ZCTA5 11772,41782741,1179072,G6350,B5,S,28090498683737,3635254,Holtsville CDP,18411792,0,G4210,U1,S,168893,0
221704257877346,11772,ZCTA5 11772,41782741,1179072,G6350,B5,S,28090498683755,3646404,Medford CDP,27968187,0,G4210,U1,S,81349,0
221704257877346,11772,ZCTA5 11772,41782741,1179072,G6350,B5,S,28090498683770,3651528,North Bellport CDP,12714648,0,G4210,U1,S,1879054,0
221704257877346,11772,ZCTA5 11772,41782741,1179072,G6350,B5,S,28090498683774,3653319,North Patchogue CDP,5110115,133259,G4210,U1,S,5110115,133259
221704257877346,11772,ZCTA5 11772,41782741,1179072,G6350,B5,S,27890498683784,3656660,Patchogue village,5854107,673507,G4110,C1,A,5854107,673507
221704257877350,11776,ZCTA5 11776,18512544,0,G6350,B5,S,28090498683696,3613376,Centereach CDP,23073451,0,G4210,U1,S,62453,0
221704257877350,11776,ZCTA5 11776,18512544,0,G6350,B5,S,28090498683703,3618157,Coram CDP,35809365,0,G4210,U1,S,4160693,0
221704257877350,11776,ZCTA5 11776,18512544,0,G6350,B5,S,2809015799542013,3622964,East Setauket CDP,15596054,145887,G4210,U1,S,148157,0
221704257877350,11776,ZCTA5 11776,18512544,0,G6350,B5,S,28090498683761,3649066,Mount Sinai CDP,15538347,3726883,G4210,U1,S,611261,0
221704257877350,11776,ZCTA5 11776,18512544,0,G6350,B5,S,28090498683788,3659377,Port Jefferson Station CDP,6840296,0,G4210,U1,S,4793293,0
221704257877350,11776,ZCTA5 11776,18512544,0,G6350,B5,S,28090498683802,3666212,Selden CDP,11781701,0,G4210,U1,S,565855,0
221704257877350,11776,ZCTA5 11776,18512544,0,G6350,B5,S,28090498683816,3673352,Terryville CDP,8170832,0,G4210,U1,S,8170832,0
221704257877355,11777,ZCTA5 11777,11374667,5449989,G6350,B5,S,27890498683687,3605672,Belle Terre village,2291699,0,G4110,C1,A,2291699,0
221704257877355,11777,ZCTA5 11777,11374667,5449989,G6350,B5,S,2809015799542013,3622964,East Setauket CDP,15596054,145887,G4210,U1,S,472594,0
221704257877355,11777,ZCTA5 11777,11374667,5449989,G6350,B5,S,28090498683761,3649066,Mount Sinai CDP,15538347,3726883,G4210,U1,S,163581,8021
221704257877355,11777,ZCTA5 11777,11374667,5449989,G6350,B5,S,27890498683787,3659355,Port Jefferson village,7933856,65846,G4110,C1,A,7933856,65846
221704257877355,11777,ZCTA5 11777,11374667,5449989,G6350,B5,S,28090498683788,3659377,Port Jefferson Station CDP,6840296,0,G4210,U1,S,87938,0
221704257877359,11778,ZCTA5 11778,17458746,3451017,G6350,B5,S,28090498683795,3663319,Rocky Point CDP,29318482,3451017,G4210,U1,S,17432377,3451017
221704257877359,11778,ZCTA5 11778,17458746,3451017,G6350,B5,S,27890498683808,3667191,Shoreham village,1175951,0,G4110,C1,A,26369,0
221704257877363,11779,ZCTA5 11779,32298182,859817,G6350,B5,S,28090498683696,3613376,Centereach CDP,23073451,0,G4210,U1,S,1704944,0
221704257877363,11779,ZCTA5 11779,32298182,859817,G6350,B5,S,28090498683721,3625417,Farmingville CDP,10846168,0,G4210,U1,S,130029,0
221704257877363,11779,ZCTA5 11779,32298182,859817,G6350,B5,S,28090498683736,3635056,Holbrook CDP,17826641,0,G4210,U1,S,778517,0
221704257877363,11779,ZCTA5 11779,32298182,859817,G6350,B5,S,28090498683737,3635254,Holtsville CDP,18411792,0,G4210,U1,S,1117420,0
221704257877363,11779,ZCTA5 11779,32298182,859817,G6350,B5,S,28090498683747,3640838,Lake Ronkonkoma CDP,11749430,6946,G4210,U1,S,8361833,0
221704257877363,11779,ZCTA5 11779,32298182,859817,G6350,B5,S,28090498683796,3663473,Ronkonkoma CDP,20999858,859817,G4210,U1,S,20205439,859817
221704257877365,11780,ZCTA5 11780,29791999,10234148,G6350,B5,S,27890498683735,3632963,Head of the Harbor village,7266262,594054,G4110,C1,A,6610009,566793
221704257877365,11780,ZCTA5 11780,29791999,10234148,G6350,B5,S,28090498683763,3649825,Nesconset CDP,9897846,7673,G4210,U1,S,14142,0
221704257877365,11780,ZCTA5 11780,29791999,10234148,G6350,B5,S,27890498683765,3651286,Nissequogue village,9862224,574404,G4110,C1,A,9862224,574404
221704257877365,11780,ZCTA5 11780,29791999,10234148,G6350,B5,S,28090498683799,3664584,St. James CDP,11820361,2271,G4210,U1,S,10394704,2271
221704257877365,11780,ZCTA5 11780,29791999,10234148,G6350,B5,S,28090498683809,3667851,Smithtown CDP,30891551,1422207,G4210,U1,S,2028639,0
221704257877365,11780,ZCTA5 11780,29791999,10234148,G6350,B5,S,28090498683815,3671608,Stony Brook CDP,15082104,1099143,G4210,U1,S,42447,0
221704257877368,11782,ZCTA5 11782,14385858,168855,G6350,B5,S,28090498683684,3604913,Bayport CDP,9675305,185766,G4210,U1,S,320065,0
221704257877368,11782,ZCTA5 11782,14385858,168855,G6350,B5,S,28090498683722,3625839,Fire Island CDP,23746996,75324501,G4210,U1,S,1775082,0
221704257877368,11782,ZCTA5 11782,14385858,168855,G6350,B5,S,28090498683801,3665409,Sayville CDP,13759863,168855,G4210,U1,S,12290711,168855
221704257877370,11783,ZCTA5 11783,9173476,91257,G6350,B5,S,28090303824437,3642081,Levittown CDP,17643735,64664,G4210,U1,S,947691,0
221704257877370,11783,ZCTA5 11783,9173476,91257,G6350,B5,S,28090303824460,3653253,North Massapequa CDP,7754800,13315,G4210,U1,S,464567,0
221704257877370,11783,ZCTA5 11783,9173476,91257,G6350,B5,S,28090303824464,3653792,North Wantagh CDP,4929540,23421,G4210,U1,S,997258,0
221704257877370,11783,ZCTA5 11783,9173476,91257,G6350,B5,S,28090303824471,3658409,Plainedge CDP,3636242,0,G4210,U1,S,152396,0
221704257877370,11783,ZCTA5 11783,9173476,91257,G6350,B5,S,28090303824491,3666058,Seaford CDP,6759280,145469,G4210,U1,S,6611564,91257
221704257877372,11784,ZCTA5 11784,14191204,0,G6350,B5,S,28090498683696,3613376,Centereach CDP,23073451,0,G4210,U1,S,93167,0
221704257877372,11784,ZCTA5 11784,14191204,0,G6350,B5,S,28090498683703,3618157,Coram CDP,35809365,0,G4210,U1,S,2101347,0
221704257877372,11784,ZCTA5 11784,14191204,0,G6350,B5,S,28090498683721,3625417,Farmingville CDP,10846168,0,G4210,U1,S,889081,0
221704257877372,11784,ZCTA5 11784,14191204,0,G6350,B5,S,28090498683802,3666212,Selden CDP,11781701,0,G4210,U1,S,11107609,0
221704257877373,11786,ZCTA5 11786,12553782,4263634,G6350,B5,S,28090498683718,3622980,East Shoreham CDP,13984163,3389845,G4210,U1,S,10323156,3360835
221704257877373,11786,ZCTA5 11786,12553782,4263634,G6350,B5,S,28090498683792,3661665,Ridge CDP,34167959,239982,G4210,U1,S,594121,0
221704257877373,11786,ZCTA5 11786,12553782,4263634,G6350,B5,S,28090498683795,3663319,Rocky Point CDP,29318482,3451017,G4210,U1,S,486923,0
221704257877373,11786,ZCTA5 11786,12553782,4263634,G6350,B5,S,27890498683808,3667191,Shoreham village,1175951,0,G4110,C1,A,1149582,0
221704257877374,11787,ZCTA5 11787,38587514,1730092,G6350,B5,S,28090498683701,3617530,Commack CDP,31723379,0,G4210,U1,S,1214715,0
221704257877374,11787,ZCTA5 11787,38587514,1730092,G6350,B5,S,28090498683734,3632732,Hauppauge CDP,26433660,227238,G4210,U1,S,4461584,227238
221704257877374,11787,ZCTA5 11787,38587514,1730092,G6350,B5,S,28090498683763,3649825,Nesconset CDP,9897846,7673,G4210,U1,S,1591612,0
221704257877374,11787,ZCTA5 11787,38587514,1730092,G6350,B5,S,28090498683799,3664584,St. James CDP,11820361,2271,G4210,U1,S,1089960,0
221704257877374,11787,ZCTA5 11787,38587514,1730092,G6350,B5,S,28090498683809,3667851,Smithtown CDP,30891551,1422207,G4210,U1,S,27767409,1422207
221704257877374,11787,ZCTA5 11787,38587514,1730092,G6350,B5,S,27890498683818,3677519,Village of the Branch village,2460523,80647,G4110,C1,A,2460523,80647
221704257877375,11788,ZCTA5 11788,22284081,0,G6350,B5,S,28090498683691,3608026,Brentwood CDP,28360731,0,G4210,U1,S,131707,0
221704257877375,11788,ZCTA5 11788,22284081,0,G6350,B5,S,28090498683701,3617530,Commack CDP,31723379,0,G4210,U1,S,108130,0
221704257877375,11788,ZCTA5 11788,22284081,0,G6350,B5,S,28090498683734,3632732,Hauppauge CDP,26433660,227238,G4210,U1,S,21962219,0
221704257877375,11788,ZCTA5 11788,22284081,0,G6350,B5,S,27890498683741,3637840,Islandia village,5733949,0,G4110,C1,A,82025,0
221704257877377,11789,ZCTA5 11789,4383433,2384608,G6350,B5,S,28090498683795,3663319,Rocky Point CDP,29318482,3451017,G4210,U1,S,150382,0
221704257877377,11789,ZCTA5 11789,4383433,2384608,G6350,B5,S,28090498683810,3668374,Sound Beach CDP,4238910,2384608,G4210,U1,S,4233051,2384608
221704257877378,11790,ZCTA5 11790,18890945,1126404,G6350,B5,S,2809015799542013,3622964,East Setauket CDP,15596054,145887,G4210,U1,S,499884,0
221704257877378,11790,ZCTA5 11790,18890945,1126404,G6350,B5,S,27890498683735,3632963,Head of the Harbor village,7266262,594054,G4110,C1,A,656253,27261
221704257877378,11790,ZCTA5 11790,18890945,1126404,G6350,B5,S,2809015799542009,3666465,Setauket CDP,6521780,1968325,G4210,U1,S,344957,0
221704257877378,11790,ZCTA5 11790,18890945,1126404,G6350,B5,S,28090498683815,3671608,Stony Brook CDP,15082104,1099143,G4210,U1,S,13986075,1099143
221704257877378,11790,ZCTA5 11790,18890945,1126404,G6350,B5,S,280903746299795,3671620,Stony Brook University CDP,4270856,0,G4210,U2,S,3403776,0
221704257877380,11791,ZCTA5 11791,32408675,713179,G6350,B5,S,28090303824426,3634374,Hicksville CDP,17591639,35820,G4210,U1,S,634883,0
221704257877380,11791,ZCTA5 11791,32408675,713179,G6350,B5,S,27890303824435,3641487,Laurel Hollow village,7660546,527562,G4110,C1,A,6912954,389943
221704257877380,11791,ZCTA5 11791,32408675,713179,G6350,B5,S,27890303824454,3649330,Muttontown village,15687540,0,G4110,C1,A,9022778,0
221704257877380,11791,ZCTA5 11791,32408675,713179,G6350,B5,S,27890303824470,3656011,Oyster Bay Cove village,10837156,179757,G4110,C1,A,2913347,0
221704257877380,11791,ZCTA5 11791,32408675,713179,G6350,B5,S,28090303824472,3658442,Plainview CDP,14825128,27297,G4210,U1,S,39168,0
221704257877380,11791,ZCTA5 11791,32408675,713179,G6350,B5,S,28090303824498,3672554,Syosset CDP,12885287,0,G4210,U1,S,12864118,0
221704257877380,11791,ZCTA5 11791,32408675,713179,G6350,B5,S,28090303824508,3682744,Woodbury CDP,12969493,41188,G4210,U1,S,21427,0
221704257877383,11792,ZCTA5 11792,25613743,7109516,G6350,B5,S,28090498683718,3622980,East Shoreham CDP,13984163,3389845,G4210,U1,S,2426421,29010
221704257877383,11792,ZCTA5 11792,25613743,7109516,G6350,B5,S,28090498683792,3661665,Ridge CDP,34167959,239982,G4210,U1,S,1480224,0
221704257877383,11792,ZCTA5 11792,25613743,7109516,G6350,B5,S,28090498683819,3677772,Wading River CDP,25332009,7080506,G4210,U1,S,21707098,7080506
221704257877400,11793,ZCTA5 11793,25529176,4756441,G6350,B5,S,28090303824437,3642081,Levittown CDP,17643735,64664,G4210,U1,S,1098910,0
221704257877400,11793,ZCTA5 11793,25529176,4756441,G6350,B5,S,28090303824457,3651517,North Bellmore CDP,6786406,0,G4210,U1,S,283461,0
221704257877400,11793,ZCTA5 11793,25529176,4756441,G6350,B5,S,28090303824464,3653792,North Wantagh CDP,4929540,23421,G4210,U1,S,3932282,23421
221704257877400,11793,ZCTA5 11793,25529176,4756441,G6350,B5,S,28090303824491,3666058,Seaford CDP,6759280,145469,G4210,U1,S,147716,54212
221704257877400,11793,ZCTA5 11793,25529176,4756441,G6350,B5,S,28090303824504,3678146,Wantagh CDP,9919069,768885,G4210,U1,S,9620153,708347
221704257877401,11794,ZCTA5 11794,591777,0,G6350,B5,S,280903746299795,3671620,Stony Brook University CDP,4270856,0,G4210,U2,S,591777,0
221704257877403,11795,ZCTA5 11795,14741013,1177690,G6350,B5,S,28090498683768,3651440,North Babylon CDP,8538901,111949,G4210,U1,S,19543,0
221704257877403,11795,ZCTA5 11795,14741013,1177690,G6350,B5,S,28090498683828,3680302,West Islip CDP,15782510,4436255,G4210,U1,S,14721470,1177690
221704257877404,11796,ZCTA5 11796,3232197,264557,G6350,B5,S,28090498683801,3665409,Sayville CDP,13759863,168855,G4210,U1,S,132246,0
221704257877404,11796,ZCTA5 11796,3232197,264557,G6350,B5,S,28090498683829,3680885,West Sayville CDP,4970048,502490,G4210,U1,S,3099951,264557
221704257877405,11797,ZCTA5 11797,13197682,41188,G6350,B5,S,28090303824472,3658442,Plainview CDP,14825128,27297,G4210,U1,S,249616,0
221704257877405,11797,ZCTA5 11797,13197682,41188,G6350,B5,S,28090303824508,3682744,Woodbury CDP,12969493,41188,G4210,U1,S,12948066,41188
221704257877407,11798,ZCTA5 11798,12895342,8646,G6350,B5,S,28090498683705,3619972,Deer Park CDP,15973368,9723,G4210,U1,S,4148,0
221704257877407,11798,ZCTA5 11798,12895342,8646,G6350,B5,S,28090498683707,3620687,Dix Hills CDP,40790585,0,G4210,U1,S,19026,0
221704257877407,11798,ZCTA5 11798,12895342,8646,G6350,B5,S,28090498683708,3621985,East Farmingdale CDP,19365877,0,G4210,U1,S,4337200,0
221704257877407,11798,ZCTA5 11798,12895342,8646,G6350,B5,S,28090498683822,3679246,West Babylon CDP,21898761,805449,G4210,U1,S,13730,0
221704257877407,11798,ZCTA5 11798,12895342,8646,G6350,B5,S,28090498683830,3681419,Wheatley Heights CDP,3413190,0,G4210,U1,S,3205581,0
221704257877407,11798,ZCTA5 11798,12895342,8646,G6350,B5,S,28090498683831,3683294,Wyandanch CDP,5623609,8646,G4210,U1,S,5315657,8646
221704257877412,11801,ZCTA5 11801,17287857,35820,G6350,B5,S,28090303824383,3606387,Bethpage CDP,9261281,0,G4210,U1,S,425016,0
221704257877412,11801,ZCTA5 11801,17287857,35820,G6350,B5,S,28090303824426,3634374,Hicksville CDP,17591639,35820,G4210,U1,S,16463830,35820
221704257877412,11801,ZCTA5 11801,17287857,35820,G6350,B5,S,28090303824429,3638539,Jericho CDP,10261294,0,G4210,U1,S,297159,0
221704257877412,11801,ZCTA5 11801,17287857,35820,G6350,B5,S,28090303824455,3650067,New Cassel CDP,3867663,0,G4210,U1,S,101852,0
221704257877413,11803,ZCTA5 11803,15953663,27297,G6350,B5,S,28090303824383,3606387,Bethpage CDP,9261281,0,G4210,U1,S,797117,0
221704257877413,11803,ZCTA5 11803,15953663,27297,G6350,B5,S,28090303824466,3654551,Old Bethpage CDP,10786324,8861,G4210,U1,S,602630,0
221704257877413,11803,ZCTA5 11803,15953663,27297,G6350,B5,S,28090303824472,3658442,Plainview CDP,14825128,27297,G4210,U1,S,14532747,27297
221704257877413,11803,ZCTA5 11803,15953663,27297,G6350,B5,S,28090303824498,3672554,Syosset CDP,12885287,0,G4210,U1,S,21169,0
221704257877414,11804,ZCTA5 11804,7305864,8861,G6350,B5,S,28090303824466,3654551,Old Bethpage CDP,10786324,8861,G4210,U1,S,7305864,8861
221704257877416,11901,ZCTA5 11901,146851615,12386148,G6350,B5,S,28090498683680,3602374,Aquebogue CDP,9853982,261619,G4210,U1,S,9280606,18031
221704257877416,11901,ZCTA5 11901,146851615,12386148,G6350,B5,S,28090498683683,3604055,Baiting Hollow CDP,13493751,5735168,G4210,U1,S,3087301,0
221704257877416,11901,ZCTA5 11901,146851615,12386148,G6350,B5,S,28090498683695,3611781,Calverton CDP,67899894,1293196,G4210,U1,S,2347928,112890
221704257877416,11901,ZCTA5 11901,146851615,12386148,G6350,B5,S,28090498683724,3626121,Flanders CDP,29783682,2285892,G4210,U1,S,28746247,1404910
221704257877416,11901,ZCTA5 11901,146851615,12386148,G6350,B5,S,28090498683744,3638253,Jamesport CDP,11645696,70264,G4210,U1,S,8841395,11369
221704257877416,11901,ZCTA5 11901,146851615,12386148,G6350,B5,S,28090498683767,3651418,Northampton CDP,29440924,259511,G4210,U1,S,29440924,259511
221704257877416,11901,ZCTA5 11901,146851615,12386148,G6350,B5,S,28090498683777,3653775,Northville CDP,19160882,5833566,G4210,U1,S,19160882,5833566
221704257877416,11901,ZCTA5 11901,146851615,12386148,G6350,B5,S,28090498683793,3661973,Riverhead CDP,39091475,4489474,G4210,U1,S,39091475,4489474
221704257877416,11901,ZCTA5 11901,146851615,12386148,G6350,B5,S,28090498683794,3662066,Riverside CDP,6854857,256397,G4210,U1,S,6854857,256397
221704257877420,11930,ZCTA5 11930,22246623,14398816,G6350,B5,S,28090498683678,3601594,Amagansett CDP,17062556,7919743,G4210,U1,S,12749614,3420737
221704257877420,11930,ZCTA5 11930,22246623,14398816,G6350,B5,S,28090498683710,3622200,East Hampton North CDP,14430581,0,G4210,U2,S,70857,0
221704257877420,11930,ZCTA5 11930,22246623,14398816,G6350,B5,S,28090498683762,3649424,Napeague CDP,9530502,12601138,G4210,U1,S,9426152,9886960
221704257877421,11931,ZCTA5 11931,573376,243588,G6350,B5,S,28090498683680,3602374,Aquebogue CDP,9853982,261619,G4210,U1,S,573376,243588
221704257877422,11932,ZCTA5 11932,18747276,4603735,G6350,B5,S,28090498683692,3608136,Bridgehampton CDP,33698710,4814742,G4210,U1,S,18747276,4603735
221704257877426,11933,ZCTA5 11933,65730167,6305285,G6350,B5,S,28090498683683,3604055,Baiting Hollow CDP,13493751,5735168,G4210,U1,S,10406450,5735168
221704257877426,11933,ZCTA5 11933,65730167,6305285,G6350,B5,S,28090498683695,3611781,Calverton CDP,67899894,1293196,G4210,U1,S,49268941,570117
221704257877426,11933,ZCTA5 11933,65730167,6305285,G6350,B5,S,28090498683751,3645139,Manorville CDP,65866551,108884,G4210,U1,S,2429865,0
221704257877426,11933,ZCTA5 11933,65730167,6305285,G6350,B5,S,28090498683819,3677772,Wading River CDP,25332009,7080506,G4210,U1,S,3624911,0
221704257877429,11934,ZCTA5 11934,14339573,1074156,G6350,B5,S,28090498683697,3613420,Center Moriches CDP,13632103,2022284,G4210,U1,S,13201774,1074156
221704257877429,11934,ZCTA5 11934,14339573,1074156,G6350,B5,S,28090498683713,3622546,East Moriches CDP,14058264,1485909,G4210,U1,S,1081033,0
221704257877429,11934,ZCTA5 11934,14339573,1074156,G6350,B5,S,28090498683760,3648450,Moriches CDP,5366521,589119,G4210,U1,S,56766,0
221704257877434,11935,ZCTA5 11935,26740061,3012836,G6350,B5,S,28090498683704,3619466,Cutchogue CDP,25322718,3023005,G4210,U1,S,24631499,3012836
221704257877434,11935,ZCTA5 11935,26740061,3012836,G6350,B5,S,28090498683754,3646140,Mattituck CDP,23261595,8087250,G4210,U1,S,2108562,0
221704257877439,11937,ZCTA5 11937,96030915,36850692,G6350,B5,S,28090498683678,3601594,Amagansett CDP,17062556,7919743,G4210,U1,S,4312942,4499006
221704257877439,11937,ZCTA5 11937,96030915,36850692,G6350,B5,S,27890498683709,3622183,East Hampton village,12352035,358523,G4110,C1,A,12010942,328408
221704257877439,11937,ZCTA5 11937,96030915,36850692,G6350,B5,S,28090498683710,3622200,East Hampton North CDP,14430581,0,G4210,U2,S,14359724,0
221704257877439,11937,ZCTA5 11937,96030915,36850692,G6350,B5,S,28090498683778,3653852,Northwest Harbor CDP,37485154,14482057,G4210,U1,S,37307590,14482057
221704257877439,11937,ZCTA5 11937,96030915,36850692,G6350,B5,S,28090498683814,3670387,Springs CDP,21958341,9566326,G4210,U1,S,21958341,9566326
221704257877439,11937,ZCTA5 11937,96030915,36850692,G6350,B5,S,28090498683820,3677805,Wainscott CDP,17436768,3077056,G4210,U1,S,6081376,597609
221704257877441,11939,ZCTA5 11939,5797296,14037958,G6350,B5,S,28090498683712,3622447,East Marion CDP,5797296,3737282,G4210,U1,S,5797296,3737282
221704257877441,11939,ZCTA5 11939,5797296,14037958,G6350,B5,S,28090498683731,3630581,Greenport West CDP,8318898,7556551,G4210,U2,S,0,876441
221704257877441,11939,ZCTA5 11939,5797296,14037958,G6350,B5,S,28090498683783,3655321,Orient CDP,13275501,12850953,G4210,U1,S,0,1637710
221704257877442,11940,ZCTA5 11940,12977231,1053642,G6350,B5,S,28090498683713,3622546,East Moriches CDP,14058264,1485909,G4210,U1,S,12977231,1053642
221704257877443,11941,ZCTA5 11941,10628297,348044,G6350,B5,S,28090498683716,3622810,Eastport CDP,11520884,336251,G4210,U1,S,7347838,336251
221704257877443,11941,ZCTA5 11941,10628297,348044,G6350,B5,S,2809015800443834,3661142,Remsenburg-Speonk CDP,9321189,1193240,G4210,U2,S,882548,11793
221704257877444,11942,ZCTA5 11942,21981456,8867946,G6350,B5,S,28090498683717,3622832,East Quogue CDP,22565458,8888702,G4210,U1,S,21946938,8867946
221704257877444,11942,ZCTA5 11942,21981456,8867946,G6350,B5,S,27890498683790,3660422,Quogue village,10854964,2001085,G4110,C1,A,34518,0
221704257877447,11944,ZCTA5 11944,10539257,8871905,G6350,B5,S,27890498683730,3630576,Greenport village,2460134,649780,G4110,C1,A,2460134,649780
221704257877447,11944,ZCTA5 11944,10539257,8871905,G6350,B5,S,28090498683731,3630581,Greenport West CDP,8318898,7556551,G4210,U2,S,8014165,6600565
221704257877447,11944,ZCTA5 11944,10539257,8871905,G6350,B5,S,28090498683813,3669452,Southold CDP,27103814,10581291,G4210,U1,S,55853,0
221704257877451,11946,ZCTA5 11946,34968188,19719460,G6350,B5,S,28090498683724,3626121,Flanders CDP,29783682,2285892,G4210,U1,S,1037435,58173
221704257877451,11946,ZCTA5 11946,34968188,19719460,G6350,B5,S,28090498683733,3631896,Hampton Bays CDP,33501890,19613751,G4210,U1,S,33501890,19015357
221704257877451,11946,ZCTA5 11946,34968188,19719460,G6350,B5,S,28090498683806,3667048,Shinnecock Hills CDP,7307102,520207,G4210,U1,S,428863,0
221704257877453,11947,ZCTA5 11947,86915,0,G6350,B5,S,28090498683744,3638253,Jamesport CDP,11645696,70264,G4210,U1,S,86915,0
221704257877454,11948,ZCTA5 11948,7263098,77154,G6350,B5,S,28090498683744,3638253,Jamesport CDP,11645696,70264,G4210,U1,S,1697236,0
221704257877454,11948,ZCTA5 11948,7263098,77154,G6350,B5,S,28090498683748,3641465,Laurel CDP,7769817,190446,G4210,U1,S,5565862,77154
221704257877456,11949,ZCTA5 11949,94859116,738832,G6350,B5,S,28090498683695,3611781,Calverton CDP,67899894,1293196,G4210,U1,S,16283025,610189
221704257877456,11949,ZCTA5 11949,94859116,738832,G6350,B5,S,28090498683716,3622810,Eastport CDP,11520884,336251,G4210,U1,S,4173046,0
221704257877456,11949,ZCTA5 11949,94859116,738832,G6350,B5,S,28090498683751,3645139,Manorville CDP,65866551,108884,G4210,U1,S,63396304,108884
221704257877456,11949,ZCTA5 11949,94859116,738832,G6350,B5,S,28090498683752,3646074,Mastic CDP,9998798,220000,G4210,U1,S,1033754,0
221704257877456,11949,ZCTA5 11949,94859116,738832,G6350,B5,S,28090498683807,3667070,Shirley CDP,29302739,2213739,G4210,U1,S,8588,0
221704257877458,11950,ZCTA5 11950,9577625,368143,G6350,B5,S,28090498683752,3646074,Mastic CDP,9998798,220000,G4210,U1,S,8965044,220000
221704257877458,11950,ZCTA5 11950,9577625,368143,G6350,B5,S,28090498683753,3646085,Mastic Beach CDP,12686827,2862151,G4210,U1,S,169504,0
221704257877458,11950,ZCTA5 11950,9577625,368143,G6350,B5,S,28090498683807,3667070,Shirley CDP,29302739,2213739,G4210,U1,S,150487,0
221704257877460,11951,ZCTA5 11951,12429064,2818448,G6350,B5,S,28090498683753,3646085,Mastic Beach CDP,12686827,2862151,G4210,U1,S,12385838,2818448
221704257877460,11951,ZCTA5 11951,12429064,2818448,G6350,B5,S,28090498683807,3667070,Shirley CDP,29302739,2213739,G4210,U1,S,43226,0
221704257877461,11952,ZCTA5 11952,24048207,8200542,G6350,B5,S,28090498683704,3619466,Cutchogue CDP,25322718,3023005,G4210,U1,S,691219,0
221704257877461,11952,ZCTA5 11952,24048207,8200542,G6350,B5,S,28090498683748,3641465,Laurel CDP,7769817,190446,G4210,U1,S,2203955,113292
221704257877461,11952,ZCTA5 11952,24048207,8200542,G6350,B5,S,28090498683754,3646140,Mattituck CDP,23261595,8087250,G4210,U1,S,21153033,8087250
221704257877463,11953,ZCTA5 11953,26712060,186046,G6350,B5,S,28090498683703,3618157,Coram CDP,35809365,0,G4210,U1,S,1594413,0
221704257877463,11953,ZCTA5 11953,26712060,186046,G6350,B5,S,28090498683727,3629509,Gordon Heights CDP,4413705,35802,G4210,U1,S,2416515,35802
221704257877463,11953,ZCTA5 11953,26712060,186046,G6350,B5,S,28090498683757,3646976,Middle Island CDP,21286834,150244,G4210,U1,S,21102167,150244
221704257877463,11953,ZCTA5 11953,26712060,186046,G6350,B5,S,28090498683758,3647306,Miller Place CDP,16962332,3047313,G4210,U1,S,1516011,0
221704257877463,11953,ZCTA5 11953,26712060,186046,G6350,B5,S,28090498683832,3683426,Yaphank CDP,35336639,318022,G4210,U1,S,82954,0
221704257877467,11954,ZCTA5 11954,47993315,47630876,G6350,B5,S,28090498683759,3648054,Montauk CDP,47888965,44916698,G4210,U1,S,47888965,44916698
221704257877467,11954,ZCTA5 11954,47993315,47630876,G6350,B5,S,28090498683762,3649424,Napeague CDP,9530502,12601138,G4210,U1,S,104350,2714178
221704257877468,11955,ZCTA5 11955,5780466,589119,G6350,B5,S,28090498683697,3613420,Center Moriches CDP,13632103,2022284,G4210,U1,S,430329,0
221704257877468,11955,ZCTA5 11955,5780466,589119,G6350,B5,S,28090498683751,3645139,Manorville CDP,65866551,108884,G4210,U1,S,40382,0
221704257877468,11955,ZCTA5 11955,5780466,589119,G6350,B5,S,28090498683760,3648450,Moriches CDP,5366521,589119,G4210,U1,S,5309755,589119
221704257877469,11956,ZCTA5 11956,3284726,4838698,G6350,B5,S,28090498683704,3619466,Cutchogue CDP,25322718,3023005,G4210,U1,S,0,10169
221704257877469,11956,ZCTA5 11956,3284726,4838698,G6350,B5,S,28090498683764,3650727,New Suffolk CDP,1441122,139586,G4210,U1,S,1441122,139586
221704257877470,11957,ZCTA5 11957,16760754,39834190,G6350,B5,S,28090498683783,3655321,Orient CDP,13275501,12850953,G4210,U1,S,13275501,11213243
221704257877471,11958,ZCTA5 11958,7585070,3179176,G6350,B5,S,28090498683785,3656968,Peconic CDP,8621139,3179176,G4210,U1,S,7204465,3179176
221704257877471,11958,ZCTA5 11958,7585070,3179176,G6350,B5,S,28090498683813,3669452,Southold CDP,27103814,10581291,G4210,U1,S,380605,0
221704257877474,11959,ZCTA5 11959,15840043,2021841,G6350,B5,S,28090498683717,3622832,East Quogue CDP,22565458,8888702,G4210,U1,S,618520,20756
221704257877474,11959,ZCTA5 11959,15840043,2021841,G6350,B5,S,27890498683790,3660422,Quogue village,10854964,2001085,G4110,C1,A,9954924,2001085
221704257877474,11959,ZCTA5 11959,15840043,2021841,G6350,B5,S,28090498683824,3680170,Westhampton CDP,32789531,5691273,G4210,U1,S,5215539,0
221704257877474,11959,ZCTA5 11959,15840043,2021841,G6350,B5,S,27890498683825,3680181,Westhampton Beach village,7591360,187129,G4110,C1,A,51060,0
221704257877475,11960,ZCTA5 11960,5145914,190630,G6350,B5,S,2809015800443834,3661142,Remsenburg-Speonk CDP,9321189,1193240,G4210,U2,S,5145914,190630
221704257877481,11961,ZCTA5 11961,38934381,251073,G6350,B5,S,28090498683718,3622980,East Shoreham CDP,13984163,3389845,G4210,U1,S,1234586,0
221704257877481,11961,ZCTA5 11961,38934381,251073,G6350,B5,S,28090498683792,3661665,Ridge CDP,34167959,239982,G4210,U1,S,32093614,239982
221704257877481,11961,ZCTA5 11961,38934381,251073,G6350,B5,S,28090498683795,3663319,Rocky Point CDP,29318482,3451017,G4210,U1,S,2754461,0
221704257877482,11962,ZCTA5 11962,15213322,4596857,G6350,B5,S,28090498683692,3608136,Bridgehampton CDP,33698710,4814742,G4210,U1,S,3691431,0
221704257877482,11962,ZCTA5 11962,15213322,4596857,G6350,B5,S,278901938500890,3664452,Sagaponack village,11419996,636825,G4110,C1,A,11419996,636825
221704257877487,11963,ZCTA5 11963,37770312,12728804,G6350,B5,S,28090498683692,3608136,Bridgehampton CDP,33698710,4814742,G4210,U1,S,2726773,0
221704257877487,11963,ZCTA5 11963,37770312,12728804,G6350,B5,S,27890498683772,3652188,North Haven village,7025757,0,G4110,C1,A,7025757,0
221704257877487,11963,ZCTA5 11963,37770312,12728804,G6350,B5,S,28090498683778,3653852,Northwest Harbor CDP,37485154,14482057,G4210,U1,S,177564,0
221704257877487,11963,ZCTA5 11963,37770312,12728804,G6350,B5,S,28090498683779,3654056,Noyack CDP,21751018,835195,G4210,U1,S,21751018,835195
221704257877487,11963,ZCTA5 11963,37770312,12728804,G6350,B5,S,27890498683798,3664485,Sag Harbor village,4672561,1382772,G4110,C1,A,4672561,1382772
221704257877487,11963,ZCTA5 11963,37770312,12728804,G6350,B5,S,28090498683805,3666850,Shelter Island Heights CDP,13979879,21045614,G4210,U1,S,209801,4951751
221704257877487,11963,ZCTA5 11963,37770312,12728804,G6350,B5,S,28090498683820,3677805,Wainscott CDP,17436768,3077056,G4210,U1,S,1206838,0
221704257877490,11964,ZCTA5 11964,24294717,15494982,G6350,B5,S,27890498683706,3620379,Dering Harbor village,636236,34459,G4110,C1,A,636236,0
221704257877490,11964,ZCTA5 11964,24294717,15494982,G6350,B5,S,28090498683804,3666828,Shelter Island CDP,16986693,16167312,G4210,U1,S,16343319,13791251
221704257877490,11964,ZCTA5 11964,24294717,15494982,G6350,B5,S,28090498683805,3666850,Shelter Island Heights CDP,13979879,21045614,G4210,U1,S,7315162,1684787
221704257877492,11965,ZCTA5 11965,7098290,18519222,G6350,B5,S,27890498683706,3620379,Dering Harbor village,636236,34459,G4110,C1,A,0,34459
221704257877492,11965,ZCTA5 11965,7098290,18519222,G6350,B5,S,28090498683804,3666828,Shelter Island CDP,16986693,16167312,G4210,U1,S,643374,2376061
221704257877492,11965,ZCTA5 11965,7098290,18519222,G6350,B5,S,28090498683805,3666850,Shelter Island Heights CDP,13979879,21045614,G4210,U1,S,6454916,14409076
221704257877493,11967,ZCTA5 11967,34219903,1097339,G6350,B5,S,28090498683694,3609000,Brookhaven CDP,15014103,361456,G4210,U1,S,1263368,11572
221704257877493,11967,ZCTA5 11967,34219903,1097339,G6350,B5,S,28090498683753,3646085,Mastic Beach CDP,12686827,2862151,G4210,U1,S,131485,0
221704257877493,11967,ZCTA5 11967,34219903,1097339,G6350,B5,S,28090498683807,3667070,Shirley CDP,29302739,2213739,G4210,U1,S,29100438,1060235
221704257877493,11967,ZCTA5 11967,34219903,1097339,G6350,B5,S,28090498683832,3683426,Yaphank CDP,35336639,318022,G4210,U1,S,1143717,25532
221704257877501,11968,ZCTA5 11968,69691046,28278707,G6350,B5,S,28090498683776,3653561,North Sea CDP,28622596,2696201,G4210,U1,S,28380054,2696201
221704257877501,11968,ZCTA5 11968,69691046,28278707,G6350,B5,S,28090498683806,3667048,Shinnecock Hills CDP,7307102,520207,G4210,U1,S,6878239,520207
221704257877501,11968,ZCTA5 11968,69691046,28278707,G6350,B5,S,27890498683811,3668462,Southampton village,17468778,2081593,G4110,C1,A,17468778,2081593
221704257877501,11968,ZCTA5 11968,69691046,28278707,G6350,B5,S,28090498683817,3675572,Tuckahoe CDP,10550885,1721643,G4210,U1,S,10550885,1144735
221704257877501,11968,ZCTA5 11968,69691046,28278707,G6350,B5,S,28090498683821,3678575,Water Mill CDP,27395622,5734980,G4210,U1,S,2578372,186757
221704257877503,11970,ZCTA5 11970,1020150,58895,G6350,B5,S,28090498683744,3638253,Jamesport CDP,11645696,70264,G4210,U1,S,1020150,58895
221704257877504,11971,ZCTA5 11971,28388763,10660836,G6350,B5,S,28090498683731,3630581,Greenport West CDP,8318898,7556551,G4210,U2,S,304733,79545
221704257877504,11971,ZCTA5 11971,28388763,10660836,G6350,B5,S,28090498683785,3656968,Peconic CDP,8621139,3179176,G4210,U1,S,1416674,0
221704257877504,11971,ZCTA5 11971,28388763,10660836,G6350,B5,S,28090498683813,3669452,Southold CDP,27103814,10581291,G4210,U1,S,26667356,10581291
221704257877505,11972,ZCTA5 11972,2083607,8017,G6350,B5,S,2809015800443834,3661142,Remsenburg-Speonk CDP,9321189,1193240,G4210,U2,S,2083607,8017
221704257877509,11975,ZCTA5 11975,10489647,2509562,G6350,B5,S,27890498683709,3622183,East Hampton village,12352035,358523,G4110,C1,A,341093,30115
221704257877509,11975,ZCTA5 11975,10489647,2509562,G6350,B5,S,28090498683820,3677805,Wainscott CDP,17436768,3077056,G4210,U1,S,10148554,2479447
221704257877511,11976,ZCTA5 11976,33593022,5759230,G6350,B5,S,28090498683692,3608136,Bridgehampton CDP,33698710,4814742,G4210,U1,S,8533230,211007
221704257877511,11976,ZCTA5 11976,33593022,5759230,G6350,B5,S,28090498683776,3653561,North Sea CDP,28622596,2696201,G4210,U1,S,242542,0
221704257877511,11976,ZCTA5 11976,33593022,5759230,G6350,B5,S,28090498683821,3678575,Water Mill CDP,27395622,5734980,G4210,U1,S,24817250,5548223
221704257877512,11977,ZCTA5 11977,14878960,245257,G6350,B5,S,2809015800443834,3661142,Remsenburg-Speonk CDP,9321189,1193240,G4210,U2,S,1209120,0
221704257877512,11977,ZCTA5 11977,14878960,245257,G6350,B5,S,28090498683824,3680170,Westhampton CDP,32789531,5691273,G4210,U1,S,13669840,245257
221704257877516,11978,ZCTA5 11978,26341052,6130181,G6350,B5,S,28090498683789,3660408,Quiogue CDP,3257996,1114924,G4210,U1,S,3257996,1114924
221704257877516,11978,ZCTA5 11978,26341052,6130181,G6350,B5,S,27890498683790,3660422,Quogue village,10854964,2001085,G4110,C1,A,865522,0
221704257877516,11978,ZCTA5 11978,26341052,6130181,G6350,B5,S,28090498683824,3680170,Westhampton CDP,32789531,5691273,G4210,U1,S,13904152,301265
221704257877516,11978,ZCTA5 11978,26341052,6130181,G6350,B5,S,27890498683825,3680181,Westhampton Beach village,7591360,187129,G4110,C1,A,7540300,187129
221704257877516,11978,ZCTA5 11978,26341052,6130181,G6350,B5,S,27890498683826,3680186,West Hampton Dunes village,837934,219553,G4110,C1,A,768432,219327
221704257877517,11980,ZCTA5 11980,31166724,292490,G6350,B5,S,28090498683832,3683426,Yaphank CDP,35336639,318022,G4210,U1,S,31166724,292490
221704257877518,12007,ZCTA5 12007,12957269,20563,G6350,B5,S,NA,NA,NA,NA,NA,NA,NA,NA,12957269,20563
221704257877519,12008,ZCTA5 12008,1733130,452596,G6350,B5,S,28090739389385,3622084,East Glenville CDP,26055041,771087,G4210,U1,S,1733130,452596
221704257877522,12009,ZCTA5 12009,136298638,2136555,G6350,B5,S,NA,NA,NA,NA,NA,NA,NA,NA,133019494,2132866
221704257877522,12009,ZCTA5 12009,136298638,2136555,G6350,B5,S,27890735648301,3601517,Altamont village,3279144,3689,G4110,C1,A,3279144,3689
221704257877535,12010,ZCTA5 12010,332311380,7546970,G6350,B5,S,NA,NA,NA,NA,NA,NA,NA,NA,315593984,6163544
221704257877535,12010,ZCTA5 12010,332311380,7546970,G6350,B5,S,27890729421562,3602066,Amsterdam city,15208935,1003058,G4110,C5,A,15208935,1003058
221704257877535,12010,ZCTA5 12010,332311380,7546970,G6350,B5,S,27890743707501,3608422,Broadalbin village,3500673,10482,G4110,C1,A,308112,0
221704257877535,12010,ZCTA5 12010,332311380,7546970,G6350,B5,S,27890729421565,3626880,Fort Johnson village,1915198,278935,G4110,C1,A,239787,264602
221704257877535,12010,ZCTA5 12010,332311380,7546970,G6350,B5,S,27890729421568,3631291,Hagaman village,3879694,119909,G4110,C1,A,960562,115766
221704257877537,12015,ZCTA5 12015,39136758,5448544,G6350,B5,S,NA,NA,NA,NA,NA,NA,NA,NA,25309135,1346843
221704257877537,12015,ZCTA5 12015,39136758,5448544,G6350,B5,S,27890720137171,3602902,Athens village,8856682,3068558,G4110,C1,A,8856682,3068558
221704257877537,12015,ZCTA5 12015,39136758,5448544,G6350,B5,S,2809015512379432,3667640,Sleepy Hollow Lake CDP,4970941,1033143,G4210,U1,S,4970941,1033143
221704257877538,12017,ZCTA5 12017,38095867,47994,G6350,B5,S,NA,NA,NA,NA,NA,NA,NA,NA,38095867,47994
221704257877539,12018,ZCTA5 12018,119690603,3355460,G6350,B5,S,NA,NA,NA,NA,NA,NA,NA,NA,103486003,2910991
221704257877539,12018,ZCTA5 12018,119690603,3355460,G6350,B5,S,28090309543927,3603320,Averill Park CDP,10455319,317097,G4210,U1,S,10341793,317097
221704257877539,12018,ZCTA5 12018,119690603,3355460,G6350,B5,S,27890309543933,3622557,East Nassau village,12594718,22635,G4110,C1,A,26273,0
221704257877539,12018,ZCTA5 12018,119690603,3355460,G6350,B5,S,28090309543941,3658794,Poestenkill CDP,15218231,171330,G4210,U1,S,3451540,127372
221704257877539,12018,ZCTA5 12018,119690603,3355460,G6350,B5,S,28090309543951,3680863,West Sand Lake CDP,12350422,228841,G4210,U1,S,2384994,0
221704257877544,12019,ZCTA5 12019,73715946,1278720,G6350,B5,S,NA,NA,NA,NA,NA,NA,NA,NA,67584077,1277322
221704257877544,12019,ZCTA5 12019,73715946,1278720,G6350,B5,S,28090724480011,3618542,Country Knolls CDP,8869366,1398,G4210,U1,S,6131869,1398
221704257877551,12020,ZCTA5 12020,195699150,499536,G6350,B5,S,NA,NA,NA,NA,NA,NA,NA,NA,179198766,432707
221704257877551,12020,ZCTA5 12020,195699150,499536,G6350,B5,S,27890724566434,3604253,Ballston Spa village,4145396,23918,G4110,C1,A,4145396,23918
221704257877551,12020,ZCTA5 12020,195699150,499536,G6350,B5,S,28090724480046,3647548,Milton CDP,6200995,20886,G4210,U1,S,6200995,20886
221704257877551,12020,ZCTA5 12020,195699150,499536,G6350,B5,S,28090724480048,3651467,North Ballston Spa CDP,2250029,10232,G4210,U2,S,2250029,10232
221704257877551,12020,ZCTA5 12020,195699150,499536,G6350,B5,S,27890724566439,3665255,Saratoga Springs city,72687552,2091297,G4110,C5,A,3903964,11793
221704257877552,12022,ZCTA5 12022,61456984,0,G6350,B5,S,NA,NA,NA,NA,NA,NA,NA,NA,61456984,0
221704257877554,12023,ZCTA5 12023,153147803,729237,G6350,B5,S,NA,NA,NA,NA,NA,NA,NA,NA,153147803,729237
221704257877555,12024,ZCTA5 12024,7353665,0,G6350,B5,S,NA,NA,NA,NA,NA,NA,NA,NA,7314268,0
221704257877555,12024,ZCTA5 12024,7353665,0,G6350,B5,S,27890309543933,3622557,East Nassau village,12594718,22635,G4110,C1,A,39397,0
221704257877557,12025,ZCTA5 12025,108541795,4240488,G6350,B5,S,NA,NA,NA,NA,NA,NA,NA,NA,105349234,4230006
221704257877557,12025,ZCTA5 12025,108541795,4240488,G6350,B5,S,27890743707501,3608422,Broadalbin village,3500673,10482,G4110,C1,A,3192561,10482
221704257877560,12027,ZCTA5 12027,19324056,53437,G6350,B5,S,NA,NA,NA,NA,NA,NA,NA,NA,19146649,53437
221704257877560,12027,ZCTA5 12027,19324056,53437,G6350,B5,S,28090739389385,3622084,East Glenville CDP,26055041,771087,G4210,U1,S,177407,0
221704257877561,12028,ZCTA5 12028,61371058,739459,G6350,B5,S,NA,NA,NA,NA,NA,NA,NA,NA,61371058,739459
221704257877562,12029,ZCTA5 12029,53914749,678182,G6350,B5,S,NA,NA,NA,NA,NA,NA,NA,NA,53914749,678182
221704257877563,12031,ZCTA5 12031,9133593,0,G6350,B5,S,NA,NA,NA,NA,NA,NA,NA,NA,9133593,0
221704257877566,12032,ZCTA5 12032,242420142,11591695,G6350,B5,S,NA,NA,NA,NA,NA,NA,NA,NA,239243291,10289537
221704257877566,12032,ZCTA5 12032,242420142,11591695,G6350,B5,S,280903939136109,3612584,Caroga Lake CDP,6476038,2262056,G4210,U1,S,3176851,1302158
221704257877567,12033,ZCTA5 12033,73815780,1524312,G6350,B5,S,NA,NA,NA,NA,NA,NA,NA,NA,71732989,1520116
221704257877567,12033,ZCTA5 12033,73815780,1524312,G6350,B5,S,27890309543929,3612870,Castleton-on-Hudson village,1848304,2367,G4110,C1,A,1848304,2367
221704257877567,12033,ZCTA5 12033,73815780,1524312,G6350,B5,S,28090309543931,3622106,East Greenbush CDP,10146275,42534,G4210,U1,S,234487,1829
221704257877568,12035,ZCTA5 12035,24967994,356397,G6350,B5,S,NA,NA,NA,NA,NA,NA,NA,NA,21258602,356397
221704257877568,12035,ZCTA5 12035,24967994,356397,G6350,B5,S,280903926955905,3613530,Central Bridge CDP,7397256,35427,G4210,U1,S,3709392,0
221704257877569,12036,ZCTA5 12036,18226834,33357,G6350,B5,S,NA,NA,NA,NA,NA,NA,NA,NA,18226834,33357
221704257877570,12037,ZCTA5 12037,93745498,379631,G6350,B5,S,NA,NA,NA,NA,NA,NA,NA,NA,90373877,368712
221704257877570,12037,ZCTA5 12037,93745498,379631,G6350,B5,S,27890413583414,3614003,Chatham village,3203527,10919,G4110,C1,A,3203527,10919
221704257877570,12037,ZCTA5 12037,93745498,379631,G6350,B5,S,28090413583418,3628860,Ghent CDP,4207695,27984,G4210,U1,S,168094,0
221704257877571,12040,ZCTA5 12040,154748,0,G6350,B5,S,NA,NA,NA,NA,NA,NA,NA,NA,154748,0
221704257877572,12041,ZCTA5 12041,5078800,7570,G6350,B5,S,NA,NA,NA,NA,NA,NA,NA,NA,5078800,7570
221704257877573,12042,ZCTA5 12042,12918998,65186,G6350,B5,S,NA,NA,NA,NA,NA,NA,NA,NA,12918998,65186
221704257877578,12043,ZCTA5 12043,164711347,652166,G6350,B5,S,NA,NA,NA,NA,NA,NA,NA,NA,155479445,642779
221704257877578,12043,ZCTA5 12043,164711347,652166,G6350,B5,S,27890721354103,3616628,Cobleskill village,9231902,9387,G4110,C1,A,9231902,9387
221704257877579,12045,ZCTA5 12045,3197637,0,G6350,B5,S,NA,NA,NA,NA,NA,NA,NA,NA,3197637,0
221704257877580,12046,ZCTA5 12046,38417307,5493968,G6350,B5,S,NA,NA,NA,NA,NA,NA,NA,NA,38417307,5493968
221704257877582,12047,ZCTA5 12047,22898936,3704988,G6350,B5,S,NA,NA,NA,NA,NA,NA,NA,NA,13127689,2504373
221704257877582,12047,ZCTA5 12047,22898936,3704988,G6350,B5,S,27890735648332,3616749,Cohoes city,9771247,1200615,G4110,C5,A,9771247,1200615
221704257877583,12051,ZCTA5 12051,46408206,3675127,G6350,B5,S,NA,NA,NA,NA,NA,NA,NA,NA,41434700,2579969
221704257877583,12051,ZCTA5 12051,46408206,3675127,G6350,B5,S,27890720137173,3618718,Coxsackie village,5620623,1095158,G4110,C1,A,4973506,1095158
221704257877585,12052,ZCTA5 12052,78094266,2491574,G6350,B5,S,NA,NA,NA,NA,NA,NA,NA,NA,78094266,2491574
221704257877590,12053,ZCTA5 12053,146094743,1559694,G6350,B5,S,NA,NA,NA,NA,NA,NA,NA,NA,138688637,1119070
221704257877590,12053,ZCTA5 12053,146094743,1559694,G6350,B5,S,27890739393007,3620082,Delanson village,1666892,6970,G4110,C1,A,1666892,6970
221704257877590,12053,ZCTA5 12053,146094743,1559694,G6350,B5,S,28090739389384,3620995,Duanesburg CDP,6351654,248757,G4210,U1,S,1747345,77767
221704257877590,12053,ZCTA5 12053,146094743,1559694,G6350,B5,S,28090739389386,3645573,Mariaville Lake CDP,14569914,983920,G4210,U1,S,3991869,355887
221704257877591,12054,ZCTA5 12054,40025877,76669,G6350,B5,S,NA,NA,NA,NA,NA,NA,NA,NA,40025877,76669
221704257877593,12056,ZCTA5 12056,48643085,1259491,G6350,B5,S,NA,NA,NA,NA,NA,NA,NA,NA,37822860,585154
221704257877593,12056,ZCTA5 12056,48643085,1259491,G6350,B5,S,28090739389383,3620989,Duane Lake CDP,6215916,503347,G4210,U1,S,6215916,503347
221704257877593,12056,ZCTA5 12056,48643085,1259491,G6350,B5,S,28090739389384,3620995,Duanesburg CDP,6351654,248757,G4210,U1,S,4604309,170990
221704257877595,12057,ZCTA5 12057,99035072,10906,G6350,B5,S,NA,NA,NA,NA,NA,NA,NA,NA,99035072,10906
221704257877598,12058,ZCTA5 12058,51625852,759989,G6350,B5,S,NA,NA,NA,NA,NA,NA,NA,NA,51625852,759989
221704257877604,12059,ZCTA5 12059,59000710,1627620,G6350,B5,S,NA,NA,NA,NA,NA,NA,NA,NA,59000710,1627620
221704257877605,12060,ZCTA5 12060,93362407,342456,G6350,B5,S,NA,NA,NA,NA,NA,NA,NA,NA,93362407,342456
221704257877606,12061,ZCTA5 12061,52026935,280315,G6350,B5,S,NA,NA,NA,NA,NA,NA,NA,NA,44557417,243089
221704257877606,12061,ZCTA5 12061,52026935,280315,G6350,B5,S,28090309543931,3622106,East Greenbush CDP,10146275,42534,G4210,U1,S,7469518,37226
221704257877607,12062,ZCTA5 12062,86170511,711208,G6350,B5,S,NA,NA,NA,NA,NA,NA,NA,NA,75610229,705075
221704257877607,12062,ZCTA5 12062,86170511,711208,G6350,B5,S,27890309543933,3622557,East Nassau village,12594718,22635,G4110,C1,A,10560282,6133
221704257877608,12063,ZCTA5 12063,3313303,2396,G6350,B5,S,NA,NA,NA,NA,NA,NA,NA,NA,3313303,2396
221704257877609,12064,ZCTA5 12064,23347069,21486,G6350,B5,S,NA,NA,NA,NA,NA,NA,NA,NA,17442408,21486
221704257877609,12064,ZCTA5 12064,23347069,21486,G6350,B5,S,2809015504388232,3623283,East Worcester CDP,6511007,0,G4210,U1,S,5904661,0
221704257877612,12065,ZCTA5 12065,90955648,2574420,G6350,B5,S,NA,NA,NA,NA,NA,NA,NA,NA,81260626,2420697
221704257877612,12065,ZCTA5 12065,90955648,2574420,G6350,B5,S,2809015922354963,3616298,Clifton Gardens CDP,2854655,20353,G4210,U1,S,2854655,20353
221704257877612,12065,ZCTA5 12065,90955648,2574420,G6350,B5,S,2809015922354910,3616322,Clifton Knolls-Mill Creek CDP,4102870,133370,G4210,U2,S,4102870,133370
221704257877612,12065,ZCTA5 12065,90955648,2574420,G6350,B5,S,28090724480011,3618542,Country Knolls CDP,8869366,1398,G4210,U1,S,2737497,0
221704257877615,12066,ZCTA5 12066,84771396,2392955,G6350,B5,S,NA,NA,NA,NA,NA,NA,NA,NA,83504008,2314608
221704257877615,12066,ZCTA5 12066,84771396,2392955,G6350,B5,S,27890721354104,3624713,Esperance village,1267388,78347,G4110,C1,A,1267388,78347
221704257877616,12067,ZCTA5 12067,50634133,387983,G6350,B5,S,NA,NA,NA,NA,NA,NA,NA,NA,50634133,387983
221704257877620,12068,ZCTA5 12068,75951137,1774338,G6350,B5,S,NA,NA,NA,NA,NA,NA,NA,NA,69765604,1283317
221704257877620,12068,ZCTA5 12068,75951137,1774338,G6350,B5,S,27890729421564,3626462,Fonda village,1396712,179299,G4110,C1,A,1396712,179299
221704257877620,12068,ZCTA5 12068,75951137,1774338,G6350,B5,S,28090729421344,3675341,Tribes Hill CDP,5896314,350941,G4210,U1,S,4788821,311722
221704257877621,12069,ZCTA5 12069,965335,116222,G6350,B5,S,NA,NA,NA,NA,NA,NA,NA,NA,965335,116222
221704257877622,12070,ZCTA5 12070,32572878,46534,G6350,B5,S,NA,NA,NA,NA,NA,NA,NA,NA,30897467,32201
221704257877622,12070,ZCTA5 12070,32572878,46534,G6350,B5,S,27890729421565,3626880,Fort Johnson village,1915198,278935,G4110,C1,A,1675411,14333
221704257877623,12071,ZCTA5 12071,35655564,0,G6350,B5,S,NA,NA,NA,NA,NA,NA,NA,NA,35637239,0
221704257877623,12071,ZCTA5 12071,35655564,0,G6350,B5,S,2809015682358449,3651561,North Blenheim CDP,1170402,0,G4210,U1,S,18325,0
221704257877626,12072,ZCTA5 12072,135180021,969108,G6350,B5,S,NA,NA,NA,NA,NA,NA,NA,NA,133944477,858773
221704257877626,12072,ZCTA5 12072,135180021,969108,G6350,B5,S,27890729421567,3627859,Fultonville village,1235544,110335,G4110,C1,A,1235544,110335
221704257877628,12074,ZCTA5 12074,88874276,323771,G6350,B5,S,NA,NA,NA,NA,NA,NA,NA,NA,88211297,323771
221704257877628,12074,ZCTA5 12074,88874276,323771,G6350,B5,S,27890724566436,3628101,Galway village,662979,0,G4110,C1,A,662979,0
221704257877630,12075,ZCTA5 12075,93929814,510108,G6350,B5,S,NA,NA,NA,NA,NA,NA,NA,NA,89890213,482124
221704257877630,12075,ZCTA5 12075,93929814,510108,G6350,B5,S,28090413583418,3628860,Ghent CDP,4207695,27984,G4210,U1,S,4039601,27984
221704257877633,12076,ZCTA5 12076,178229052,4844634,G6350,B5,S,NA,NA,NA,NA,NA,NA,NA,NA,178229052,4844634
221704257877634,12077,ZCTA5 12077,26204298,1025927,G6350,B5,S,NA,NA,NA,NA,NA,NA,NA,NA,26204298,1025927
221704257877636,12078,ZCTA5 12078,286982471,9480739,G6350,B5,S,NA,NA,NA,NA,NA,NA,NA,NA,271358811,8499095
221704257877636,12078,ZCTA5 12078,286982471,9480739,G6350,B5,S,280903939136109,3612584,Caroga Lake CDP,6476038,2262056,G4210,U1,S,3299187,959898
221704257877636,12078,ZCTA5 12078,286982471,9480739,G6350,B5,S,27890743707502,3629443,Gloversville city,13069249,21746,G4110,C5,A,12042400,21746
221704257877636,12078,ZCTA5 12078,286982471,9480739,G6350,B5,S,27890743707504,3646206,Mayfield village,2606192,465566,G4110,C1,A,282073,0
2217026265990910,12082,ZCTA5 12082,49061,0,G6350,B5,S,NA,NA,NA,NA,NA,NA,NA,NA,49061,0
221704257877640,12083,ZCTA5 12083,113290056,1243698,G6350,B5,S,NA,NA,NA,NA,NA,NA,NA,NA,103238973,1133787
221704257877640,12083,ZCTA5 12083,113290056,1243698,G6350,B5,S,28090720136457,3630609,Greenville CDP,10051083,109911,G4210,U1,S,10051083,109911
221704257877643,12084,ZCTA5 12084,9868396,48312,G6350,B5,S,NA,NA,NA,NA,NA,NA,NA,NA,9064118,46114
221704257877643,12084,ZCTA5 12084,9868396,48312,G6350,B5,S,28090735634479,3680423,Westmere CDP,8208195,25222,G4210,U1,S,804278,2198
221704257877644,12085,ZCTA5 12085,1734084,0,G6350,B5,S,NA,NA,NA,NA,NA,NA,NA,NA,1734084,0
221704257877646,12086,ZCTA5 12086,15811282,175393,G6350,B5,S,NA,NA,NA,NA,NA,NA,NA,NA,12892150,171250
221704257877646,12086,ZCTA5 12086,15811282,175393,G6350,B5,S,27890729421568,3631291,Hagaman village,3879694,119909,G4110,C1,A,2919132,4143
221704257877652,12087,ZCTA5 12087,51869563,682665,G6350,B5,S,NA,NA,NA,NA,NA,NA,NA,NA,51571228,682665
221704257877652,12087,ZCTA5 12087,51869563,682665,G6350,B5,S,2809015512378578,3649924,New Baltimore CDP,4551747,696899,G4210,U1,S,298335,0
221704257877660,12090,ZCTA5 12090,149794366,25125,G6350,B5,S,NA,NA,NA,NA,NA,NA,NA,NA,145655571,25125
221704257877660,12090,ZCTA5 12090,149794366,25125,G6350,B5,S,27890309543937,3635474,Hoosick Falls village,4138795,0,G4110,C1,A,4138795,0
221704257877662,12092,ZCTA5 12092,40065038,391295,G6350,B5,S,NA,NA,NA,NA,NA,NA,NA,NA,36377174,355868
221704257877662,12092,ZCTA5 12092,40065038,391295,G6350,B5,S,280903926955905,3613530,Central Bridge CDP,7397256,35427,G4210,U1,S,3687864,35427
221704257877671,12093,ZCTA5 12093,169087217,464761,G6350,B5,S,NA,NA,NA,NA,NA,NA,NA,NA,166327683,457226
221704257877671,12093,ZCTA5 12093,169087217,464761,G6350,B5,S,2809015682358439,3638429,Jefferson CDP,2759534,7535,G4210,U1,S,2759534,7535
221704257877673,12094,ZCTA5 12094,82193854,1563595,G6350,B5,S,NA,NA,NA,NA,NA,NA,NA,NA,82193854,1563595
221704257877677,12095,ZCTA5 12095,168868133,896637,G6350,B5,S,NA,NA,NA,NA,NA,NA,NA,NA,155356256,886650
221704257877677,12095,ZCTA5 12095,168868133,896637,G6350,B5,S,27890743707502,3629443,Gloversville city,13069249,21746,G4110,C5,A,1026849,0
221704257877677,12095,ZCTA5 12095,168868133,896637,G6350,B5,S,27890743707503,3638781,Johnstown city,12485028,9987,G4110,C5,A,12485028,9987
221704257877678,12106,ZCTA5 12106,37107901,103963,G6350,B5,S,NA,NA,NA,NA,NA,NA,NA,NA,31659053,103963
221704257877678,12106,ZCTA5 12106,37107901,103963,G6350,B5,S,27890413583420,3639562,Kinderhook village,5448848,0,G4110,C1,A,5448848,0
221704257877680,12108,ZCTA5 12108,189325642,10696755,G6350,B5,S,NA,NA,NA,NA,NA,NA,NA,NA,184754224,10696755
221704257877680,12108,ZCTA5 12108,189325642,10696755,G6350,B5,S,27890721999279,3670123,Speculator village,115536869,6720589,G4110,C1,A,4571418,0
221704257877684,12110,ZCTA5 12110,37152980,1162657,G6350,B5,S,NA,NA,NA,NA,NA,NA,NA,NA,24653520,1150529
221704257877684,12110,ZCTA5 12110,37152980,1162657,G6350,B5,S,2809015922355676,3641399,Latham CDP,14974853,40576,G4210,U1,S,12102002,12128
221704257877684,12110,ZCTA5 12110,37152980,1162657,G6350,B5,S,2809015922358344,3643566,Loudonville CDP,12855618,168120,G4210,U1,S,397458,0
221704257877686,12115,ZCTA5 12115,9291542,78886,G6350,B5,S,NA,NA,NA,NA,NA,NA,NA,NA,9291542,78886
221704257877687,12116,ZCTA5 12116,103795561,2177670,G6350,B5,S,NA,NA,NA,NA,NA,NA,NA,NA,103562059,2166011
221704257877687,12116,ZCTA5 12116,103795561,2177670,G6350,B5,S,2809015504388233,3659443,Portlandville CDP,595738,11659,G4210,U1,S,233502,11659
221704257877691,12117,ZCTA5 12117,113629162,1280986,G6350,B5,S,NA,NA,NA,NA,NA,NA,NA,NA,111305043,834210
221704257877691,12117,ZCTA5 12117,113629162,1280986,G6350,B5,S,27890743707504,3646206,Mayfield village,2606192,465566,G4110,C1,A,2324119,446776
221704257877694,12118,ZCTA5 12118,91506164,3854400,G6350,B5,S,NA,NA,NA,NA,NA,NA,NA,NA,89036833,3650032
221704257877694,12118,ZCTA5 12118,91506164,3854400,G6350,B5,S,27890724566437,3646360,Mechanicville city,2172487,204368,G4110,C5,A,2172487,204368
221704257877694,12118,ZCTA5 12118,91506164,3854400,G6350,B5,S,27890724566438,3663957,Round Lake village,2907114,276184,G4110,C1,A,296844,0
221704257877695,12120,ZCTA5 12120,38251539,162006,G6350,B5,S,NA,NA,NA,NA,NA,NA,NA,NA,38251539,162006
221704257877697,12121,ZCTA5 12121,49960558,2823275,G6350,B5,S,NA,NA,NA,NA,NA,NA,NA,NA,49960558,2823275
221704257877699,12122,ZCTA5 12122,264380717,803421,G6350,B5,S,NA,NA,NA,NA,NA,NA,NA,NA,261150175,803421
221704257877699,12122,ZCTA5 12122,264380717,803421,G6350,B5,S,27890721354105,3646866,Middleburgh village,3230542,0,G4110,C1,A,3230542,0
221704257877709,12123,ZCTA5 12123,82272860,1220158,G6350,B5,S,NA,NA,NA,NA,NA,NA,NA,NA,74553551,494331
221704257877709,12123,ZCTA5 12123,82272860,1220158,G6350,B5,S,27890309543933,3622557,East Nassau village,12594718,22635,G4110,C1,A,1968766,16502
221704257877709,12123,ZCTA5 12123,82272860,1220158,G6350,B5,S,27890309543939,3649506,Nassau village,1809749,0,G4110,C1,A,1809749,0
221704257877709,12123,ZCTA5 12123,82272860,1220158,G6350,B5,S,2809015922365159,3649555,Nassau Lake CDP,3940794,709325,G4210,U1,S,3940794,709325
221704257877710,12124,ZCTA5 12124,4032910,1774876,G6350,B5,S,NA,NA,NA,NA,NA,NA,NA,NA,1669711,1077977
221704257877710,12124,ZCTA5 12124,4032910,1774876,G6350,B5,S,2809015512378578,3649924,New Baltimore CDP,4551747,696899,G4210,U1,S,2363199,696899
221704257877713,12125,ZCTA5 12125,41447262,9169,G6350,B5,S,NA,NA,NA,NA,NA,NA,NA,NA,41447262,9169
221704257877714,12130,ZCTA5 12130,1412574,0,G6350,B5,S,28090413583422,3651297,Niverville CDP,7444827,1412103,G4210,U1,S,1412574,0
221704257877715,12131,ZCTA5 12131,30065333,1145631,G6350,B5,S,NA,NA,NA,NA,NA,NA,NA,NA,28913256,1145631
221704257877715,12131,ZCTA5 12131,30065333,1145631,G6350,B5,S,2809015682358449,3651561,North Blenheim CDP,1170402,0,G4210,U1,S,1152077,0
221704257877716,12132,ZCTA5 12132,1301916,0,G6350,B5,S,NA,NA,NA,NA,NA,NA,NA,NA,1301916,0
221704257877721,12134,ZCTA5 12134,489519944,14988554,G6350,B5,S,NA,NA,NA,NA,NA,NA,NA,NA,486767887,14610544
221704257877721,12134,ZCTA5 12134,489519944,14988554,G6350,B5,S,27890743707505,3653770,Northville village,2752057,892408,G4110,C1,A,2752057,378010
221704257877724,12136,ZCTA5 12136,53033978,222542,G6350,B5,S,NA,NA,NA,NA,NA,NA,NA,NA,53033978,222542
221704257877725,12137,ZCTA5 12137,60353844,795359,G6350,B5,S,NA,NA,NA,NA,NA,NA,NA,NA,53090107,173696
221704257877725,12137,ZCTA5 12137,60353844,795359,G6350,B5,S,28090739389386,3645573,Mariaville Lake CDP,14569914,983920,G4210,U1,S,7263737,621663
221704257877727,12138,ZCTA5 12138,232188744,1337346,G6350,B5,S,NA,NA,NA,NA,NA,NA,NA,NA,232188744,1337346
221704257877731,12139,ZCTA5 12139,566343103,24163963,G6350,B5,S,NA,NA,NA,NA,NA,NA,NA,NA,566343103,24163963
221704257877732,12140,ZCTA5 12140,18527895,55847,G6350,B5,S,NA,NA,NA,NA,NA,NA,NA,NA,7066220,11889
221704257877732,12140,ZCTA5 12140,18527895,55847,G6350,B5,S,28090309543941,3658794,Poestenkill CDP,15218231,171330,G4210,U1,S,11461675,43958
221704257877734,12143,ZCTA5 12143,49406276,229435,G6350,B5,S,NA,NA,NA,NA,NA,NA,NA,NA,45934614,215241
221704257877734,12143,ZCTA5 12143,49406276,229435,G6350,B5,S,27890735648340,3660675,Ravena village,3802021,14194,G4110,C1,A,3471662,14194
221704257877738,12144,ZCTA5 12144,47441068,1508555,G6350,B5,S,NA,NA,NA,NA,NA,NA,NA,NA,29002583,579009
221704257877738,12144,ZCTA5 12144,47441068,1508555,G6350,B5,S,28090309543931,3622106,East Greenbush CDP,10146275,42534,G4210,U1,S,2442270,3479
221704257877738,12144,ZCTA5 12144,47441068,1508555,G6350,B5,S,28090309543935,3631918,Hampton Manor CDP,7763812,60038,G4210,U1,S,7763812,60038
221704257877738,12144,ZCTA5 12144,47441068,1508555,G6350,B5,S,27890309543943,3661148,Rensselaer city,8232403,866029,G4110,C5,A,8232403,866029
221704257877739,12147,ZCTA5 12147,49449185,713661,G6350,B5,S,NA,NA,NA,NA,NA,NA,NA,NA,49449185,713661
221704257877740,12148,ZCTA5 12148,40467711,3312679,G6350,B5,S,NA,NA,NA,NA,NA,NA,NA,NA,40467711,3312679
221704257877745,12149,ZCTA5 12149,114914397,533591,G6350,B5,S,NA,NA,NA,NA,NA,NA,NA,NA,109773186,533591
221704257877745,12149,ZCTA5 12149,114914397,533591,G6350,B5,S,2809015504388232,3623283,East Worcester CDP,6511007,0,G4210,U1,S,359077,0
221704257877745,12149,ZCTA5 12149,114914397,533591,G6350,B5,S,27890721354106,3661588,Richmondville village,4782134,0,G4110,C1,A,4782134,0
221704257877746,12150,ZCTA5 12150,3081767,279589,G6350,B5,S,NA,NA,NA,NA,NA,NA,NA,NA,3081767,279589
221704257877750,12151,ZCTA5 12151,6747215,618238,G6350,B5,S,NA,NA,NA,NA,NA,NA,NA,NA,4136945,342054
221704257877750,12151,ZCTA5 12151,6747215,618238,G6350,B5,S,27890724566438,3663957,Round Lake village,2907114,276184,G4110,C1,A,2610270,276184
221704257877751,12153,ZCTA5 12153,44023017,464240,G6350,B5,S,NA,NA,NA,NA,NA,NA,NA,NA,43909491,464240
221704257877751,12153,ZCTA5 12153,44023017,464240,G6350,B5,S,28090309543927,3603320,Averill Park CDP,10455319,317097,G4210,U1,S,113526,0
221704257877760,12154,ZCTA5 12154,110672127,3278259,G6350,B5,S,NA,NA,NA,NA,NA,NA,NA,NA,108708620,2669258
221704257877760,12154,ZCTA5 12154,110672127,3278259,G6350,B5,S,27890309543945,3665475,Schaghticoke village,1963507,609001,G4110,C1,A,1963507,609001
221704257877763,12155,ZCTA5 12155,135763180,308617,G6350,B5,S,NA,NA,NA,NA,NA,NA,NA,NA,130720643,308617
221704257877763,12155,ZCTA5 12155,135763180,308617,G6350,B5,S,280901954948051,3665519,Schenevus CDP,2664042,0,G4210,U1,S,2664042,0
221704257877763,12155,ZCTA5 12155,135763180,308617,G6350,B5,S,2809015504388223,3679961,Westford CDP,4259763,0,G4210,U1,S,2378495,0
221704257877766,12156,ZCTA5 12156,37513766,2067212,G6350,B5,S,NA,NA,NA,NA,NA,NA,NA,NA,37513766,2067212
221704257877767,12157,ZCTA5 12157,130004114,245584,G6350,B5,S,NA,NA,NA,NA,NA,NA,NA,NA,125708892,243032
221704257877767,12157,ZCTA5 12157,130004114,245584,G6350,B5,S,27890721354107,3665585,Schoharie village,4295222,2552,G4110,C1,A,4295222,2552
221704257877770,12158,ZCTA5 12158,76038816,2814185,G6350,B5,S,NA,NA,NA,NA,NA,NA,NA,NA,75708457,2814185
221704257877770,12158,ZCTA5 12158,76038816,2814185,G6350,B5,S,27890735648340,3660675,Ravena village,3802021,14194,G4110,C1,A,330359,0
221704257877771,12159,ZCTA5 12159,39126651,136855,G6350,B5,S,NA,NA,NA,NA,NA,NA,NA,NA,38183498,135130
221704257877771,12159,ZCTA5 12159,39126651,136855,G6350,B5,S,27890735648296,3601000,Albany city,55435357,1377120,G4110,C5,A,36688,0
221704257877771,12159,ZCTA5 12159,39126651,136855,G6350,B5,S,28090735634479,3680423,Westmere CDP,8208195,25222,G4210,U1,S,906465,1725
221704257877772,12160,ZCTA5 12160,40090959,16201,G6350,B5,S,NA,NA,NA,NA,NA,NA,NA,NA,40090959,16201
221704257877773,12161,ZCTA5 12161,255537,0,G6350,B5,S,NA,NA,NA,NA,NA,NA,NA,NA,255537,0
221704257877775,12164,ZCTA5 12164,302464753,15586597,G6350,B5,S,NA,NA,NA,NA,NA,NA,NA,NA,191499302,8866008
221704257877775,12164,ZCTA5 12164,302464753,15586597,G6350,B5,S,27890721999279,3670123,Speculator village,115536869,6720589,G4110,C1,A,110965451,6720589
221704257877779,12165,ZCTA5 12165,4378774,0,G6350,B5,S,NA,NA,NA,NA,NA,NA,NA,NA,4378774,0
221704257877786,12166,ZCTA5 12166,112888212,1753272,G6350,B5,S,NA,NA,NA,NA,NA,NA,NA,NA,112888212,1753272
221704257877795,12167,ZCTA5 12167,138504686,938602,G6350,B5,S,NA,NA,NA,NA,NA,NA,NA,NA,135053286,915743
221704257877795,12167,ZCTA5 12167,138504686,938602,G6350,B5,S,27890727044971,3670618,Stamford village,3451400,22859,G4110,C1,A,3451400,22859
221704257877799,12168,ZCTA5 12168,79729670,229859,G6350,B5,S,NA,NA,NA,NA,NA,NA,NA,NA,79729670,229859
221704257877800,12169,ZCTA5 12169,30034570,166025,G6350,B5,S,NA,NA,NA,NA,NA,NA,NA,NA,30034570,166025
221704257877803,12170,ZCTA5 12170,81772841,1779313,G6350,B5,S,NA,NA,NA,NA,NA,NA,NA,NA,78514574,1252190
221704257877803,12170,ZCTA5 12170,81772841,1779313,G6350,B5,S,27890724566442,3671322,Stillwater village,3258267,527123,G4110,C1,A,3258267,527123
221704257877806,12172,ZCTA5 12172,1384909,0,G6350,B5,S,28090413583424,3671718,Stottville CDP,12633199,76904,G4210,U1,S,1384909,0
221704257877810,12173,ZCTA5 12173,42262827,4554025,G6350,B5,S,NA,NA,NA,NA,NA,NA,NA,NA,42262827,4554025
221704257877812,12174,ZCTA5 12174,2838531,0,G6350,B5,S,NA,NA,NA,NA,NA,NA,NA,NA,2838531,0
221704257877815,12175,ZCTA5 12175,69287001,696744,G6350,B5,S,NA,NA,NA,NA,NA,NA,NA,NA,69287001,696744
221704257877817,12176,ZCTA5 12176,13361545,130063,G6350,B5,S,NA,NA,NA,NA,NA,NA,NA,NA,13361545,130063
221704257877819,12177,ZCTA5 12177,1243845,238002,G6350,B5,S,NA,NA,NA,NA,NA,NA,NA,NA,136352,198783
221704257877819,12177,ZCTA5 12177,1243845,238002,G6350,B5,S,28090729421344,3675341,Tribes Hill CDP,5896314,350941,G4210,U1,S,1107493,39219
221704257877830,12180,ZCTA5 12180,145621926,2796341,G6350,B5,S,NA,NA,NA,NA,NA,NA,NA,NA,123968322,1492881
221704257877830,12180,ZCTA5 12180,145621926,2796341,G6350,B5,S,28090309543941,3658794,Poestenkill CDP,15218231,171330,G4210,U1,S,305016,0
221704257877830,12180,ZCTA5 12180,145621926,2796341,G6350,B5,S,27890309543947,3675484,Troy city,26825731,1811726,G4110,C5,A,20079553,1303460
221704257877830,12180,ZCTA5 12180,145621926,2796341,G6350,B5,S,28090309543954,3683349,Wynantskill CDP,8854983,19293,G4210,U1,S,1269035,0
221704257877832,12182,ZCTA5 12182,35370313,1430628,G6350,B5,S,NA,NA,NA,NA,NA,NA,NA,NA,28624135,922362
221704257877832,12182,ZCTA5 12182,35370313,1430628,G6350,B5,S,27890309543947,3675484,Troy city,26825731,1811726,G4110,C5,A,6746178,508266
221704257877834,12183,ZCTA5 12183,1941182,482922,G6350,B5,S,NA,NA,NA,NA,NA,NA,NA,NA,29261,0
221704257877834,12183,ZCTA5 12183,1941182,482922,G6350,B5,S,27890735648336,3630521,Green Island village,1935064,482922,G4110,C1,A,1910831,482922
221704257877834,12183,ZCTA5 12183,1941182,482922,G6350,B5,S,27890735648344,3678674,Watervliet city,3475039,335920,G4110,C5,A,1090,0
221704257877836,12184,ZCTA5 12184,101966977,1831181,G6350,B5,S,NA,NA,NA,NA,NA,NA,NA,NA,92686289,387904
221704257877836,12184,ZCTA5 12184,101966977,1831181,G6350,B5,S,28090413583422,3651297,Niverville CDP,7444827,1412103,G4210,U1,S,6032253,1412103
221704257877836,12184,ZCTA5 12184,101966977,1831181,G6350,B5,S,27890413583425,3676617,Valatie village,3248435,31174,G4110,C1,A,3248435,31174
221704257877838,12185,ZCTA5 12185,58949595,4907704,G6350,B5,S,NA,NA,NA,NA,NA,NA,NA,NA,57749274,4842995
221704257877838,12185,ZCTA5 12185,58949595,4907704,G6350,B5,S,27890309543949,3676672,Valley Falls village,1200321,64709,G4110,C1,A,1200321,64709
221704257877843,12186,ZCTA5 12186,85767999,1136447,G6350,B5,S,NA,NA,NA,NA,NA,NA,NA,NA,80228558,1124062
221704257877843,12186,ZCTA5 12186,85767999,1136447,G6350,B5,S,27890735648342,3677684,Voorheesville village,5539441,12385,G4110,C1,A,5539441,12385
221704257877889,12187,ZCTA5 12187,50378709,45056,G6350,B5,S,NA,NA,NA,NA,NA,NA,NA,NA,50378709,45056
221704257877893,12188,ZCTA5 12188,33658833,2765032,G6350,B5,S,NA,NA,NA,NA,NA,NA,NA,NA,32926282,2570870
221704257877893,12188,ZCTA5 12188,33658833,2765032,G6350,B5,S,27890724566444,3678520,Waterford village,732551,194162,G4110,C1,A,732551,194162
221704257877898,12189,ZCTA5 12189,16109045,454361,G6350,B5,S,NA,NA,NA,NA,NA,NA,NA,NA,9738012,89993
221704257877898,12189,ZCTA5 12189,16109045,454361,G6350,B5,S,27890735648336,3630521,Green Island village,1935064,482922,G4110,C1,A,24233,0
221704257877898,12189,ZCTA5 12189,16109045,454361,G6350,B5,S,2809015922355676,3641399,Latham CDP,14974853,40576,G4210,U1,S,2872851,28448
221704257877898,12189,ZCTA5 12189,16109045,454361,G6350,B5,S,27890735648344,3678674,Watervliet city,3475039,335920,G4110,C5,A,3473949,335920
221704257877899,12190,ZCTA5 12190,457988367,4051730,G6350,B5,S,NA,NA,NA,NA,NA,NA,NA,NA,437991853,2436052
221704257877899,12190,ZCTA5 12190,457988367,4051730,G6350,B5,S,280905083672265,3679048,Wells CDP,19996514,1615678,G4210,U1,S,19996514,1615678
221704257877900,12192,ZCTA5 12192,41824891,1067851,G6350,B5,S,NA,NA,NA,NA,NA,NA,NA,NA,39287561,1067851
221704257877900,12192,ZCTA5 12192,41824891,1067851,G6350,B5,S,27890720137173,3618718,Coxsackie village,5620623,1095158,G4110,C1,A,647117,0
221704257877900,12192,ZCTA5 12192,41824891,1067851,G6350,B5,S,2809015512378578,3649924,New Baltimore CDP,4551747,696899,G4210,U1,S,1890213,0
221704257877902,12193,ZCTA5 12193,98276055,919917,G6350,B5,S,NA,NA,NA,NA,NA,NA,NA,NA,98276055,919917
221704257877903,12194,ZCTA5 12194,42667267,0,G6350,B5,S,NA,NA,NA,NA,NA,NA,NA,NA,42667267,0
221704257877904,12195,ZCTA5 12195,2030038,0,G6350,B5,S,NA,NA,NA,NA,NA,NA,NA,NA,2030038,0
221704257877905,12196,ZCTA5 12196,23191415,557277,G6350,B5,S,NA,NA,NA,NA,NA,NA,NA,NA,13275352,328436
221704257877905,12196,ZCTA5 12196,23191415,557277,G6350,B5,S,28090309543951,3680863,West Sand Lake CDP,12350422,228841,G4210,U1,S,9916063,228841
221704257877906,12197,ZCTA5 12197,168809645,960373,G6350,B5,S,NA,NA,NA,NA,NA,NA,NA,NA,145447816,842142
221704257877906,12197,ZCTA5 12197,168809645,960373,G6350,B5,S,2809015504388232,3623283,East Worcester CDP,6511007,0,G4210,U1,S,247269,0
221704257877906,12197,ZCTA5 12197,168809645,960373,G6350,B5,S,2809015504388223,3679961,Westford CDP,4259763,0,G4210,U1,S,932741,0
221704257877906,12197,ZCTA5 12197,168809645,960373,G6350,B5,S,280903926956934,3683118,Worcester CDP,22181819,118231,G4210,U1,S,22181819,118231
221704257877907,12198,ZCTA5 12198,34305463,617704,G6350,B5,S,NA,NA,NA,NA,NA,NA,NA,NA,26670150,598411
221704257877907,12198,ZCTA5 12198,34305463,617704,G6350,B5,S,28090309543951,3680863,West Sand Lake CDP,12350422,228841,G4210,U1,S,49365,0
221704257877907,12198,ZCTA5 12198,34305463,617704,G6350,B5,S,28090309543954,3683349,Wynantskill CDP,8854983,19293,G4210,U1,S,7585948,19293
221704257877909,12202,ZCTA5 12202,5196951,572363,G6350,B5,S,27890735648296,3601000,Albany city,55435357,1377120,G4110,C5,A,5196951,572363
221704257877910,12203,ZCTA5 12203,27022417,89529,G6350,B5,S,NA,NA,NA,NA,NA,NA,NA,NA,9823937,25020
221704257877910,12203,ZCTA5 12203,27022417,89529,G6350,B5,S,27890735648296,3601000,Albany city,55435357,1377120,G4110,C5,A,10701028,43210
221704257877910,12203,ZCTA5 12203,27022417,89529,G6350,B5,S,28090735634479,3680423,Westmere CDP,8208195,25222,G4210,U1,S,6497452,21299
221704257877911,12204,ZCTA5 12204,10717387,1009571,G6350,B5,S,NA,NA,NA,NA,NA,NA,NA,NA,504212,115550
221704257877911,12204,ZCTA5 12204,10717387,1009571,G6350,B5,S,27890735648296,3601000,Albany city,55435357,1377120,G4110,C5,A,2333947,245021
221704257877911,12204,ZCTA5 12204,10717387,1009571,G6350,B5,S,2809015922358344,3643566,Loudonville CDP,12855618,168120,G4210,U1,S,11113,0
221704257877911,12204,ZCTA5 12204,10717387,1009571,G6350,B5,S,27890735648338,3646536,Menands village,7929471,649000,G4110,C1,A,7868115,649000
221704257877913,12205,ZCTA5 12205,39802202,244932,G6350,B5,S,NA,NA,NA,NA,NA,NA,NA,NA,15992530,65345
221704257877913,12205,ZCTA5 12205,39802202,244932,G6350,B5,S,27890735648296,3601000,Albany city,55435357,1377120,G4110,C5,A,5957220,154084
221704257877913,12205,ZCTA5 12205,39802202,244932,G6350,B5,S,27890735648334,3617332,Colonie village,8395683,8227,G4110,C1,A,8395683,8227
221704257877913,12205,ZCTA5 12205,39802202,244932,G6350,B5,S,2809015922358344,3643566,Loudonville CDP,12855618,168120,G4210,U1,S,919496,0
221704257877913,12205,ZCTA5 12205,39802202,244932,G6350,B5,S,2809015922357478,3663363,Roessleville CDP,10428294,17276,G4210,U1,S,8537273,17276
221704257877917,12206,ZCTA5 12206,5368398,0,G6350,B5,S,27890735648296,3601000,Albany city,55435357,1377120,G4110,C5,A,5368398,0
221704257877919,12207,ZCTA5 12207,2553403,264496,G6350,B5,S,27890735648296,3601000,Albany city,55435357,1377120,G4110,C5,A,2553403,264496
221704257877926,12208,ZCTA5 12208,11404499,20810,G6350,B5,S,NA,NA,NA,NA,NA,NA,NA,NA,48700,0
221704257877926,12208,ZCTA5 12208,11404499,20810,G6350,B5,S,27890735648296,3601000,Albany city,55435357,1377120,G4110,C5,A,11355799,20810
221704257877927,12209,ZCTA5 12209,5734495,7882,G6350,B5,S,27890735648296,3601000,Albany city,55435357,1377120,G4110,C5,A,5734495,7882
221704257877928,12210,ZCTA5 12210,2930906,14749,G6350,B5,S,27890735648296,3601000,Albany city,55435357,1377120,G4110,C5,A,2836540,14749
221704257877928,12210,ZCTA5 12210,2930906,14749,G6350,B5,S,2809015922357478,3663363,Roessleville CDP,10428294,17276,G4210,U1,S,94366,0
221704257877930,12211,ZCTA5 12211,21020302,283157,G6350,B5,S,NA,NA,NA,NA,NA,NA,NA,NA,5865565,71443
221704257877930,12211,ZCTA5 12211,21020302,283157,G6350,B5,S,27890735648296,3601000,Albany city,55435357,1377120,G4110,C5,A,1131989,43594
221704257877930,12211,ZCTA5 12211,21020302,283157,G6350,B5,S,2809015922358344,3643566,Loudonville CDP,12855618,168120,G4210,U1,S,11527551,168120
221704257877930,12211,ZCTA5 12211,21020302,283157,G6350,B5,S,27890735648338,3646536,Menands village,7929471,649000,G4110,C1,A,61356,0
221704257877930,12211,ZCTA5 12211,21020302,283157,G6350,B5,S,2809015922357478,3663363,Roessleville CDP,10428294,17276,G4210,U1,S,1796655,0
221704257877930,12211,ZCTA5 12211,21020302,283157,G6350,B5,S,2809015922650861,3667367,Siena College CDP,637186,0,G4210,U1,S,637186,0
221704257877931,12222,ZCTA5 12222,1736007,15294,G6350,B5,S,NA,NA,NA,NA,NA,NA,NA,NA,458743,4383
221704257877931,12222,ZCTA5 12222,1736007,15294,G6350,B5,S,27890735648296,3601000,Albany city,55435357,1377120,G4110,C5,A,1277264,10911
2217026265990933,12226,ZCTA5 12226,951635,0,G6350,B5,S,27890735648296,3601000,Albany city,55435357,1377120,G4110,C5,A,951635,0
221704257877937,12302,ZCTA5 12302,112239805,3373634,G6350,B5,S,NA,NA,NA,NA,NA,NA,NA,NA,83739407,2785289
221704257877937,12302,ZCTA5 12302,112239805,3373634,G6350,B5,S,28090739389385,3622084,East Glenville CDP,26055041,771087,G4210,U1,S,24144504,318491
221704257877937,12302,ZCTA5 12302,112239805,3373634,G6350,B5,S,27890739393009,3665893,Scotia village,4355894,269854,G4110,C1,A,4355894,269854
221704257877942,12303,ZCTA5 12303,40323084,47402,G6350,B5,S,NA,NA,NA,NA,NA,NA,NA,NA,28655983,39501
221704257877942,12303,ZCTA5 12303,40323084,47402,G6350,B5,S,28090739389389,3663924,Rotterdam CDP,21248230,13260,G4210,U1,S,8878850,7901
221704257877942,12303,ZCTA5 12303,40323084,47402,G6350,B5,S,27890739393008,3665508,Schenectady city,27951492,479430,G4110,C5,A,2788251,0
221704257877946,12304,ZCTA5 12304,17260516,52856,G6350,B5,S,NA,NA,NA,NA,NA,NA,NA,NA,5814158,20941
221704257877946,12304,ZCTA5 12304,17260516,52856,G6350,B5,S,28090739389387,3651262,Niskayuna CDP,30759388,1186306,G4210,U1,S,2603749,0
221704257877946,12304,ZCTA5 12304,17260516,52856,G6350,B5,S,28090739389389,3663924,Rotterdam CDP,21248230,13260,G4210,U1,S,902551,2628
221704257877946,12304,ZCTA5 12304,17260516,52856,G6350,B5,S,27890739393008,3665508,Schenectady city,27951492,479430,G4110,C5,A,7940058,29287
221704257877948,12305,ZCTA5 12305,3881395,239117,G6350,B5,S,27890739393008,3665508,Schenectady city,27951492,479430,G4110,C5,A,3881395,239117
221704257877951,12306,ZCTA5 12306,113711972,1645328,G6350,B5,S,NA,NA,NA,NA,NA,NA,NA,NA,96388070,1636227
221704257877951,12306,ZCTA5 12306,113711972,1645328,G6350,B5,S,28090739389386,3645573,Mariaville Lake CDP,14569914,983920,G4210,U1,S,3314308,6370
221704257877951,12306,ZCTA5 12306,113711972,1645328,G6350,B5,S,28090739389389,3663924,Rotterdam CDP,21248230,13260,G4210,U1,S,11466829,2731
221704257877951,12306,ZCTA5 12306,113711972,1645328,G6350,B5,S,27890739393008,3665508,Schenectady city,27951492,479430,G4110,C5,A,2542765,0
221704257877953,12307,ZCTA5 12307,1846825,11575,G6350,B5,S,27890739393008,3665508,Schenectady city,27951492,479430,G4110,C5,A,1846825,11575
221704257877954,12308,ZCTA5 12308,5916095,166073,G6350,B5,S,28090739389387,3651262,Niskayuna CDP,30759388,1186306,G4210,U1,S,9836,0
221704257877954,12308,ZCTA5 12308,5916095,166073,G6350,B5,S,27890739393008,3665508,Schenectady city,27951492,479430,G4110,C5,A,5906259,166073
221704257877956,12309,ZCTA5 12309,45495170,2359308,G6350,B5,S,NA,NA,NA,NA,NA,NA,NA,NA,14303428,1139624
221704257877956,12309,ZCTA5 12309,45495170,2359308,G6350,B5,S,28090739389387,3651262,Niskayuna CDP,30759388,1186306,G4210,U1,S,28145803,1186306
221704257877956,12309,ZCTA5 12309,45495170,2359308,G6350,B5,S,27890739393008,3665508,Schenectady city,27951492,479430,G4110,C5,A,3045939,33378
221704257877959,12401,ZCTA5 12401,152542126,3387752,G6350,B5,S,NA,NA,NA,NA,NA,NA,NA,NA,118747060,2420198
221704257877959,12401,ZCTA5 12401,152542126,3387752,G6350,B5,S,28090312238690,3622370,East Kingston CDP,1745222,57767,G4210,U1,S,1745222,57767
221704257877959,12401,ZCTA5 12401,152542126,3387752,G6350,B5,S,28090312238696,3634786,Hillside CDP,2120011,8362,G4210,U1,S,2120011,8362
221704257877959,12401,ZCTA5 12401,152542126,3387752,G6350,B5,S,28090312238697,3637132,Hurley CDP,14211364,83837,G4210,U1,S,2159067,46934
221704257877959,12401,ZCTA5 12401,152542126,3387752,G6350,B5,S,27890312238699,3639727,Kingston city,19379178,3334136,G4110,C5,A,19379178,668838
221704257877959,12401,ZCTA5 12401,152542126,3387752,G6350,B5,S,28090312238701,3642488,Lincoln Park CDP,3963683,78823,G4210,U1,S,3963683,78823
221704257877959,12401,ZCTA5 12401,152542126,3387752,G6350,B5,S,28090312238710,3659311,Port Ewen CDP,5410895,1691363,G4210,U1,S,40467,18754
221704257877959,12401,ZCTA5 12401,152542126,3387752,G6350,B5,S,28090312238712,3663725,Rosendale CDP,5042970,143082,G4210,U1,S,1986880,0
221704257877959,12401,ZCTA5 12401,152542126,3387752,G6350,B5,S,2809015922367197,3664056,Ruby CDP,4403688,3744,G4210,U1,S,172420,0
221704257877959,12401,ZCTA5 12401,152542126,3387752,G6350,B5,S,28090312238720,3680291,West Hurley CDP,9808986,2578,G4210,U1,S,355477,0
221704257877959,12401,ZCTA5 12401,152542126,3387752,G6350,B5,S,28090312238722,3684187,Zena CDP,7918800,88076,G4210,U1,S,1872661,88076
221704257877961,12404,ZCTA5 12404,95776364,813527,G6350,B5,S,NA,NA,NA,NA,NA,NA,NA,NA,86969487,701113
221704257877961,12404,ZCTA5 12404,95776364,813527,G6350,B5,S,28090312238687,3600155,Accord CDP,8806877,112414,G4210,U1,S,8806877,112414
221704257877963,12405,ZCTA5 12405,28074902,20107,G6350,B5,S,NA,NA,NA,NA,NA,NA,NA,NA,28074902,20107
221704257877964,12406,ZCTA5 12406,125874842,195982,G6350,B5,S,NA,NA,NA,NA,NA,NA,NA,NA,125874842,195982
221704257877965,12407,ZCTA5 12407,2264589,0,G6350,B5,S,NA,NA,NA,NA,NA,NA,NA,NA,2264589,0
221704257877966,12409,ZCTA5 12409,45762069,1136418,G6350,B5,S,NA,NA,NA,NA,NA,NA,NA,NA,45446754,1136418
221704257877966,12409,ZCTA5 12409,45762069,1136418,G6350,B5,S,28090312238721,3683041,Woodstock CDP,17726590,22381,G4210,U1,S,315315,0
221704257877970,12410,ZCTA5 12410,131686651,115418,G6350,B5,S,NA,NA,NA,NA,NA,NA,NA,NA,128949784,115418
221704257877970,12410,ZCTA5 12410,131686651,115418,G6350,B5,S,28090312238708,3658057,Pine Hill CDP,5375479,25678,G4210,U1,S,2736867,0
221704257877972,12411,ZCTA5 12411,1732417,36492,G6350,B5,S,NA,NA,NA,NA,NA,NA,NA,NA,1732417,36492
221704257877976,12412,ZCTA5 12412,17080935,0,G6350,B5,S,NA,NA,NA,NA,NA,NA,NA,NA,17080935,0
221704257877978,12413,ZCTA5 12413,43116612,233617,G6350,B5,S,NA,NA,NA,NA,NA,NA,NA,NA,31655110,218026
221704257877978,12413,ZCTA5 12413,43116612,233617,G6350,B5,S,28090720136448,3611638,Cairo CDP,10952141,15591,G4210,U1,S,10492757,15591
221704257877978,12413,ZCTA5 12413,43116612,233617,G6350,B5,S,2809015512378731,3621919,East Durham CDP,8917925,0,G4210,U1,S,968745,0
221704257877992,12414,ZCTA5 12414,161006505,11161864,G6350,B5,S,NA,NA,NA,NA,NA,NA,NA,NA,150161594,9607199
221704257877992,12414,ZCTA5 12414,161006505,11161864,G6350,B5,S,27890720137172,3613002,Catskill village,5904024,1500234,G4110,C1,A,5904024,1500234
221704257877992,12414,ZCTA5 12414,161006505,11161864,G6350,B5,S,2809015512378886,3613299,Cementon CDP,852343,0,G4210,U1,S,852343,0
221704257877992,12414,ZCTA5 12414,161006505,11161864,G6350,B5,S,28090720136458,3638451,Jefferson Heights CDP,3820933,54431,G4210,U1,S,3624711,54431
221704257877992,12414,ZCTA5 12414,161006505,11161864,G6350,B5,S,28090720136459,3641784,Leeds CDP,2391391,24336,G4210,U1,S,463833,0
221704257877993,12416,ZCTA5 12416,13784469,2078,G6350,B5,S,NA,NA,NA,NA,NA,NA,NA,NA,13784469,2078
221704257877994,12417,ZCTA5 12417,903285,72948,G6350,B5,S,28090312238710,3659311,Port Ewen CDP,5410895,1691363,G4210,U1,S,903285,72948
221704257877997,12418,ZCTA5 12418,35877393,0,G6350,B5,S,NA,NA,NA,NA,NA,NA,NA,NA,35877393,0
221704257877999,12419,ZCTA5 12419,6224112,54141,G6350,B5,S,NA,NA,NA,NA,NA,NA,NA,NA,6224112,54141
221704257878000,12420,ZCTA5 12420,6903463,212110,G6350,B5,S,NA,NA,NA,NA,NA,NA,NA,NA,14415,0
221704257878000,12420,ZCTA5 12420,6903463,212110,G6350,B5,S,28090312238689,3618762,Cragsmoor CDP,11297987,0,G4210,U1,S,4856329,0
221704257878000,12420,ZCTA5 12420,6903463,212110,G6350,B5,S,27890312238691,3623965,Ellenville village,22514970,224619,G4110,C1,A,2032719,212110
221704257878001,12421,ZCTA5 12421,44522526,19306,G6350,B5,S,NA,NA,NA,NA,NA,NA,NA,NA,44522526,19306
221704257878002,12422,ZCTA5 12422,25801887,14148,G6350,B5,S,NA,NA,NA,NA,NA,NA,NA,NA,25801887,14148
221704257878003,12423,ZCTA5 12423,27714839,0,G6350,B5,S,NA,NA,NA,NA,NA,NA,NA,NA,19765659,0
221704257878003,12423,ZCTA5 12423,27714839,0,G6350,B5,S,2809015512378731,3621919,East Durham CDP,8917925,0,G4210,U1,S,7949180,0
221704257878004,12424,ZCTA5 12424,52466840,296981,G6350,B5,S,NA,NA,NA,NA,NA,NA,NA,NA,52466840,296981
221704257878007,12427,ZCTA5 12427,99948198,95298,G6350,B5,S,NA,NA,NA,NA,NA,NA,NA,NA,99948198,95298
221704257878015,12428,ZCTA5 12428,142676892,1427774,G6350,B5,S,NA,NA,NA,NA,NA,NA,NA,NA,128730819,1415265
221704257878015,12428,ZCTA5 12428,142676892,1427774,G6350,B5,S,27890312238691,3623965,Ellenville village,22514970,224619,G4110,C1,A,13946073,12509
221704257878016,12429,ZCTA5 12429,1809348,0,G6350,B5,S,NA,NA,NA,NA,NA,NA,NA,NA,1809348,0
221704257878019,12430,ZCTA5 12430,103659543,96771,G6350,B5,S,NA,NA,NA,NA,NA,NA,NA,NA,101963106,59089
221704257878019,12430,ZCTA5 12430,103659543,96771,G6350,B5,S,27890727044965,3626209,Fleischmanns village,1696437,37682,G4110,C1,A,1696437,37682
221704257878024,12431,ZCTA5 12431,45397558,231942,G6350,B5,S,NA,NA,NA,NA,NA,NA,NA,NA,45397558,231942
221704257878028,12432,ZCTA5 12432,1207555,0,G6350,B5,S,28090312238693,3629014,Glasco CDP,4186593,1738268,G4210,U1,S,1207555,0
221704257878030,12433,ZCTA5 12433,9010705,0,G6350,B5,S,NA,NA,NA,NA,NA,NA,NA,NA,7395229,0
221704257878030,12433,ZCTA5 12433,9010705,0,G6350,B5,S,28090312238720,3680291,West Hurley CDP,9808986,2578,G4210,U1,S,1615476,0
221704257878033,12434,ZCTA5 12434,28113227,3024,G6350,B5,S,NA,NA,NA,NA,NA,NA,NA,NA,28113227,3024
221704257878035,12435,ZCTA5 12435,20664568,278121,G6350,B5,S,NA,NA,NA,NA,NA,NA,NA,NA,20664568,278121
221704257878038,12436,ZCTA5 12436,28774099,364969,G6350,B5,S,NA,NA,NA,NA,NA,NA,NA,NA,26653103,364969
221704257878038,12436,ZCTA5 12436,28774099,364969,G6350,B5,S,2809015512379741,3631357,Haines Falls CDP,2120996,0,G4210,U1,S,2120996,0
221704257878039,12438,ZCTA5 12438,420543,107445,G6350,B5,S,NA,NA,NA,NA,NA,NA,NA,NA,420543,107445
221704257878040,12439,ZCTA5 12439,26210284,59392,G6350,B5,S,NA,NA,NA,NA,NA,NA,NA,NA,26210284,59392
221704257878041,12440,ZCTA5 12440,51924546,793271,G6350,B5,S,NA,NA,NA,NA,NA,NA,NA,NA,44745172,793271
221704257878041,12440,ZCTA5 12440,51924546,793271,G6350,B5,S,28090312238694,3634451,High Falls CDP,4375798,0,G4210,U1,S,4375798,0
221704257878041,12440,ZCTA5 12440,51924546,793271,G6350,B5,S,28090312238716,3671597,Stone Ridge CDP,15418209,119356,G4210,U1,S,2803576,0
221704257878042,12441,ZCTA5 12441,7741495,184,G6350,B5,S,NA,NA,NA,NA,NA,NA,NA,NA,7159089,184
221704257878042,12441,ZCTA5 12441,7741495,184,G6350,B5,S,28090312238708,3658057,Pine Hill CDP,5375479,25678,G4210,U1,S,582406,0
221704257878044,12442,ZCTA5 12442,48584539,191110,G6350,B5,S,NA,NA,NA,NA,NA,NA,NA,NA,43783574,108183
221704257878044,12442,ZCTA5 12442,48584539,191110,G6350,B5,S,27890720137174,3636167,Hunter village,4800965,82927,G4110,C1,A,4800965,82927
221704257878048,12443,ZCTA5 12443,42793350,248461,G6350,B5,S,NA,NA,NA,NA,NA,NA,NA,NA,30741053,211558
221704257878048,12443,ZCTA5 12443,42793350,248461,G6350,B5,S,28090312238697,3637132,Hurley CDP,14211364,83837,G4210,U1,S,12052297,36903
221704257878050,12444,ZCTA5 12444,50786229,109348,G6350,B5,S,NA,NA,NA,NA,NA,NA,NA,NA,50786229,109348
221704257878056,12446,ZCTA5 12446,174589454,612400,G6350,B5,S,NA,NA,NA,NA,NA,NA,NA,NA,153279595,565854
221704257878056,12446,ZCTA5 12446,174589454,612400,G6350,B5,S,27890312238691,3623965,Ellenville village,22514970,224619,G4110,C1,A,6536178,0
221704257878056,12446,ZCTA5 12446,174589454,612400,G6350,B5,S,28090312238698,3639397,Kerhonkson CDP,14773681,46546,G4210,U1,S,14773681,46546
221704257878057,12448,ZCTA5 12448,22186738,0,G6350,B5,S,NA,NA,NA,NA,NA,NA,NA,NA,22186738,0
221704257878060,12449,ZCTA5 12449,9637210,374507,G6350,B5,S,NA,NA,NA,NA,NA,NA,NA,NA,2720152,294506
221704257878060,12449,ZCTA5 12449,9637210,374507,G6350,B5,S,28090312238700,3640585,Lake Katrine CDP,5900135,103990,G4210,U1,S,5813911,80001
221704257878060,12449,ZCTA5 12449,9637210,374507,G6350,B5,S,2809015922367197,3664056,Ruby CDP,4403688,3744,G4210,U1,S,1103147,0
221704257878061,12450,ZCTA5 12450,55353040,13898,G6350,B5,S,NA,NA,NA,NA,NA,NA,NA,NA,55353040,13898
221704257878068,12451,ZCTA5 12451,28827635,134106,G6350,B5,S,NA,NA,NA,NA,NA,NA,NA,NA,26703855,109770
221704257878068,12451,ZCTA5 12451,28827635,134106,G6350,B5,S,28090720136458,3638451,Jefferson Heights CDP,3820933,54431,G4210,U1,S,196222,0
221704257878068,12451,ZCTA5 12451,28827635,134106,G6350,B5,S,28090720136459,3641784,Leeds CDP,2391391,24336,G4210,U1,S,1927558,24336
221704257878071,12452,ZCTA5 12452,853647,0,G6350,B5,S,NA,NA,NA,NA,NA,NA,NA,NA,853647,0
221704257878073,12453,ZCTA5 12453,1104289,0,G6350,B5,S,28090312238702,3644677,Malden-on-Hudson CDP,1297661,0,G4210,U1,S,1104289,0
221704257878074,12454,ZCTA5 12454,28438740,114432,G6350,B5,S,NA,NA,NA,NA,NA,NA,NA,NA,28438740,114432
221704257878076,12455,ZCTA5 12455,184610187,1290523,G6350,B5,S,NA,NA,NA,NA,NA,NA,NA,NA,182808762,1242624
221704257878076,12455,ZCTA5 12455,184610187,1290523,G6350,B5,S,27890727044969,3645557,Margaretville village,1801425,47899,G4110,C1,A,1801425,47899
221704257878077,12456,ZCTA5 12456,1399586,52824,G6350,B5,S,NA,NA,NA,NA,NA,NA,NA,NA,1399586,52824
221704257878080,12457,ZCTA5 12457,29633952,0,G6350,B5,S,NA,NA,NA,NA,NA,NA,NA,NA,29633952,0
221704257878082,12458,ZCTA5 12458,102320889,6042022,G6350,B5,S,NA,NA,NA,NA,NA,NA,NA,NA,98617594,5976762
221704257878082,12458,ZCTA5 12458,102320889,6042022,G6350,B5,S,28090312238705,3649418,Napanoch CDP,3720360,65260,G4210,U1,S,3703295,65260
221704257878083,12459,ZCTA5 12459,16268974,15312,G6350,B5,S,NA,NA,NA,NA,NA,NA,NA,NA,16268974,15312
221704257878084,12460,ZCTA5 12460,15520204,12226,G6350,B5,S,NA,NA,NA,NA,NA,NA,NA,NA,15164479,12226
221704257878084,12460,ZCTA5 12460,15520204,12226,G6350,B5,S,28090735634478,3659831,Preston-Potter Hollow CDP,26247482,0,G4210,U2,S,355725,0
221704257878085,12461,ZCTA5 12461,47783497,52304,G6350,B5,S,NA,NA,NA,NA,NA,NA,NA,NA,47783497,52304
221704257878086,12463,ZCTA5 12463,19306889,66582,G6350,B5,S,NA,NA,NA,NA,NA,NA,NA,NA,10544060,42397
221704257878086,12463,ZCTA5 12463,19306889,66582,G6350,B5,S,28090720136460,3656132,Palenville CDP,8762829,24185,G4210,U1,S,8762829,24185
221704257878087,12464,ZCTA5 12464,117274817,1927,G6350,B5,S,NA,NA,NA,NA,NA,NA,NA,NA,116095806,1927
221704257878087,12464,ZCTA5 12464,117274817,1927,G6350,B5,S,28090312238707,3657650,Phoenicia CDP,1179011,0,G4210,U1,S,1179011,0
221704257878088,12465,ZCTA5 12465,7518569,25678,G6350,B5,S,NA,NA,NA,NA,NA,NA,NA,NA,5462363,0
221704257878088,12465,ZCTA5 12465,7518569,25678,G6350,B5,S,28090312238708,3658057,Pine Hill CDP,5375479,25678,G4210,U1,S,2056206,25678
221704257878089,12466,ZCTA5 12466,2667324,667,G6350,B5,S,28090312238710,3659311,Port Ewen CDP,5410895,1691363,G4210,U1,S,2667324,667
221704257878092,12468,ZCTA5 12468,150488655,1446392,G6350,B5,S,NA,NA,NA,NA,NA,NA,NA,NA,140029854,1446392
221704257878092,12468,ZCTA5 12468,150488655,1446392,G6350,B5,S,280903926956735,3659740,Prattsville CDP,10458801,0,G4210,U1,S,10458801,0
221704257878095,12469,ZCTA5 12469,85460277,39468,G6350,B5,S,NA,NA,NA,NA,NA,NA,NA,NA,59568520,39468
221704257878095,12469,ZCTA5 12469,85460277,39468,G6350,B5,S,28090735634478,3659831,Preston-Potter Hollow CDP,26247482,0,G4210,U2,S,25891757,0
221704257878096,12470,ZCTA5 12470,31040820,81697,G6350,B5,S,NA,NA,NA,NA,NA,NA,NA,NA,30581436,81697
221704257878096,12470,ZCTA5 12470,31040820,81697,G6350,B5,S,28090720136448,3611638,Cairo CDP,10952141,15591,G4210,U1,S,459384,0
221704257878097,12471,ZCTA5 12471,789902,527062,G6350,B5,S,NA,NA,NA,NA,NA,NA,NA,NA,0,527062
221704257878097,12471,ZCTA5 12471,789902,527062,G6350,B5,S,28090312238711,3661797,Rifton CDP,3210359,0,G4210,U1,S,789902,0
221704257878099,12472,ZCTA5 12472,8636088,459501,G6350,B5,S,NA,NA,NA,NA,NA,NA,NA,NA,5404912,310256
221704257878099,12472,ZCTA5 12472,8636088,459501,G6350,B5,S,28090312238712,3663725,Rosendale CDP,5042970,143082,G4210,U1,S,2838096,143082
221704257878099,12472,ZCTA5 12472,8636088,459501,G6350,B5,S,28090312238717,3673902,Tillson CDP,6073456,63046,G4210,U1,S,393080,6163
221704257878101,12473,ZCTA5 12473,22753586,74981,G6350,B5,S,NA,NA,NA,NA,NA,NA,NA,NA,84345,0
221704257878101,12473,ZCTA5 12473,22753586,74981,G6350,B5,S,2809015512379049,3663968,Round Top CDP,22669241,74981,G4210,U1,S,22669241,74981
221704257878102,12474,ZCTA5 12474,122382363,96200,G6350,B5,S,NA,NA,NA,NA,NA,NA,NA,NA,122382363,96200
221704257878103,12475,ZCTA5 12475,3024222,0,G6350,B5,S,2809015922367197,3664056,Ruby CDP,4403688,3744,G4210,U1,S,3024222,0
221704257878116,12477,ZCTA5 12477,172754173,1397511,G6350,B5,S,NA,NA,NA,NA,NA,NA,NA,NA,161593298,819480
221704257878116,12477,ZCTA5 12477,172754173,1397511,G6350,B5,S,28090312238693,3629014,Glasco CDP,4186593,1738268,G4210,U1,S,2979038,60376
221704257878116,12477,ZCTA5 12477,172754173,1397511,G6350,B5,S,28090312238700,3640585,Lake Katrine CDP,5900135,103990,G4210,U1,S,86224,23989
221704257878116,12477,ZCTA5 12477,172754173,1397511,G6350,B5,S,28090312238702,3644677,Malden-on-Hudson CDP,1297661,0,G4210,U1,S,193372,0
221704257878116,12477,ZCTA5 12477,172754173,1397511,G6350,B5,S,2809015922367197,3664056,Ruby CDP,4403688,3744,G4210,U1,S,103899,3744
221704257878116,12477,ZCTA5 12477,172754173,1397511,G6350,B5,S,27890312238713,3665288,Saugerties village,4619269,1234866,G4110,C1,A,4619269,380039
221704257878116,12477,ZCTA5 12477,172754173,1397511,G6350,B5,S,28090312238714,3665310,Saugerties South CDP,2761227,575119,G4210,U2,S,2758718,109883
221704257878116,12477,ZCTA5 12477,172754173,1397511,G6350,B5,S,28090312238721,3683041,Woodstock CDP,17726590,22381,G4210,U1,S,420355,0
221704257878117,12480,ZCTA5 12480,81012037,54349,G6350,B5,S,NA,NA,NA,NA,NA,NA,NA,NA,81012037,54349
221704257878118,12481,ZCTA5 12481,33053825,12960366,G6350,B5,S,NA,NA,NA,NA,NA,NA,NA,NA,22976183,12960366
221704257878118,12481,ZCTA5 12481,33053825,12960366,G6350,B5,S,28090312238715,3667081,Shokan CDP,10077642,0,G4210,U1,S,10077642,0
221704257878119,12482,ZCTA5 12482,6010440,0,G6350,B5,S,NA,NA,NA,NA,NA,NA,NA,NA,27344,0
221704257878119,12482,ZCTA5 12482,6010440,0,G6350,B5,S,2809015512379259,3668737,South Cairo CDP,5983096,0,G4210,U1,S,5983096,0
221704257878120,12483,ZCTA5 12483,3181384,26951,G6350,B5,S,NA,NA,NA,NA,NA,NA,NA,NA,3181384,26951
221704257878121,12484,ZCTA5 12484,61459004,151716,G6350,B5,S,NA,NA,NA,NA,NA,NA,NA,NA,48844371,32360
221704257878121,12484,ZCTA5 12484,61459004,151716,G6350,B5,S,28090312238716,3671597,Stone Ridge CDP,15418209,119356,G4210,U1,S,12614633,119356
221704257878122,12485,ZCTA5 12485,24080841,276057,G6350,B5,S,NA,NA,NA,NA,NA,NA,NA,NA,21184422,191309
221704257878122,12485,ZCTA5 12485,24080841,276057,G6350,B5,S,27890720137175,3673143,Tannersville village,2896419,84748,G4110,C1,A,2896419,84748
221704257878123,12486,ZCTA5 12486,8394087,489968,G6350,B5,S,NA,NA,NA,NA,NA,NA,NA,NA,3191702,433085
221704257878123,12486,ZCTA5 12486,8394087,489968,G6350,B5,S,28090312238712,3663725,Rosendale CDP,5042970,143082,G4210,U1,S,217994,0
221704257878123,12486,ZCTA5 12486,8394087,489968,G6350,B5,S,28090312238717,3673902,Tillson CDP,6073456,63046,G4210,U1,S,4984391,56883
221704257878124,12487,ZCTA5 12487,42306049,739187,G6350,B5,S,NA,NA,NA,NA,NA,NA,NA,NA,39644837,739187
221704257878124,12487,ZCTA5 12487,42306049,739187,G6350,B5,S,28090312238710,3659311,Port Ewen CDP,5410895,1691363,G4210,U1,S,1775202,0
221704257878124,12487,ZCTA5 12487,42306049,739187,G6350,B5,S,28090312238711,3661797,Rifton CDP,3210359,0,G4210,U1,S,886010,0
221704257878125,12489,ZCTA5 12489,9267806,208220,G6350,B5,S,NA,NA,NA,NA,NA,NA,NA,NA,9250741,208220
221704257878125,12489,ZCTA5 12489,9267806,208220,G6350,B5,S,28090312238705,3649418,Napanoch CDP,3720360,65260,G4210,U1,S,17065,0
221704257878126,12490,ZCTA5 12490,1331829,8150,G6350,B5,S,NA,NA,NA,NA,NA,NA,NA,NA,1331829,8150
221704257878127,12491,ZCTA5 12491,25666612,11601,G6350,B5,S,NA,NA,NA,NA,NA,NA,NA,NA,20945708,11601
221704257878127,12491,ZCTA5 12491,25666612,11601,G6350,B5,S,28090312238720,3680291,West Hurley CDP,9808986,2578,G4210,U1,S,4720904,0
221704257878128,12492,ZCTA5 12492,106337779,0,G6350,B5,S,NA,NA,NA,NA,NA,NA,NA,NA,103155775,0
221704257878128,12492,ZCTA5 12492,106337779,0,G6350,B5,S,2809015512379594,3680324,West Kill CDP,3182004,0,G4210,U1,S,3182004,0
221704257878129,12493,ZCTA5 12493,13400370,53565,G6350,B5,S,NA,NA,NA,NA,NA,NA,NA,NA,13400370,53565
221704257878131,12494,ZCTA5 12494,61785799,0,G6350,B5,S,NA,NA,NA,NA,NA,NA,NA,NA,61785799,0
221704257878132,12495,ZCTA5 12495,19553121,0,G6350,B5,S,NA,NA,NA,NA,NA,NA,NA,NA,19553121,0
221704257878133,12496,ZCTA5 12496,112044686,180755,G6350,B5,S,NA,NA,NA,NA,NA,NA,NA,NA,106084834,180755
221704257878133,12496,ZCTA5 12496,112044686,180755,G6350,B5,S,28090720136461,3682469,Windham CDP,5959852,0,G4210,U1,S,5959852,0
221704257878134,12498,ZCTA5 12498,57392212,95817,G6350,B5,S,NA,NA,NA,NA,NA,NA,NA,NA,31238024,70858
221704257878134,12498,ZCTA5 12498,57392212,95817,G6350,B5,S,28090312238720,3680291,West Hurley CDP,9808986,2578,G4210,U1,S,3117129,2578
221704257878134,12498,ZCTA5 12498,57392212,95817,G6350,B5,S,28090312238721,3683041,Woodstock CDP,17726590,22381,G4210,U1,S,16990920,22381
221704257878134,12498,ZCTA5 12498,57392212,95817,G6350,B5,S,28090312238722,3684187,Zena CDP,7918800,88076,G4210,U1,S,6046139,0
221704257878136,12501,ZCTA5 12501,83808015,848226,G6350,B5,S,NA,NA,NA,NA,NA,NA,NA,NA,80655223,777600
221704257878136,12501,ZCTA5 12501,83808015,848226,G6350,B5,S,28090694244726,3601682,Amenia CDP,3152792,70626,G4210,U1,S,3152792,70626
221704257878143,12502,ZCTA5 12502,82836179,1477398,G6350,B5,S,NA,NA,NA,NA,NA,NA,NA,NA,82836179,1477398
221704257878145,12503,ZCTA5 12503,57562203,444679,G6350,B5,S,NA,NA,NA,NA,NA,NA,NA,NA,57562203,444679
221704257878147,12504,ZCTA5 12504,1928624,0,G6350,B5,S,2809015922650840,3604388,Bard College CDP,2075163,0,G4210,U1,S,1928624,0
221704257878148,12507,ZCTA5 12507,3822477,1137154,G6350,B5,S,NA,NA,NA,NA,NA,NA,NA,NA,3475737,1137154
221704257878148,12507,ZCTA5 12507,3822477,1137154,G6350,B5,S,2809015922650840,3604388,Bard College CDP,2075163,0,G4210,U1,S,4251,0
221704257878148,12507,ZCTA5 12507,3822477,1137154,G6350,B5,S,2809015771111324,3604605,Barrytown CDP,342489,0,G4210,U1,S,342489,0
221704257878153,12508,ZCTA5 12508,37370008,180242,G6350,B5,S,NA,NA,NA,NA,NA,NA,NA,NA,25096039,148695
221704257878153,12508,ZCTA5 12508,37370008,180242,G6350,B5,S,27890694260143,3605100,Beacon city,12273969,353971,G4110,C5,A,12273969,31547
221704257878154,12512,ZCTA5 12512,688299,2167,G6350,B5,S,NA,NA,NA,NA,NA,NA,NA,NA,688299,2167
221704257878155,12513,ZCTA5 12513,7536223,101934,G6350,B5,S,NA,NA,NA,NA,NA,NA,NA,NA,3341815,55217
221704257878155,12513,ZCTA5 12513,7536223,101934,G6350,B5,S,28090413583415,3616050,Claverack-Red Mills CDP,7802533,46717,G4210,U2,S,4194408,46717
221704257878158,12514,ZCTA5 12514,70659161,710487,G6350,B5,S,NA,NA,NA,NA,NA,NA,NA,NA,70659161,710487
221704257878162,12515,ZCTA5 12515,11234945,84711,G6350,B5,S,NA,NA,NA,NA,NA,NA,NA,NA,6840549,48380
221704257878162,12515,ZCTA5 12515,11234945,84711,G6350,B5,S,28090312238688,3616452,Clintondale CDP,16588133,182247,G4210,U1,S,4394396,36331
221704257878164,12516,ZCTA5 12516,52988435,1092339,G6350,B5,S,NA,NA,NA,NA,NA,NA,NA,NA,37695779,545414
221704257878164,12516,ZCTA5 12516,52988435,1092339,G6350,B5,S,280905057321600,3618091,Copake CDP,3195667,0,G4210,U1,S,3195667,0
221704257878164,12516,ZCTA5 12516,52988435,1092339,G6350,B5,S,28090413583416,3618124,Copake Lake CDP,24614432,2097329,G4210,U1,S,9942610,58808
221704257878164,12516,ZCTA5 12516,52988435,1092339,G6350,B5,S,280905058105410,3673057,Taconic Shores CDP,2154379,488117,G4210,U1,S,2154379,488117
221704257878169,12517,ZCTA5 12517,12380265,57596,G6350,B5,S,NA,NA,NA,NA,NA,NA,NA,NA,11800426,57596
221704257878169,12517,ZCTA5 12517,12380265,57596,G6350,B5,S,280905061900070,3618113,Copake Falls CDP,579839,0,G4210,U1,S,579839,0
221704257878173,12518,ZCTA5 12518,20611176,256568,G6350,B5,S,NA,NA,NA,NA,NA,NA,NA,NA,14469982,247537
221704257878173,12518,ZCTA5 12518,20611176,256568,G6350,B5,S,27890732195703,3618333,Cornwall-on-Hudson village,5146045,270738,G4110,C1,A,24041,0
221704257878173,12518,ZCTA5 12518,20611176,256568,G6350,B5,S,28090732194449,3625857,Firthcliffe CDP,7692270,90872,G4210,U1,S,6117153,9031
221704257878176,12520,ZCTA5 12520,10711760,60546,G6350,B5,S,NA,NA,NA,NA,NA,NA,NA,NA,4730388,53921
221704257878176,12520,ZCTA5 12520,10711760,60546,G6350,B5,S,27890732195703,3618333,Cornwall-on-Hudson village,5146045,270738,G4110,C1,A,5122004,3
221704257878176,12520,ZCTA5 12520,10711760,60546,G6350,B5,S,28090732194449,3625857,Firthcliffe CDP,7692270,90872,G4210,U1,S,859368,6622
221704257878178,12521,ZCTA5 12521,83343497,714662,G6350,B5,S,NA,NA,NA,NA,NA,NA,NA,NA,75196817,622215
221704257878178,12521,ZCTA5 12521,83343497,714662,G6350,B5,S,28090413583416,3618124,Copake Lake CDP,24614432,2097329,G4210,U1,S,8146680,92447
221704257878180,12522,ZCTA5 12522,97060588,1221616,G6350,B5,S,NA,NA,NA,NA,NA,NA,NA,NA,95289231,1172058
221704257878180,12522,ZCTA5 12522,97060588,1221616,G6350,B5,S,28090694244731,3620841,Dover Plains CDP,1771357,49558,G4210,U1,S,1771357,49558
221704257878182,12523,ZCTA5 12523,57831255,479391,G6350,B5,S,NA,NA,NA,NA,NA,NA,NA,NA,57831255,479391
221704257878186,12524,ZCTA5 12524,43407892,503186,G6350,B5,S,NA,NA,NA,NA,NA,NA,NA,NA,33009844,479156
221704257878186,12524,ZCTA5 12524,43407892,503186,G6350,B5,S,28090694244729,3608334,Brinckerhoff CDP,4558989,13734,G4210,U1,S,4291187,13734
221704257878186,12524,ZCTA5 12524,43407892,503186,G6350,B5,S,27890694260144,3625967,Fishkill village,2154279,10296,G4110,C1,A,2154279,10296
221704257878186,12524,ZCTA5 12524,43407892,503186,G6350,B5,S,280903716733962,3646750,Merritt Park CDP,1145864,0,G4210,U1,S,1145864,0
221704257878186,12524,ZCTA5 12524,43407892,503186,G6350,B5,S,28090694244736,3649363,Myers Corner CDP,22118138,118534,G4210,U1,S,2806718,0
221704257878188,12525,ZCTA5 12525,61119400,964556,G6350,B5,S,NA,NA,NA,NA,NA,NA,NA,NA,51115443,964556
221704257878188,12525,ZCTA5 12525,61119400,964556,G6350,B5,S,28090312238692,3628244,Gardiner CDP,10003957,0,G4210,U1,S,10003957,0
221704257878190,12526,ZCTA5 12526,83910235,4190812,G6350,B5,S,NA,NA,NA,NA,NA,NA,NA,NA,74470139,4149817
221704257878190,12526,ZCTA5 12526,83910235,4190812,G6350,B5,S,28090413583417,3628761,Germantown CDP,9440096,40995,G4210,U1,S,9440096,40995
221704257878191,12527,ZCTA5 12527,451717,0,G6350,B5,S,NA,NA,NA,NA,NA,NA,NA,NA,451717,0
221704257878192,12528,ZCTA5 12528,116230487,1675954,G6350,B5,S,NA,NA,NA,NA,NA,NA,NA,NA,88821904,1408183
221704257878192,12528,ZCTA5 12528,116230487,1675954,G6350,B5,S,28090312238688,3616452,Clintondale CDP,16588133,182247,G4210,U1,S,12193737,145916
221704257878192,12528,ZCTA5 12528,116230487,1675954,G6350,B5,S,28090312238695,3634484,Highland CDP,13990326,1825362,G4210,U1,S,13990326,105805
221704257878192,12528,ZCTA5 12528,116230487,1675954,G6350,B5,S,28090312238709,3658541,Plattekill CDP,7161656,194407,G4210,U1,S,1224520,16050
221704257878195,12529,ZCTA5 12529,176323262,2575801,G6350,B5,S,NA,NA,NA,NA,NA,NA,NA,NA,169798120,629727
221704257878195,12529,ZCTA5 12529,176323262,2575801,G6350,B5,S,28090413583416,3618124,Copake Lake CDP,24614432,2097329,G4210,U1,S,6525142,1946074
221704257878196,12530,ZCTA5 12530,460713,0,G6350,B5,S,NA,NA,NA,NA,NA,NA,NA,NA,460713,0
221704257878197,12531,ZCTA5 12531,45149864,2592965,G6350,B5,S,NA,NA,NA,NA,NA,NA,NA,NA,41598571,1478590
221704257878197,12531,ZCTA5 12531,45149864,2592965,G6350,B5,S,2809015771111310,3667207,Shorehaven CDP,3551293,1114375,G4210,U1,S,3551293,1114375
221704257878205,12533,ZCTA5 12533,126568577,1994213,G6350,B5,S,NA,NA,NA,NA,NA,NA,NA,NA,123978817,1976178
221704257878205,12533,ZCTA5 12533,126568577,1994213,G6350,B5,S,28090694244729,3608334,Brinckerhoff CDP,4558989,13734,G4210,U1,S,267802,0
221704257878205,12533,ZCTA5 12533,126568577,1994213,G6350,B5,S,2809015771111309,3615060,Chelsea Cove CDP,399029,15935,G4210,U1,S,399029,15935
221704257878205,12533,ZCTA5 12533,126568577,1994213,G6350,B5,S,28090694244735,3635573,Hopewell Junction CDP,1922929,2100,G4210,U1,S,1922929,2100
221704257878215,12534,ZCTA5 12534,229433122,10511548,G6350,B5,S,NA,NA,NA,NA,NA,NA,NA,NA,204357861,9567740
221704257878215,12534,ZCTA5 12534,229433122,10511548,G6350,B5,S,28090413583415,3616050,Claverack-Red Mills CDP,7802533,46717,G4210,U2,S,3608125,0
221704257878215,12534,ZCTA5 12534,229433122,10511548,G6350,B5,S,27890413583419,3635969,Hudson city,5588824,445170,G4110,C5,A,5588824,445170
221704257878215,12534,ZCTA5 12534,229433122,10511548,G6350,B5,S,28090413583421,3643511,Lorenz Park CDP,4622388,421734,G4210,U1,S,4622388,421734
221704257878215,12534,ZCTA5 12534,229433122,10511548,G6350,B5,S,27890413583423,3657639,Philmont village,3148191,100310,G4110,C1,A,7634,0
221704257878215,12534,ZCTA5 12534,229433122,10511548,G6350,B5,S,28090413583424,3671718,Stottville CDP,12633199,76904,G4210,U1,S,11248290,76904
221704257878216,12538,ZCTA5 12538,66013575,497049,G6350,B5,S,NA,NA,NA,NA,NA,NA,NA,NA,55640087,419045
221704257878216,12538,ZCTA5 12538,66013575,497049,G6350,B5,S,28090694244732,3625109,Fairview CDP,8896417,191548,G4210,U1,S,361272,0
221704257878216,12538,ZCTA5 12538,66013575,497049,G6350,B5,S,28090694244733,3632776,Haviland CDP,12761937,100994,G4210,U1,S,6794317,74763
221704257878216,12538,ZCTA5 12538,66013575,497049,G6350,B5,S,280903716733963,3637198,Hyde Park CDP,3217899,3241,G4210,U1,S,3217899,3241
221704257878219,12540,ZCTA5 12540,91423176,788042,G6350,B5,S,NA,NA,NA,NA,NA,NA,NA,NA,89066391,707900
221704257878219,12540,ZCTA5 12540,91423176,788042,G6350,B5,S,280903716733967,3627452,Freedom Plains CDP,3342491,113900,G4210,U1,S,2356785,80142
221704257878221,12542,ZCTA5 12542,37271522,520511,G6350,B5,S,NA,NA,NA,NA,NA,NA,NA,NA,23357318,386416
221704257878221,12542,ZCTA5 12542,37271522,520511,G6350,B5,S,28090312238703,3645700,Marlboro CDP,12910067,1658499,G4210,U1,S,12910067,126962
221704257878221,12542,ZCTA5 12542,37271522,520511,G6350,B5,S,28090312238704,3647554,Milton CDP,9663515,135273,G4210,U1,S,1004137,7133
221704257878225,12543,ZCTA5 12543,3971288,0,G6350,B5,S,NA,NA,NA,NA,NA,NA,NA,NA,1693724,0
221704257878225,12543,ZCTA5 12543,3971288,0,G6350,B5,S,27890732195710,3646162,Maybrook village,3507463,14293,G4110,C1,A,2277564,0
2217026265990927,12544,ZCTA5 12544,1486252,0,G6350,B5,S,NA,NA,NA,NA,NA,NA,NA,NA,1486252,0
221704257878234,12545,ZCTA5 12545,146793439,2174005,G6350,B5,S,NA,NA,NA,NA,NA,NA,NA,NA,141976786,2032308
221704257878234,12545,ZCTA5 12545,146793439,2174005,G6350,B5,S,27890694260145,3647273,Millbrook village,4816653,141697,G4110,C1,A,4816653,141697
221704257878237,12546,ZCTA5 12546,117552026,1350597,G6350,B5,S,NA,NA,NA,NA,NA,NA,NA,NA,115955594,1342573
221704257878237,12546,ZCTA5 12546,117552026,1350597,G6350,B5,S,27890694260146,3647361,Millerton village,1596432,8024,G4110,C1,A,1596432,8024
221704257878239,12547,ZCTA5 12547,23936001,442520,G6350,B5,S,NA,NA,NA,NA,NA,NA,NA,NA,15276623,314380
221704257878239,12547,ZCTA5 12547,23936001,442520,G6350,B5,S,28090312238704,3647554,Milton CDP,9663515,135273,G4210,U1,S,8659378,128140
221704257878240,12548,ZCTA5 12548,10076477,412687,G6350,B5,S,NA,NA,NA,NA,NA,NA,NA,NA,10076477,412687
221704257878244,12549,ZCTA5 12549,100359330,1389547,G6350,B5,S,NA,NA,NA,NA,NA,NA,NA,NA,96718675,1280516
221704257878244,12549,ZCTA5 12549,100359330,1389547,G6350,B5,S,27890732195713,3648142,Montgomery village,3640655,109031,G4110,C1,A,3640655,109031
221704257878247,12550,ZCTA5 12550,89816424,1652550,G6350,B5,S,NA,NA,NA,NA,NA,NA,NA,NA,42977602,1400246
221704257878247,12550,ZCTA5 12550,89816424,1652550,G6350,B5,S,28090732194446,3604286,Balmville CDP,5484180,11356,G4210,U1,S,5484180,11356
221704257878247,12550,ZCTA5 12550,89816424,1652550,G6350,B5,S,28090732194451,3628310,Gardnertown CDP,12498697,43284,G4210,U1,S,12498697,43284
221704257878247,12550,ZCTA5 12550,89816424,1652550,G6350,B5,S,27890732195714,3650034,Newburgh city,9857747,2533739,G4110,C5,A,9614254,112185
221704257878247,12550,ZCTA5 12550,89816424,1652550,G6350,B5,S,28090732194456,3655189,Orange Lake CDP,22619188,1163161,G4210,U1,S,19241691,85479
221704257878263,12553,ZCTA5 12553,62589085,2665349,G6350,B5,S,NA,NA,NA,NA,NA,NA,NA,NA,47330767,1812500
221704257878263,12553,ZCTA5 12553,62589085,2665349,G6350,B5,S,28090732194447,3605188,Beaver Dam Lake CDP,6318668,777054,G4210,U1,S,1885825,669072
221704257878263,12553,ZCTA5 12553,62589085,2665349,G6350,B5,S,28090732194449,3625857,Firthcliffe CDP,7692270,90872,G4210,U1,S,715749,75219
221704257878263,12553,ZCTA5 12553,62589085,2665349,G6350,B5,S,27890732195714,3650034,Newburgh city,9857747,2533739,G4110,C5,A,243493,0
221704257878263,12553,ZCTA5 12553,62589085,2665349,G6350,B5,S,28090732194455,3650837,New Windsor CDP,9742405,108558,G4210,U1,S,9742405,108558
221704257878263,12553,ZCTA5 12553,62589085,2665349,G6350,B5,S,28090732194459,3676584,Vails Gate CDP,2670846,0,G4210,U1,S,2670846,0
221704257878272,12561,ZCTA5 12561,156052147,2315360,G6350,B5,S,NA,NA,NA,NA,NA,NA,NA,NA,149258808,2218746
221704257878272,12561,ZCTA5 12561,156052147,2315360,G6350,B5,S,27890312238706,3650551,New Paltz village,4562907,96614,G4110,C1,A,4562907,96614
221704257878272,12561,ZCTA5 12561,156052147,2315360,G6350,B5,S,28090312238711,3661797,Rifton CDP,3210359,0,G4210,U1,S,1534447,0
221704257878272,12561,ZCTA5 12561,156052147,2315360,G6350,B5,S,28090312238717,3673902,Tillson CDP,6073456,63046,G4210,U1,S,695985,0
221704257878277,12563,ZCTA5 12563,60821846,1402948,G6350,B5,S,NA,NA,NA,NA,NA,NA,NA,NA,51208933,450227
221704257878277,12563,ZCTA5 12563,60821846,1402948,G6350,B5,S,28090696197705,3660103,Putnam Lake CDP,11793366,1085369,G4210,U1,S,9612913,952721
221704257878287,12564,ZCTA5 12564,107145833,1560175,G6350,B5,S,NA,NA,NA,NA,NA,NA,NA,NA,101518218,1555397
221704257878287,12564,ZCTA5 12564,107145833,1560175,G6350,B5,S,27890694260147,3656814,Pawling village,5061125,1459,G4110,C1,A,5061125,1459
221704257878287,12564,ZCTA5 12564,107145833,1560175,G6350,B5,S,2809015771111311,3682579,Wingdale CDP,6647316,80885,G4210,U1,S,566490,3319
221704257878289,12565,ZCTA5 12565,3667393,113677,G6350,B5,S,NA,NA,NA,NA,NA,NA,NA,NA,526836,13367
221704257878289,12565,ZCTA5 12565,3667393,113677,G6350,B5,S,27890413583423,3657639,Philmont village,3148191,100310,G4110,C1,A,3140557,100310
221704257878295,12566,ZCTA5 12566,144485308,562917,G6350,B5,S,NA,NA,NA,NA,NA,NA,NA,NA,124202767,528639
221704257878295,12566,ZCTA5 12566,144485308,562917,G6350,B5,S,28090312238689,3618762,Cragsmoor CDP,11297987,0,G4210,U1,S,6441658,0
221704257878295,12566,ZCTA5 12566,144485308,562917,G6350,B5,S,28090732194457,3657980,Pine Bush CDP,5455120,8994,G4210,U1,S,5455120,8994
221704257878295,12566,ZCTA5 12566,144485308,562917,G6350,B5,S,28090312238718,3677948,Walker Valley CDP,8385763,25284,G4210,U1,S,8385763,25284
221704257878299,12567,ZCTA5 12567,119214433,1452351,G6350,B5,S,NA,NA,NA,NA,NA,NA,NA,NA,113826111,877691
221704257878299,12567,ZCTA5 12567,119214433,1452351,G6350,B5,S,28090694244737,3658145,Pine Plains CDP,5388322,574660,G4210,U1,S,5388322,574660
221704257878304,12569,ZCTA5 12569,86254770,1351518,G6350,B5,S,NA,NA,NA,NA,NA,NA,NA,NA,82540381,1253980
221704257878304,12569,ZCTA5 12569,86254770,1351518,G6350,B5,S,280903716733967,3627452,Freedom Plains CDP,3342491,113900,G4210,U1,S,904507,33758
221704257878304,12569,ZCTA5 12569,86254770,1351518,G6350,B5,S,28090694244738,3658684,Pleasant Valley CDP,2809882,63780,G4210,U1,S,2809882,63780
221704257878308,12570,ZCTA5 12570,51434191,667485,G6350,B5,S,NA,NA,NA,NA,NA,NA,NA,NA,51434191,667485
221704257878320,12571,ZCTA5 12571,150549357,2965453,G6350,B5,S,NA,NA,NA,NA,NA,NA,NA,NA,147157280,2931842
221704257878320,12571,ZCTA5 12571,150549357,2965453,G6350,B5,S,2809015922650840,3604388,Bard College CDP,2075163,0,G4210,U1,S,142288,0
221704257878320,12571,ZCTA5 12571,150549357,2965453,G6350,B5,S,27890694260149,3660895,Red Hook village,2731454,33611,G4110,C1,A,2731454,33611
221704257878320,12571,ZCTA5 12571,150549357,2965453,G6350,B5,S,2809015771111325,3676397,Upper Red Hook CDP,518335,0,G4210,U1,S,518335,0
221704257878327,12572,ZCTA5 12572,132189695,2637449,G6350,B5,S,NA,NA,NA,NA,NA,NA,NA,NA,126954547,2549134
221704257878327,12572,ZCTA5 12572,132189695,2637449,G6350,B5,S,27890694260150,3661346,Rhinebeck village,3900078,52496,G4110,C1,A,3900078,52496
221704257878327,12572,ZCTA5 12572,132189695,2637449,G6350,B5,S,280903716733966,3661368,Rhinecliff CDP,2661128,35819,G4210,U1,S,1335070,35819
221704257878328,12574,ZCTA5 12574,1326058,0,G6350,B5,S,280903716733966,3661368,Rhinecliff CDP,2661128,35819,G4210,U1,S,1326058,0
221704257878329,12575,ZCTA5 12575,41566994,2017716,G6350,B5,S,NA,NA,NA,NA,NA,NA,NA,NA,41031243,2017716
221704257878329,12575,ZCTA5 12575,41566994,2017716,G6350,B5,S,28090732194456,3655189,Orange Lake CDP,22619188,1163161,G4210,U1,S,535751,0
221704257878330,12577,ZCTA5 12577,19999901,169531,G6350,B5,S,NA,NA,NA,NA,NA,NA,NA,NA,14235248,49609
221704257878330,12577,ZCTA5 12577,19999901,169531,G6350,B5,S,28090732194447,3605188,Beaver Dam Lake CDP,6318668,777054,G4210,U1,S,4432843,107982
221704257878330,12577,ZCTA5 12577,19999901,169531,G6350,B5,S,280903717077035,3664859,Salisbury Mills CDP,1291768,11940,G4210,U1,S,1291768,11940
221704257878330,12577,ZCTA5 12577,19999901,169531,G6350,B5,S,27890732195721,3678465,Washingtonville village,6573775,35333,G4110,C1,A,40042,0
221704257878331,12578,ZCTA5 12578,37386528,427185,G6350,B5,S,NA,NA,NA,NA,NA,NA,NA,NA,35238811,417202
221704257878331,12578,ZCTA5 12578,37386528,427185,G6350,B5,S,280903716733964,3664892,Salt Point CDP,2147717,9983,G4210,U1,S,2147717,9983
221704257878332,12580,ZCTA5 12580,57443993,485615,G6350,B5,S,NA,NA,NA,NA,NA,NA,NA,NA,53641199,479891
221704257878332,12580,ZCTA5 12580,57443993,485615,G6350,B5,S,28090694244741,3670552,Staatsburg CDP,3802794,5724,G4210,U1,S,3802794,5724
221704257878335,12581,ZCTA5 12581,100973048,979161,G6350,B5,S,NA,NA,NA,NA,NA,NA,NA,NA,100973048,979161
221704257878336,12582,ZCTA5 12582,36658864,993280,G6350,B5,S,NA,NA,NA,NA,NA,NA,NA,NA,36658864,993280
221704257878338,12583,ZCTA5 12583,30224561,6034641,G6350,B5,S,NA,NA,NA,NA,NA,NA,NA,NA,26230570,6021207
221704257878338,12583,ZCTA5 12583,30224561,6034641,G6350,B5,S,27890694260151,3674023,Tivoli village,3993991,13434,G4110,C1,A,3993991,13434
221704257878342,12585,ZCTA5 12585,12118310,211072,G6350,B5,S,NA,NA,NA,NA,NA,NA,NA,NA,12118310,211072
221704257878352,12586,ZCTA5 12586,61521456,2591110,G6350,B5,S,NA,NA,NA,NA,NA,NA,NA,NA,53770218,1301425
221704257878352,12586,ZCTA5 12586,61521456,2591110,G6350,B5,S,28090732194456,3655189,Orange Lake CDP,22619188,1163161,G4210,U1,S,2653895,1077682
221704257878352,12586,ZCTA5 12586,61521456,2591110,G6350,B5,S,27890732195719,3677849,Walden village,5097343,212003,G4110,C1,A,5097343,212003
221704257878361,12589,ZCTA5 12589,154160077,1589657,G6350,B5,S,NA,NA,NA,NA,NA,NA,NA,NA,138078608,1411300
221704257878361,12589,ZCTA5 12589,154160077,1589657,G6350,B5,S,28090732194456,3655189,Orange Lake CDP,22619188,1163161,G4210,U1,S,187851,0
221704257878361,12589,ZCTA5 12589,154160077,1589657,G6350,B5,S,28090312238709,3658541,Plattekill CDP,7161656,194407,G4210,U1,S,5937136,178357
221704257878361,12589,ZCTA5 12589,154160077,1589657,G6350,B5,S,28090312238719,3678003,Wallkill CDP,7943527,0,G4210,U1,S,7943527,0
221704257878361,12589,ZCTA5 12589,154160077,1589657,G6350,B5,S,280903939476986,3678487,Watchtower CDP,2012955,0,G4210,U1,S,2012955,0
221704257878441,12590,ZCTA5 12590,90186509,1448387,G6350,B5,S,NA,NA,NA,NA,NA,NA,NA,NA,60000530,857384
221704257878441,12590,ZCTA5 12590,90186509,1448387,G6350,B5,S,28090694244734,3634803,Hillside Lake CDP,1354056,103124,G4210,U1,S,1354056,103124
221704257878441,12590,ZCTA5 12590,90186509,1448387,G6350,B5,S,28090694244736,3649363,Myers Corner CDP,22118138,118534,G4210,U1,S,19311420,118534
221704257878441,12590,ZCTA5 12590,90186509,1448387,G6350,B5,S,2809015922365893,3650265,New Hackensack CDP,5374247,8939,G4210,U1,S,5374247,8939
221704257878441,12590,ZCTA5 12590,90186509,1448387,G6350,B5,S,2809015771111321,3650276,New Hamburg CDP,1243026,496155,G4210,U1,S,1243026,155515
221704257878441,12590,ZCTA5 12590,90186509,1448387,G6350,B5,S,27890694260152,3678168,Wappingers Falls village,2903230,204891,G4110,C1,A,2903230,204891
221704257878444,12592,ZCTA5 12592,38467770,584419,G6350,B5,S,NA,NA,NA,NA,NA,NA,NA,NA,37549532,584419
221704257878444,12592,ZCTA5 12592,38467770,584419,G6350,B5,S,2809015771111315,3678476,Wassaic CDP,918238,0,G4210,U1,S,918238,0
221704257878445,12594,ZCTA5 12594,59717228,1521712,G6350,B5,S,NA,NA,NA,NA,NA,NA,NA,NA,53636402,1444146
221704257878445,12594,ZCTA5 12594,59717228,1521712,G6350,B5,S,2809015771111311,3682579,Wingdale CDP,6647316,80885,G4210,U1,S,6080826,77566
221704257878450,12601,ZCTA5 12601,47329427,560530,G6350,B5,S,NA,NA,NA,NA,NA,NA,NA,NA,20582237,279499
221704257878450,12601,ZCTA5 12601,47329427,560530,G6350,B5,S,28090694244728,3602616,Arlington CDP,1569269,0,G4210,U1,S,74816,0
221704257878450,12601,ZCTA5 12601,47329427,560530,G6350,B5,S,28090694244730,3619229,Crown Heights CDP,2186014,0,G4210,U1,S,2186014,0
221704257878450,12601,ZCTA5 12601,47329427,560530,G6350,B5,S,28090694244732,3625109,Fairview CDP,8896417,191548,G4210,U1,S,8535145,191548
221704257878450,12601,ZCTA5 12601,47329427,560530,G6350,B5,S,28090694244733,3632776,Haviland CDP,12761937,100994,G4210,U1,S,5967620,26231
221704257878450,12601,ZCTA5 12601,47329427,560530,G6350,B5,S,2809015922650841,3645659,Marist College CDP,676724,0,G4210,U1,S,676724,0
221704257878450,12601,ZCTA5 12601,47329427,560530,G6350,B5,S,27890694260148,3659641,Poughkeepsie city,13321970,1487437,G4110,C5,A,8919605,63252
221704257878450,12601,ZCTA5 12601,47329427,560530,G6350,B5,S,28090694244740,3670035,Spackenkill CDP,4654820,2140,G4210,U1,S,387266,0
221704257878456,12603,ZCTA5 12603,82552909,640953,G6350,B5,S,NA,NA,NA,NA,NA,NA,NA,NA,61284530,512747
221704257878456,12603,ZCTA5 12603,82552909,640953,G6350,B5,S,28090694244728,3602616,Arlington CDP,1569269,0,G4210,U1,S,1494453,0
221704257878456,12603,ZCTA5 12603,82552909,640953,G6350,B5,S,280903716733967,3627452,Freedom Plains CDP,3342491,113900,G4210,U1,S,81199,0
221704257878456,12603,ZCTA5 12603,82552909,640953,G6350,B5,S,2809015771111304,3644105,MacDonnell Heights CDP,1626256,0,G4210,U1,S,1626256,0
221704257878456,12603,ZCTA5 12603,82552909,640953,G6350,B5,S,27890694260148,3659641,Poughkeepsie city,13321970,1487437,G4110,C5,A,4402365,22668
221704257878456,12603,ZCTA5 12603,82552909,640953,G6350,B5,S,28090694244739,3660983,Red Oaks Mill CDP,6229944,79076,G4210,U1,S,6229944,79076
221704257878456,12603,ZCTA5 12603,82552909,640953,G6350,B5,S,28090694244740,3670035,Spackenkill CDP,4654820,2140,G4210,U1,S,4267554,2140
221704257878456,12603,ZCTA5 12603,82552909,640953,G6350,B5,S,280903716733965,3674017,Titusville CDP,1788717,1471,G4210,U1,S,1788717,1471
221704257878456,12603,ZCTA5 12603,82552909,640953,G6350,B5,S,2809015922650863,3676985,Vassar College CDP,1863477,22851,G4210,U1,S,1377891,22851
221704257878457,12604,ZCTA5 12604,485586,0,G6350,B5,S,2809015922650863,3676985,Vassar College CDP,1863477,22851,G4210,U1,S,485586,0
221704257878464,12701,ZCTA5 12701,158087495,4003088,G6350,B5,S,NA,NA,NA,NA,NA,NA,NA,NA,139119037,3828578
221704257878464,12701,ZCTA5 12701,158087495,4003088,G6350,B5,S,2809015682491680,3608158,Bridgeville CDP,4335637,514,G4210,U1,S,4239666,514
221704257878464,12701,ZCTA5 12701,158087495,4003088,G6350,B5,S,2809015682491670,3639485,Kiamesha Lake CDP,2642635,773149,G4210,U1,S,44162,0
221704257878464,12701,ZCTA5 12701,158087495,4003088,G6350,B5,S,2809015682491682,3647977,Mongaup Valley CDP,12991516,211044,G4210,U1,S,4113937,84463
221704257878464,12701,ZCTA5 12701,158087495,4003088,G6350,B5,S,27890737079602,3648175,Monticello village,10570693,62413,G4110,C1,A,10570693,62413
221704257878464,12701,ZCTA5 12701,158087495,4003088,G6350,B5,S,28090737069177,3663132,Rock Hill CDP,22251619,2724960,G4210,U1,S,0,27120
221704257878468,12719,ZCTA5 12719,43947682,1017009,G6350,B5,S,NA,NA,NA,NA,NA,NA,NA,NA,42188600,885372
221704257878468,12719,ZCTA5 12719,43947682,1017009,G6350,B5,S,2809015682491696,3604616,Barryville CDP,1759082,131637,G4210,U1,S,1759082,131637
221704257878469,12720,ZCTA5 12720,23643085,1318243,G6350,B5,S,NA,NA,NA,NA,NA,NA,NA,NA,23643085,1318243
221704257878471,12721,ZCTA5 12721,63892307,269767,G6350,B5,S,NA,NA,NA,NA,NA,NA,NA,NA,62109828,269767
221704257878471,12721,ZCTA5 12721,63892307,269767,G6350,B5,S,27890737079598,3606959,Bloomingburg village,1782479,0,G4110,C1,A,1782479,0
221704257878472,12722,ZCTA5 12722,799121,0,G6350,B5,S,NA,NA,NA,NA,NA,NA,NA,NA,799121,0
221704257878480,12723,ZCTA5 12723,86737104,1139422,G6350,B5,S,NA,NA,NA,NA,NA,NA,NA,NA,82431979,908998
221704257878480,12723,ZCTA5 12723,86737104,1139422,G6350,B5,S,28090737069173,3611748,Callicoon CDP,1611933,230424,G4210,U1,S,1611933,230424
221704257878480,12723,ZCTA5 12723,86737104,1139422,G6350,B5,S,2809015682491694,3631973,Hankins CDP,3555831,52632,G4210,U1,S,760483,0
221704257878480,12723,ZCTA5 12723,86737104,1139422,G6350,B5,S,280903717135782,3635738,Hortonville CDP,1957441,0,G4210,U1,S,1932709,0
221704257878482,12724,ZCTA5 12724,13439218,1404,G6350,B5,S,NA,NA,NA,NA,NA,NA,NA,NA,13439218,1404
221704257878484,12725,ZCTA5 12725,183345519,268136,G6350,B5,S,NA,NA,NA,NA,NA,NA,NA,NA,183345519,268136
221704257878491,12726,ZCTA5 12726,85476651,2107463,G6350,B5,S,NA,NA,NA,NA,NA,NA,NA,NA,85227345,2107463
221704257878491,12726,ZCTA5 12726,85476651,2107463,G6350,B5,S,2809015682491686,3640552,Lake Huntington CDP,3095008,365223,G4210,U1,S,249306,0
221704257878494,12729,ZCTA5 12729,57221162,410156,G6350,B5,S,NA,NA,NA,NA,NA,NA,NA,NA,57221162,410156
221704257878496,12732,ZCTA5 12732,68805768,1900561,G6350,B5,S,NA,NA,NA,NA,NA,NA,NA,NA,65442842,1900561
221704257878496,12732,ZCTA5 12732,68805768,1900561,G6350,B5,S,2809015682491695,3623811,Eldred CDP,3362926,0,G4210,U1,S,3362926,0
221704257878498,12733,ZCTA5 12733,9609718,115040,G6350,B5,S,NA,NA,NA,NA,NA,NA,NA,NA,628671,0
221704257878498,12733,ZCTA5 12733,9609718,115040,G6350,B5,S,2809015682491678,3625230,Fallsburg CDP,8728460,115040,G4210,U1,S,8728460,115040
221704257878498,12733,ZCTA5 12733,9609718,115040,G6350,B5,S,28090737069180,3668968,South Fallsburg CDP,8251054,848645,G4210,U1,S,252587,0
221704257878499,12734,ZCTA5 12734,36413107,94065,G6350,B5,S,NA,NA,NA,NA,NA,NA,NA,NA,36392007,94065
221704257878499,12734,ZCTA5 12734,36413107,94065,G6350,B5,S,27890737079601,3642224,Liberty village,6787634,9635,G4110,C1,A,21100,0
221704257878500,12736,ZCTA5 12736,7820868,0,G6350,B5,S,NA,NA,NA,NA,NA,NA,NA,NA,7820868,0
221704257878503,12737,ZCTA5 12737,91050474,5634682,G6350,B5,S,NA,NA,NA,NA,NA,NA,NA,NA,91050474,5634682
221704257878504,12738,ZCTA5 12738,5331324,23411,G6350,B5,S,NA,NA,NA,NA,NA,NA,NA,NA,5082699,23411
221704257878504,12738,ZCTA5 12738,5331324,23411,G6350,B5,S,28090737069177,3663132,Rock Hill CDP,22251619,2724960,G4210,U1,S,248625,0
221704257878505,12740,ZCTA5 12740,186372293,2744828,G6350,B5,S,NA,NA,NA,NA,NA,NA,NA,NA,182557437,2744828
221704257878505,12740,ZCTA5 12740,186372293,2744828,G6350,B5,S,2809015682491692,3629707,Grahamsville CDP,3814856,0,G4210,U1,S,3814856,0
221704257878506,12741,ZCTA5 12741,23833512,314587,G6350,B5,S,NA,NA,NA,NA,NA,NA,NA,NA,21038164,261955
221704257878506,12741,ZCTA5 12741,23833512,314587,G6350,B5,S,2809015682491694,3631973,Hankins CDP,3555831,52632,G4210,U1,S,2795348,52632
221704257878507,12742,ZCTA5 12742,5886813,33800,G6350,B5,S,NA,NA,NA,NA,NA,NA,NA,NA,5886813,33800
221704257878508,12743,ZCTA5 12743,19442996,1610952,G6350,B5,S,NA,NA,NA,NA,NA,NA,NA,NA,19442996,1610952
221704257878509,12745,ZCTA5 12745,3115944,0,G6350,B5,S,NA,NA,NA,NA,NA,NA,NA,NA,3091212,0
221704257878509,12745,ZCTA5 12745,3115944,0,G6350,B5,S,280903717135782,3635738,Hortonville CDP,1957441,0,G4210,U1,S,24732,0
221704257878510,12746,ZCTA5 12746,53178950,1223643,G6350,B5,S,NA,NA,NA,NA,NA,NA,NA,NA,53178950,1223643
221704257878514,12747,ZCTA5 12747,44412322,1060130,G6350,B5,S,NA,NA,NA,NA,NA,NA,NA,NA,40539569,1041973
221704257878514,12747,ZCTA5 12747,44412322,1060130,G6350,B5,S,2809015682491672,3637154,Hurleyville CDP,2906659,0,G4210,U1,S,2906659,0
221704257878514,12747,ZCTA5 12747,44412322,1060130,G6350,B5,S,280904259132136,3643038,Loch Sheldrake CDP,4282415,417270,G4210,U1,S,966094,18157
221704257878518,12748,ZCTA5 12748,61013508,524074,G6350,B5,S,NA,NA,NA,NA,NA,NA,NA,NA,59955848,439894
221704257878518,12748,ZCTA5 12748,61013508,524074,G6350,B5,S,27890737079600,3638506,Jeffersonville village,1057660,84180,G4110,C1,A,1057660,84180
221704257878519,12749,ZCTA5 12749,5611465,36916,G6350,B5,S,NA,NA,NA,NA,NA,NA,NA,NA,2783131,0
221704257878519,12749,ZCTA5 12749,5611465,36916,G6350,B5,S,2809015682491683,3638985,Kauneonga Lake CDP,2966210,497290,G4210,U1,S,2828334,36916
221704257878524,12750,ZCTA5 12750,8121836,82098,G6350,B5,S,NA,NA,NA,NA,NA,NA,NA,NA,8121836,82098
221704257878527,12751,ZCTA5 12751,6720714,773149,G6350,B5,S,NA,NA,NA,NA,NA,NA,NA,NA,4122241,0
221704257878527,12751,ZCTA5 12751,6720714,773149,G6350,B5,S,2809015682491670,3639485,Kiamesha Lake CDP,2642635,773149,G4210,U1,S,2598473,773149
221704257878528,12752,ZCTA5 12752,3996870,365223,G6350,B5,S,NA,NA,NA,NA,NA,NA,NA,NA,1151168,0
221704257878528,12752,ZCTA5 12752,3996870,365223,G6350,B5,S,2809015682491686,3640552,Lake Huntington CDP,3095008,365223,G4210,U1,S,2845702,365223
221704257878539,12754,ZCTA5 12754,73257600,843391,G6350,B5,S,NA,NA,NA,NA,NA,NA,NA,NA,66491066,833756
221704257878539,12754,ZCTA5 12754,73257600,843391,G6350,B5,S,27890737079601,3642224,Liberty village,6787634,9635,G4110,C1,A,6766534,9635
221704257878547,12758,ZCTA5 12758,397933581,3709840,G6350,B5,S,NA,NA,NA,NA,NA,NA,NA,NA,389530304,3680003
221704257878547,12758,ZCTA5 12758,397933581,3709840,G6350,B5,S,28090737069175,3642928,Livingston Manor CDP,8403277,29837,G4210,U1,S,8403277,29837
221704257878548,12759,ZCTA5 12759,10215219,439594,G6350,B5,S,NA,NA,NA,NA,NA,NA,NA,NA,6898898,40481
221704257878548,12759,ZCTA5 12759,10215219,439594,G6350,B5,S,280904259132136,3643038,Loch Sheldrake CDP,4282415,417270,G4210,U1,S,3316321,399113
221704257878556,12760,ZCTA5 12760,117591920,850565,G6350,B5,S,NA,NA,NA,NA,NA,NA,NA,NA,117591920,850565
221704257878559,12762,ZCTA5 12762,23877299,1280232,G6350,B5,S,NA,NA,NA,NA,NA,NA,NA,NA,15048743,1153651
221704257878559,12762,ZCTA5 12762,23877299,1280232,G6350,B5,S,2809015682491682,3647977,Mongaup Valley CDP,12991516,211044,G4210,U1,S,7665495,126581
221704257878559,12762,ZCTA5 12762,23877299,1280232,G6350,B5,S,28090737069179,3667730,Smallwood CDP,6222629,323847,G4210,U1,S,1163061,0
221704257878562,12763,ZCTA5 12763,36502551,485932,G6350,B5,S,NA,NA,NA,NA,NA,NA,NA,NA,22200841,408717
221704257878562,12763,ZCTA5 12763,36502551,485932,G6350,B5,S,2809015682491687,3648736,Mountain Dale CDP,15003225,77215,G4210,U1,S,14301710,77215
221704257878569,12764,ZCTA5 12764,157023435,4572352,G6350,B5,S,NA,NA,NA,NA,NA,NA,NA,NA,152338906,4182451
221704257878569,12764,ZCTA5 12764,157023435,4572352,G6350,B5,S,28090737069176,3649473,Narrowsburg CDP,4684529,389901,G4210,U1,S,4684529,389901
221704257878571,12765,ZCTA5 12765,28907005,6157023,G6350,B5,S,NA,NA,NA,NA,NA,NA,NA,NA,28907005,6157023
221704257878574,12766,ZCTA5 12766,24226468,13955,G6350,B5,S,NA,NA,NA,NA,NA,NA,NA,NA,24226468,13955
221704257878576,12767,ZCTA5 12767,5284084,40778,G6350,B5,S,NA,NA,NA,NA,NA,NA,NA,NA,5284084,40778
221704257878583,12768,ZCTA5 12768,85802108,1183121,G6350,B5,S,NA,NA,NA,NA,NA,NA,NA,NA,85802108,1183121
221704257878584,12769,ZCTA5 12769,10926260,0,G6350,B5,S,NA,NA,NA,NA,NA,NA,NA,NA,10926260,0
221704257878585,12770,ZCTA5 12770,9088846,697047,G6350,B5,S,NA,NA,NA,NA,NA,NA,NA,NA,9088846,697047
221704257878586,12771,ZCTA5 12771,89529791,1781294,G6350,B5,S,NA,NA,NA,NA,NA,NA,NA,NA,81032476,1336753
221704257878586,12771,ZCTA5 12771,89529791,1781294,G6350,B5,S,27890732195716,3659388,Port Jervis city,6552210,444541,G4110,C5,A,6552210,444541
221704257878586,12771,ZCTA5 12771,89529791,1781294,G6350,B5,S,2809015922367382,3670090,Sparrow Bush CDP,7273092,182648,G4210,U1,S,1945105,0
221704257878587,12775,ZCTA5 12775,35235541,2913487,G6350,B5,S,NA,NA,NA,NA,NA,NA,NA,NA,13136576,215647
221704257878587,12775,ZCTA5 12775,35235541,2913487,G6350,B5,S,2809015682491680,3608158,Bridgeville CDP,4335637,514,G4210,U1,S,95971,0
221704257878587,12775,ZCTA5 12775,35235541,2913487,G6350,B5,S,28090737069177,3663132,Rock Hill CDP,22251619,2724960,G4210,U1,S,22002994,2697840
221704257878595,12776,ZCTA5 12776,299287948,8525993,G6350,B5,S,NA,NA,NA,NA,NA,NA,NA,NA,296763820,8521529
221704257878595,12776,ZCTA5 12776,299287948,8525993,G6350,B5,S,28090737069178,3663583,Roscoe CDP,2524128,4464,G4210,U1,S,2524128,4464
221704257878598,12777,ZCTA5 12777,115694755,3885323,G6350,B5,S,NA,NA,NA,NA,NA,NA,NA,NA,115694755,3885323
221704257878603,12778,ZCTA5 12778,4460374,278374,G6350,B5,S,NA,NA,NA,NA,NA,NA,NA,NA,723025,12526
221704257878603,12778,ZCTA5 12778,4460374,278374,G6350,B5,S,28090737069179,3667730,Smallwood CDP,6222629,323847,G4210,U1,S,3737349,265848
221704257878607,12779,ZCTA5 12779,17408514,950536,G6350,B5,S,NA,NA,NA,NA,NA,NA,NA,NA,9410047,101891
221704257878607,12779,ZCTA5 12779,17408514,950536,G6350,B5,S,28090737069180,3668968,South Fallsburg CDP,8251054,848645,G4210,U1,S,7998467,848645
221704257878613,12780,ZCTA5 12780,63884518,1967708,G6350,B5,S,NA,NA,NA,NA,NA,NA,NA,NA,58556531,1785060
221704257878613,12780,ZCTA5 12780,63884518,1967708,G6350,B5,S,2809015922367382,3670090,Sparrow Bush CDP,7273092,182648,G4210,U1,S,5327987,182648
221704257878614,12781,ZCTA5 12781,7483717,0,G6350,B5,S,NA,NA,NA,NA,NA,NA,NA,NA,7483717,0
221704257878617,12783,ZCTA5 12783,82185787,2856995,G6350,B5,S,NA,NA,NA,NA,NA,NA,NA,NA,76542475,2291743
221704257878617,12783,ZCTA5 12783,82185787,2856995,G6350,B5,S,2809015682491682,3647977,Mongaup Valley CDP,12991516,211044,G4210,U1,S,1212084,0
221704257878617,12783,ZCTA5 12783,82185787,2856995,G6350,B5,S,2809015682491674,3672400,Swan Lake CDP,4431228,565252,G4210,U1,S,4431228,565252
221704257878618,12784,ZCTA5 12784,3197323,17004,G6350,B5,S,NA,NA,NA,NA,NA,NA,NA,NA,3197323,17004
221704257878620,12785,ZCTA5 12785,35187803,361094,G6350,B5,S,NA,NA,NA,NA,NA,NA,NA,NA,35187803,361094
221704257878621,12786,ZCTA5 12786,44437402,7253467,G6350,B5,S,NA,NA,NA,NA,NA,NA,NA,NA,40681881,6030496
221704257878621,12786,ZCTA5 12786,44437402,7253467,G6350,B5,S,2809015682491683,3638985,Kauneonga Lake CDP,2966210,497290,G4210,U1,S,137876,460374
221704257878621,12786,ZCTA5 12786,44437402,7253467,G6350,B5,S,28090737069179,3667730,Smallwood CDP,6222629,323847,G4210,U1,S,1322219,57999
221704257878621,12786,ZCTA5 12786,44437402,7253467,G6350,B5,S,2809015682491698,3681655,White Lake CDP,2295426,704598,G4210,U1,S,2295426,704598
221704257878622,12787,ZCTA5 12787,6579166,4208,G6350,B5,S,NA,NA,NA,NA,NA,NA,NA,NA,6579166,4208
221704257878623,12788,ZCTA5 12788,57408078,228682,G6350,B5,S,NA,NA,NA,NA,NA,NA,NA,NA,55541238,228682
221704257878623,12788,ZCTA5 12788,57408078,228682,G6350,B5,S,2809015682491676,3682733,Woodbourne CDP,1866840,0,G4210,U1,S,1866840,0
221704257878624,12789,ZCTA5 12789,41167302,684499,G6350,B5,S,NA,NA,NA,NA,NA,NA,NA,NA,36130552,420889
221704257878624,12789,ZCTA5 12789,41167302,684499,G6350,B5,S,2809015682491687,3648736,Mountain Dale CDP,15003225,77215,G4210,U1,S,701515,0
221704257878624,12789,ZCTA5 12789,41167302,684499,G6350,B5,S,27890737079603,3682953,Woodridge village,4335235,263610,G4110,C1,A,4335235,263610
221704257878625,12790,ZCTA5 12790,133258455,6867769,G6350,B5,S,NA,NA,NA,NA,NA,NA,NA,NA,126953841,6859812
221704257878625,12790,ZCTA5 12790,133258455,6867769,G6350,B5,S,27890737079604,3683272,Wurtsboro village,3235325,0,G4110,C1,A,3235325,0
221704257878625,12790,ZCTA5 12790,133258455,6867769,G6350,B5,S,2809015682491690,3683283,Wurtsboro Hills CDP,3069289,7957,G4210,U1,S,3069289,7957
221704257878627,12791,ZCTA5 12791,9375595,2015,G6350,B5,S,NA,NA,NA,NA,NA,NA,NA,NA,9375595,2015
221704257878629,12792,ZCTA5 12792,11080246,553221,G6350,B5,S,NA,NA,NA,NA,NA,NA,NA,NA,11080246,553221
221704257878630,12801,ZCTA5 12801,9815555,358646,G6350,B5,S,27890723295637,3629333,Glens Falls city,9972878,358646,G4110,C5,A,9809562,358646
221704257878630,12801,ZCTA5 12801,9815555,358646,G6350,B5,S,28090723295622,3629338,Glens Falls North CDP,21694877,228682,G4210,U2,S,2808,0
221704257878630,12801,ZCTA5 12801,9815555,358646,G6350,B5,S,28090723295625,3680082,West Glens Falls CDP,17201270,338058,G4210,U1,S,3185,0
221704257878635,12803,ZCTA5 12803,15698785,1570873,G6350,B5,S,NA,NA,NA,NA,NA,NA,NA,NA,12180492,1229257
221704257878635,12803,ZCTA5 12803,15698785,1570873,G6350,B5,S,27890724566441,3669078,South Glens Falls village,3518293,341616,G4110,C1,A,3518293,341616
221704257878642,12804,ZCTA5 12804,141576916,4557614,G6350,B5,S,NA,NA,NA,NA,NA,NA,NA,NA,102523446,3990874
221704257878642,12804,ZCTA5 12804,141576916,4557614,G6350,B5,S,27890723295637,3629333,Glens Falls city,9972878,358646,G4110,C5,A,163316,0
221704257878642,12804,ZCTA5 12804,141576916,4557614,G6350,B5,S,28090723295622,3629338,Glens Falls North CDP,21694877,228682,G4210,U2,S,21692069,228682
221704257878642,12804,ZCTA5 12804,141576916,4557614,G6350,B5,S,28090723295625,3680082,West Glens Falls CDP,17201270,338058,G4210,U1,S,17198085,338058
221704257878643,12808,ZCTA5 12808,37053257,6771854,G6350,B5,S,NA,NA,NA,NA,NA,NA,NA,NA,37053257,6771854
221704257878644,12809,ZCTA5 12809,135272002,3360344,G6350,B5,S,NA,NA,NA,NA,NA,NA,NA,NA,134451658,3360344
221704257878644,12809,ZCTA5 12809,135272002,3360344,G6350,B5,S,27890741733481,3602550,Argyle village,820344,0,G4110,C1,A,820344,0
221704257878645,12810,ZCTA5 12810,112126028,2482929,G6350,B5,S,NA,NA,NA,NA,NA,NA,NA,NA,112126028,2482929
221704257878646,12811,ZCTA5 12811,81850783,410229,G6350,B5,S,NA,NA,NA,NA,NA,NA,NA,NA,81850783,410229
221704257878648,12812,ZCTA5 12812,225301458,12589515,G6350,B5,S,NA,NA,NA,NA,NA,NA,NA,NA,225301458,12589515
221704257878649,12814,ZCTA5 12814,116654052,44489403,G6350,B5,S,NA,NA,NA,NA,NA,NA,NA,NA,112662455,40956990
221704257878649,12814,ZCTA5 12814,116654052,44489403,G6350,B5,S,280903939107158,3607245,Bolton Landing CDP,3991597,3532413,G4210,U1,S,3991597,3532413
221704257878652,12815,ZCTA5 12815,118728408,8316589,G6350,B5,S,NA,NA,NA,NA,NA,NA,NA,NA,118728408,8316589
221704257878654,12816,ZCTA5 12816,155060431,1062933,G6350,B5,S,NA,NA,NA,NA,NA,NA,NA,NA,150590996,1062933
221704257878654,12816,ZCTA5 12816,155060431,1062933,G6350,B5,S,27890741733482,3611825,Cambridge village,4469435,0,G4110,C1,A,4469435,0
221704257878655,12817,ZCTA5 12817,132752048,5217504,G6350,B5,S,NA,NA,NA,NA,NA,NA,NA,NA,122799087,5183375
221704257878655,12817,ZCTA5 12817,132752048,5217504,G6350,B5,S,280903926956019,3615363,Chestertown CDP,9952961,34129,G4210,U1,S,9952961,34129
221704257878656,12819,ZCTA5 12819,54789010,3106327,G6350,B5,S,NA,NA,NA,NA,NA,NA,NA,NA,54789010,3106327
2217026265990942,12820,ZCTA5 12820,331799,0,G6350,B5,S,NA,NA,NA,NA,NA,NA,NA,NA,331799,0
221704257878657,12821,ZCTA5 12821,14460090,280568,G6350,B5,S,NA,NA,NA,NA,NA,NA,NA,NA,14460090,280568
221704257878659,12822,ZCTA5 12822,175717606,4008169,G6350,B5,S,NA,NA,NA,NA,NA,NA,NA,NA,172949963,3756432
221704257878659,12822,ZCTA5 12822,175717606,4008169,G6350,B5,S,27890724566435,3618212,Corinth village,2762585,102299,G4110,C1,A,2762585,102299
221704257878659,12822,ZCTA5 12822,175717606,4008169,G6350,B5,S,280903717077041,3631258,Hadley CDP,3766782,545827,G4210,U1,S,5058,149438
221704257878661,12823,ZCTA5 12823,10022274,209331,G6350,B5,S,NA,NA,NA,NA,NA,NA,NA,NA,10022274,209331
221704257878662,12824,ZCTA5 12824,55624484,1329622,G6350,B5,S,NA,NA,NA,NA,NA,NA,NA,NA,55624484,1329622
221704257878664,12827,ZCTA5 12827,318109184,4619552,G6350,B5,S,NA,NA,NA,NA,NA,NA,NA,NA,317369628,4597909
221704257878664,12827,ZCTA5 12827,318109184,4619552,G6350,B5,S,27890741733483,3626704,Fort Ann village,739556,21643,G4110,C1,A,739556,21643
221704257878668,12828,ZCTA5 12828,116778153,3791937,G6350,B5,S,NA,NA,NA,NA,NA,NA,NA,NA,112215234,3399673
221704257878668,12828,ZCTA5 12828,116778153,3791937,G6350,B5,S,27890741733484,3626770,Fort Edward village,4562919,392264,G4110,C1,A,4562919,392264
221704257878670,12831,ZCTA5 12831,168885466,1963969,G6350,B5,S,NA,NA,NA,NA,NA,NA,NA,NA,168885466,1963969
221704257878672,12832,ZCTA5 12832,204726180,1625262,G6350,B5,S,NA,NA,NA,NA,NA,NA,NA,NA,198114609,1624788
221704257878672,12832,ZCTA5 12832,204726180,1625262,G6350,B5,S,27890741733485,3630026,Granville village,4012565,474,G4110,C1,A,4012565,474
221704257878672,12832,ZCTA5 12832,204726180,1625262,G6350,B5,S,2809015922366092,3652067,North Granville CDP,2695864,0,G4210,U1,S,2599006,0
221704257878675,12833,ZCTA5 12833,96688812,402898,G6350,B5,S,NA,NA,NA,NA,NA,NA,NA,NA,96071921,393998
221704257878675,12833,ZCTA5 12833,96688812,402898,G6350,B5,S,27890724566439,3665255,Saratoga Springs city,72687552,2091297,G4110,C5,A,616891,8900
221704257878679,12834,ZCTA5 12834,219062055,2432686,G6350,B5,S,NA,NA,NA,NA,NA,NA,NA,NA,215254279,2432686
221704257878679,12834,ZCTA5 12834,219062055,2432686,G6350,B5,S,27890741733486,3630675,Greenwich village,3807776,0,G4110,C1,A,3807776,0
221704257878683,12835,ZCTA5 12835,262001662,25651557,G6350,B5,S,NA,NA,NA,NA,NA,NA,NA,NA,258239938,25255168
221704257878683,12835,ZCTA5 12835,262001662,25651557,G6350,B5,S,280903717077041,3631258,Hadley CDP,3766782,545827,G4210,U1,S,3761724,396389
221704257878685,12836,ZCTA5 12836,112760563,1218490,G6350,B5,S,NA,NA,NA,NA,NA,NA,NA,NA,112760563,1218490
221704257878686,12837,ZCTA5 12837,35969508,445662,G6350,B5,S,NA,NA,NA,NA,NA,NA,NA,NA,35969508,445662
221704257878689,12838,ZCTA5 12838,14088960,5586,G6350,B5,S,NA,NA,NA,NA,NA,NA,NA,NA,14088960,5586
221704257878692,12839,ZCTA5 12839,80371570,654271,G6350,B5,S,NA,NA,NA,NA,NA,NA,NA,NA,75547556,500881
221704257878692,12839,ZCTA5 12839,80371570,654271,G6350,B5,S,27890741733487,3635980,Hudson Falls village,4824014,153390,G4110,C1,A,4824014,153390
221704257878693,12841,ZCTA5 12841,55333766,336299,G6350,B5,S,NA,NA,NA,NA,NA,NA,NA,NA,55333766,336299
221704257878704,12842,ZCTA5 12842,426239399,24803153,G6350,B5,S,NA,NA,NA,NA,NA,NA,NA,NA,426239399,24803153
221704257878705,12843,ZCTA5 12843,83644667,359611,G6350,B5,S,NA,NA,NA,NA,NA,NA,NA,NA,83644667,359611
221704257878706,12844,ZCTA5 12844,7800860,11996005,G6350,B5,S,NA,NA,NA,NA,NA,NA,NA,NA,7800860,11996005
221704257878711,12845,ZCTA5 12845,116632498,19649733,G6350,B5,S,NA,NA,NA,NA,NA,NA,NA,NA,114212739,19649733
221704257878711,12845,ZCTA5 12845,116632498,19649733,G6350,B5,S,27890723295638,3640508,Lake George village,1517833,0,G4110,C1,A,1517833,0
221704257878711,12845,ZCTA5 12845,116632498,19649733,G6350,B5,S,28090723295624,3678289,Warrensburg CDP,17497428,525945,G4210,U1,S,901926,0
221704257878718,12846,ZCTA5 12846,139182436,3107866,G6350,B5,S,NA,NA,NA,NA,NA,NA,NA,NA,128385024,1777512
221704257878718,12846,ZCTA5 12846,139182436,3107866,G6350,B5,S,280903717077040,3640651,Lake Luzerne CDP,10797412,1330354,G4210,U1,S,10797412,1330354
221704257878723,12847,ZCTA5 12847,1167395748,98622615,G6350,B5,S,NA,NA,NA,NA,NA,NA,NA,NA,1143184975,92277261
221704257878723,12847,ZCTA5 12847,1167395748,98622615,G6350,B5,S,280903926956851,3643401,Long Lake CDP,24210773,6345354,G4210,U1,S,24210773,6345354
221704257878724,12849,ZCTA5 12849,6748128,28971,G6350,B5,S,NA,NA,NA,NA,NA,NA,NA,NA,6748128,28971
221704257878726,12850,ZCTA5 12850,105458361,996006,G6350,B5,S,NA,NA,NA,NA,NA,NA,NA,NA,105458361,996006
221704257878729,12851,ZCTA5 12851,221643452,5088442,G6350,B5,S,NA,NA,NA,NA,NA,NA,NA,NA,221643452,5088442
221704257878736,12852,ZCTA5 12852,512694484,15584505,G6350,B5,S,NA,NA,NA,NA,NA,NA,NA,NA,512694484,15584505
221704257878740,12853,ZCTA5 12853,206971974,3420472,G6350,B5,S,NA,NA,NA,NA,NA,NA,NA,NA,202370480,3269538
221704257878740,12853,ZCTA5 12853,206971974,3420472,G6350,B5,S,280903938920840,3651847,North Creek CDP,4553783,150934,G4210,U1,S,4553783,150934
221704257878740,12853,ZCTA5 12853,206971974,3420472,G6350,B5,S,280903938858144,3659619,Pottersville CDP,5901979,122821,G4210,U1,S,47711,0
2217026265990911,12854,ZCTA5 12854,269369,0,G6350,B5,S,NA,NA,NA,NA,NA,NA,NA,NA,269369,0
221704257878742,12855,ZCTA5 12855,464905946,8232925,G6350,B5,S,NA,NA,NA,NA,NA,NA,NA,NA,464905946,8232925
221704257878743,12856,ZCTA5 12856,166332469,2777920,G6350,B5,S,NA,NA,NA,NA,NA,NA,NA,NA,166332469,2777920
221704257878745,12857,ZCTA5 12857,177109470,2710794,G6350,B5,S,NA,NA,NA,NA,NA,NA,NA,NA,177109470,2710794
221704257878746,12858,ZCTA5 12858,44517957,5462838,G6350,B5,S,NA,NA,NA,NA,NA,NA,NA,NA,44517957,5462838
221704257878747,12859,ZCTA5 12859,51542184,141582,G6350,B5,S,NA,NA,NA,NA,NA,NA,NA,NA,51542184,141582
221704257878748,12860,ZCTA5 12860,30159863,555306,G6350,B5,S,NA,NA,NA,NA,NA,NA,NA,NA,24305595,432485
221704257878748,12860,ZCTA5 12860,30159863,555306,G6350,B5,S,280903938858144,3659619,Pottersville CDP,5901979,122821,G4210,U1,S,5854268,122821
221704257878749,12861,ZCTA5 12861,83066092,6804325,G6350,B5,S,NA,NA,NA,NA,NA,NA,NA,NA,83066092,6804325
221704257878750,12862,ZCTA5 12862,27618319,1684297,G6350,B5,S,NA,NA,NA,NA,NA,NA,NA,NA,27618319,1684297
221704257878751,12863,ZCTA5 12863,9852434,0,G6350,B5,S,NA,NA,NA,NA,NA,NA,NA,NA,9852434,0
221704257878752,12864,ZCTA5 12864,546523,0,G6350,B5,S,NA,NA,NA,NA,NA,NA,NA,NA,546523,0
221704257878758,12865,ZCTA5 12865,187167163,867417,G6350,B5,S,NA,NA,NA,NA,NA,NA,NA,NA,179569554,867417
221704257878758,12865,ZCTA5 12865,187167163,867417,G6350,B5,S,280906047959893,3664771,Salem CDP,7597609,0,G4210,U1,S,7597609,0
221704257878805,12866,ZCTA5 12866,166583816,18237287,G6350,B5,S,NA,NA,NA,NA,NA,NA,NA,NA,98417119,16166683
221704257878805,12866,ZCTA5 12866,166583816,18237287,G6350,B5,S,27890724566439,3665255,Saratoga Springs city,72687552,2091297,G4110,C5,A,68166697,2070604
221704257878810,12870,ZCTA5 12870,254958980,16292240,G6350,B5,S,NA,NA,NA,NA,NA,NA,NA,NA,247483863,14222812
221704257878810,12870,ZCTA5 12870,254958980,16292240,G6350,B5,S,280903938771050,3665640,Schroon Lake CDP,7475117,2069428,G4210,U1,S,7475117,2069428
221704257878811,12871,ZCTA5 12871,72318140,2199774,G6350,B5,S,NA,NA,NA,NA,NA,NA,NA,NA,70411623,2058877
221704257878811,12871,ZCTA5 12871,72318140,2199774,G6350,B5,S,27890724566440,3665750,Schuylerville village,1380507,140897,G4110,C1,A,1380507,140897
221704257878811,12871,ZCTA5 12871,72318140,2199774,G6350,B5,S,27890724566443,3677431,Victory village,1361018,0,G4110,C1,A,526010,0
221704257878812,12872,ZCTA5 12872,2801642,0,G6350,B5,S,NA,NA,NA,NA,NA,NA,NA,NA,2801642,0
221704257878813,12873,ZCTA5 12873,54711703,569,G6350,B5,S,NA,NA,NA,NA,NA,NA,NA,NA,54711703,569
221704257878814,12874,ZCTA5 12874,55052032,796414,G6350,B5,S,NA,NA,NA,NA,NA,NA,NA,NA,55052032,796414
221704257878815,12878,ZCTA5 12878,278716852,2829045,G6350,B5,S,NA,NA,NA,NA,NA,NA,NA,NA,278716852,2829045
221704257878820,12883,ZCTA5 12883,219083666,8050919,G6350,B5,S,NA,NA,NA,NA,NA,NA,NA,NA,208018492,7846664
221704257878820,12883,ZCTA5 12883,219083666,8050919,G6350,B5,S,280901954938834,3673880,Ticonderoga CDP,11065174,204255,G4210,U1,S,11065174,204255
221704257878821,12884,ZCTA5 12884,1148043,0,G6350,B5,S,NA,NA,NA,NA,NA,NA,NA,NA,313035,0
221704257878821,12884,ZCTA5 12884,1148043,0,G6350,B5,S,27890724566443,3677431,Victory village,1361018,0,G4110,C1,A,835008,0
221704257878826,12885,ZCTA5 12885,207984032,5285264,G6350,B5,S,NA,NA,NA,NA,NA,NA,NA,NA,191388530,4759319
221704257878826,12885,ZCTA5 12885,207984032,5285264,G6350,B5,S,28090723295624,3678289,Warrensburg CDP,17497428,525945,G4210,U1,S,16595502,525945
221704257878828,12886,ZCTA5 12886,12393233,80938,G6350,B5,S,NA,NA,NA,NA,NA,NA,NA,NA,12393233,80938
221704257878838,12887,ZCTA5 12887,232314596,8803970,G6350,B5,S,NA,NA,NA,NA,NA,NA,NA,NA,217611613,5821339
221704257878838,12887,ZCTA5 12887,232314596,8803970,G6350,B5,S,2809015922366092,3652067,North Granville CDP,2695864,0,G4210,U1,S,96858,0
221704257878838,12887,ZCTA5 12887,232314596,8803970,G6350,B5,S,27890741733489,3681622,Whitehall village,14606125,2982631,G4110,C1,A,14606125,2982631
221704257878864,12901,ZCTA5 12901,182859469,1935628,G6350,B5,S,NA,NA,NA,NA,NA,NA,NA,NA,153861587,1150228
221704257878864,12901,ZCTA5 12901,182859469,1935628,G6350,B5,S,28090290609056,3619408,Cumberland Head CDP,9996648,0,G4210,U1,S,9996648,0
221704257878864,12901,ZCTA5 12901,182859469,1935628,G6350,B5,S,28090290609061,3648538,Morrisonville CDP,8706784,342264,G4210,U1,S,889046,41784
221704257878864,12901,ZCTA5 12901,182859469,1935628,G6350,B5,S,28090290609062,3656291,Parc CDP,3189047,0,G4210,U1,S,1925596,0
221704257878864,12901,ZCTA5 12901,182859469,1935628,G6350,B5,S,27890290609064,3658574,Plattsburgh city,13049718,4028894,G4110,C5,A,11278995,601290
221704257878864,12901,ZCTA5 12901,182859469,1935628,G6350,B5,S,28090290609065,3658601,Plattsburgh West CDP,4907597,142326,G4210,U2,S,4907597,142326
221704257878866,12903,ZCTA5 12903,10975078,0,G6350,B5,S,NA,NA,NA,NA,NA,NA,NA,NA,7940904,0
221704257878866,12903,ZCTA5 12903,10975078,0,G6350,B5,S,28090290609062,3656291,Parc CDP,3189047,0,G4210,U1,S,1263451,0
221704257878866,12903,ZCTA5 12903,10975078,0,G6350,B5,S,27890290609064,3658574,Plattsburgh city,13049718,4028894,G4110,C5,A,1770723,0
221704257878868,12910,ZCTA5 12910,168166961,864857,G6350,B5,S,NA,NA,NA,NA,NA,NA,NA,NA,163739940,864857
221704257878868,12910,ZCTA5 12910,168166961,864857,G6350,B5,S,28090290609053,3601572,Altona CDP,4427021,0,G4210,U1,S,4427021,0
221704257878869,12911,ZCTA5 12911,4060046,122777,G6350,B5,S,NA,NA,NA,NA,NA,NA,NA,NA,4060046,122777
221704257878875,12912,ZCTA5 12912,247954177,10776718,G6350,B5,S,NA,NA,NA,NA,NA,NA,NA,NA,241535937,10658167
221704257878875,12912,ZCTA5 12912,247954177,10776718,G6350,B5,S,28090290609054,3603254,Au Sable Forks CDP,6418240,118551,G4210,U1,S,6418240,118551
221704257878877,12913,ZCTA5 12913,79044121,5785186,G6350,B5,S,NA,NA,NA,NA,NA,NA,NA,NA,79044121,5785186
221704257878878,12914,ZCTA5 12914,78284512,397419,G6350,B5,S,NA,NA,NA,NA,NA,NA,NA,NA,42798819,0
221704257878878,12914,ZCTA5 12914,78284512,397419,G6350,B5,S,2809015773719891,3600457,Akwesasne CDP,107775986,8295731,G4210,U2,S,32514593,397419
221704257878878,12914,ZCTA5 12914,78284512,397419,G6350,B5,S,280903717077039,3626726,Fort Covington CDP,50120094,26601,G4210,U1,S,2971100,0
2217026265990939,12915,ZCTA5 12915,429758,0,G6350,B5,S,NA,NA,NA,NA,NA,NA,NA,NA,429758,0
221704257878881,12916,ZCTA5 12916,106327894,35657,G6350,B5,S,NA,NA,NA,NA,NA,NA,NA,NA,105612035,35657
221704257878881,12916,ZCTA5 12916,106327894,35657,G6350,B5,S,27890736026240,3610286,Brushton village,715859,0,G4110,C1,A,715859,0
221704257878885,12917,ZCTA5 12917,116739676,0,G6350,B5,S,NA,NA,NA,NA,NA,NA,NA,NA,115985044,0
221704257878885,12917,ZCTA5 12917,116739676,0,G6350,B5,S,27890736026243,3611154,Burke village,754632,0,G4110,C1,A,754632,0
221704257878888,12918,ZCTA5 12918,110144087,989014,G6350,B5,S,NA,NA,NA,NA,NA,NA,NA,NA,107321360,683310
221704257878888,12918,ZCTA5 12918,110144087,989014,G6350,B5,S,2809015682487436,3611616,Cadyville CDP,2811580,305704,G4210,U1,S,2811580,305704
221704257878888,12918,ZCTA5 12918,110144087,989014,G6350,B5,S,27890290609057,3619642,Dannemora village,3127197,0,G4110,C1,A,11147,0
221704257878889,12919,ZCTA5 12919,96896912,1001917,G6350,B5,S,NA,NA,NA,NA,NA,NA,NA,NA,93122428,907239
221704257878889,12919,ZCTA5 12919,96896912,1001917,G6350,B5,S,27890290609055,3613739,Champlain village,3774484,94678,G4110,C1,A,3774484,94678
221704257878890,12920,ZCTA5 12920,206551320,2915530,G6350,B5,S,NA,NA,NA,NA,NA,NA,NA,NA,203745401,2915530
221704257878890,12920,ZCTA5 12920,206551320,2915530,G6350,B5,S,27890736026244,3613981,Chateaugay village,2805919,0,G4110,C1,A,2805919,0
221704257878892,12921,ZCTA5 12921,82158523,347807,G6350,B5,S,NA,NA,NA,NA,NA,NA,NA,NA,77767537,301585
221704257878892,12921,ZCTA5 12921,82158523,347807,G6350,B5,S,280903938691398,3614102,Chazy CDP,4390986,46222,G4210,U1,S,4390986,46222
221704257878893,12922,ZCTA5 12922,215947773,3001544,G6350,B5,S,NA,NA,NA,NA,NA,NA,NA,NA,215947773,3001544
221704257878895,12923,ZCTA5 12923,110407095,0,G6350,B5,S,NA,NA,NA,NA,NA,NA,NA,NA,110407095,0
221704257878896,12924,ZCTA5 12924,7343615,196491,G6350,B5,S,NA,NA,NA,NA,NA,NA,NA,NA,7343615,196491
221704257878897,12926,ZCTA5 12926,122656924,31327,G6350,B5,S,NA,NA,NA,NA,NA,NA,NA,NA,122656924,31327
221704257878900,12927,ZCTA5 12927,298712545,34370652,G6350,B5,S,NA,NA,NA,NA,NA,NA,NA,NA,249461602,33747054
221704257878900,12927,ZCTA5 12927,298712545,34370652,G6350,B5,S,280903775374074,3618817,Cranberry Lake CDP,50305058,751023,G4210,U1,S,49250943,623598
221704257878902,12928,ZCTA5 12928,188034201,2259537,G6350,B5,S,NA,NA,NA,NA,NA,NA,NA,NA,188034201,2259537
221704257878903,12929,ZCTA5 12929,3227446,0,G6350,B5,S,NA,NA,NA,NA,NA,NA,NA,NA,111396,0
221704257878903,12929,ZCTA5 12929,3227446,0,G6350,B5,S,27890290609057,3619642,Dannemora village,3127197,0,G4110,C1,A,3116050,0
221704257878904,12930,ZCTA5 12930,92880487,195597,G6350,B5,S,NA,NA,NA,NA,NA,NA,NA,NA,92880487,195597
221704257878905,12932,ZCTA5 12932,181829393,2141677,G6350,B5,S,NA,NA,NA,NA,NA,NA,NA,NA,173268783,2130562
221704257878905,12932,ZCTA5 12932,181829393,2141677,G6350,B5,S,280903926956548,3623822,Elizabethtown CDP,8560610,11115,G4210,U1,S,8560610,11115
221704257878906,12933,ZCTA5 12933,70856,0,G6350,B5,S,NA,NA,NA,NA,NA,NA,NA,NA,70856,0
221704257878907,12934,ZCTA5 12934,180944134,54712,G6350,B5,S,NA,NA,NA,NA,NA,NA,NA,NA,180944134,54712
221704257878910,12935,ZCTA5 12935,255671581,9153704,G6350,B5,S,NA,NA,NA,NA,NA,NA,NA,NA,255591214,9153704
221704257878910,12935,ZCTA5 12935,255671581,9153704,G6350,B5,S,28090290609059,3643951,Lyon Mountain CDP,27229575,15579,G4210,U1,S,80367,0
221704257878913,12936,ZCTA5 12936,105806441,269178,G6350,B5,S,NA,NA,NA,NA,NA,NA,NA,NA,105806441,269178
221704257878914,12937,ZCTA5 12937,89157031,35408,G6350,B5,S,NA,NA,NA,NA,NA,NA,NA,NA,42008037,8807
221704257878914,12937,ZCTA5 12937,89157031,35408,G6350,B5,S,280903717077039,3626726,Fort Covington CDP,50120094,26601,G4210,U1,S,47148994,26601
221704257878915,12939,ZCTA5 12939,16552108,57867,G6350,B5,S,NA,NA,NA,NA,NA,NA,NA,NA,16552108,57867
221704257878916,12941,ZCTA5 12941,90954581,440395,G6350,B5,S,NA,NA,NA,NA,NA,NA,NA,NA,90954581,440395
221704257878917,12942,ZCTA5 12942,135590089,43493,G6350,B5,S,NA,NA,NA,NA,NA,NA,NA,NA,135590089,43493
221704257878918,12943,ZCTA5 12943,267242853,1707563,G6350,B5,S,NA,NA,NA,NA,NA,NA,NA,NA,267242853,1707563
221704257878920,12944,ZCTA5 12944,235619943,4754375,G6350,B5,S,NA,NA,NA,NA,NA,NA,NA,NA,220027749,4466941
221704257878920,12944,ZCTA5 12944,235619943,4754375,G6350,B5,S,280906048654662,3639089,Keeseville CDP,15592194,287434,G4210,U1,S,15592194,287434
221704257878921,12945,ZCTA5 12945,87568392,19561264,G6350,B5,S,NA,NA,NA,NA,NA,NA,NA,NA,87568392,19561264
221704257878929,12946,ZCTA5 12946,355269804,10633869,G6350,B5,S,NA,NA,NA,NA,NA,NA,NA,NA,351744306,10187416
221704257878929,12946,ZCTA5 12946,355269804,10633869,G6350,B5,S,27890719214759,3640761,Lake Placid village,3525498,446453,G4110,C1,A,3525498,446453
221704257878930,12950,ZCTA5 12950,133718360,507272,G6350,B5,S,NA,NA,NA,NA,NA,NA,NA,NA,133718360,507272
221704257878933,12952,ZCTA5 12952,75961060,9348725,G6350,B5,S,NA,NA,NA,NA,NA,NA,NA,NA,51713930,9348725
221704257878933,12952,ZCTA5 12952,75961060,9348725,G6350,B5,S,28090290609059,3643951,Lyon Mountain CDP,27229575,15579,G4210,U1,S,24247130,0
221704257878949,12953,ZCTA5 12953,550823565,11236310,G6350,B5,S,NA,NA,NA,NA,NA,NA,NA,NA,542744616,11065468
221704257878949,12953,ZCTA5 12953,550823565,11236310,G6350,B5,S,27890736026245,3644710,Malone village,8078949,170842,G4110,C1,A,8078949,170842
221704257878950,12955,ZCTA5 12955,61145906,1183628,G6350,B5,S,NA,NA,NA,NA,NA,NA,NA,NA,58243828,1168049
221704257878950,12955,ZCTA5 12955,61145906,1183628,G6350,B5,S,28090290609059,3643951,Lyon Mountain CDP,27229575,15579,G4210,U1,S,2902078,15579
221704257878951,12956,ZCTA5 12956,24438364,475627,G6350,B5,S,NA,NA,NA,NA,NA,NA,NA,NA,16879858,431217
221704257878951,12956,ZCTA5 12956,24438364,475627,G6350,B5,S,28090719209812,3647702,Mineville CDP,9588287,44410,G4210,U1,S,7558506,44410
221704257878953,12957,ZCTA5 12957,91622655,0,G6350,B5,S,NA,NA,NA,NA,NA,NA,NA,NA,91622655,0
221704257878954,12958,ZCTA5 12958,91623965,418926,G6350,B5,S,NA,NA,NA,NA,NA,NA,NA,NA,88480749,313740
221704257878954,12958,ZCTA5 12958,91623965,418926,G6350,B5,S,28090290609060,3648241,Mooers CDP,3143216,105186,G4210,U1,S,3143216,105186
221704257878955,12959,ZCTA5 12959,110380391,328968,G6350,B5,S,NA,NA,NA,NA,NA,NA,NA,NA,110380391,328968
221704257878956,12960,ZCTA5 12960,63543556,536232,G6350,B5,S,NA,NA,NA,NA,NA,NA,NA,NA,63543556,536232
221704257878957,12961,ZCTA5 12961,39143195,542699,G6350,B5,S,NA,NA,NA,NA,NA,NA,NA,NA,39143195,542699
221704257878958,12962,ZCTA5 12962,99159719,1114954,G6350,B5,S,NA,NA,NA,NA,NA,NA,NA,NA,91341981,814474
221704257878958,12962,ZCTA5 12962,99159719,1114954,G6350,B5,S,28090290609061,3648538,Morrisonville CDP,8706784,342264,G4210,U1,S,7817738,300480
221704257878959,12964,ZCTA5 12964,82814236,1821116,G6350,B5,S,NA,NA,NA,NA,NA,NA,NA,NA,82814236,1821116
221704257878960,12965,ZCTA5 12965,24120179,0,G6350,B5,S,NA,NA,NA,NA,NA,NA,NA,NA,24120179,0
221704257878963,12966,ZCTA5 12966,218786984,174302,G6350,B5,S,NA,NA,NA,NA,NA,NA,NA,NA,218786984,174302
221704257878965,12967,ZCTA5 12967,86663025,83171,G6350,B5,S,NA,NA,NA,NA,NA,NA,NA,NA,86663025,83171
221704257878967,12969,ZCTA5 12969,287460666,5138226,G6350,B5,S,NA,NA,NA,NA,NA,NA,NA,NA,287460666,5138226
221704257878970,12970,ZCTA5 12970,282351315,19630447,G6350,B5,S,NA,NA,NA,NA,NA,NA,NA,NA,281684556,19280266
221704257878970,12970,ZCTA5 12970,282351315,19630447,G6350,B5,S,280903938753347,3656770,Paul Smiths CDP,666759,350181,G4210,U1,S,666759,350181
221704257878978,12972,ZCTA5 12972,197431593,1577766,G6350,B5,S,NA,NA,NA,NA,NA,NA,NA,NA,192449647,1577766
221704257878978,12972,ZCTA5 12972,197431593,1577766,G6350,B5,S,28090290609063,3657364,Peru CDP,4981946,0,G4210,U1,S,4981946,0
221704257878981,12973,ZCTA5 12973,78359670,1453328,G6350,B5,S,NA,NA,NA,NA,NA,NA,NA,NA,78359670,1453328
221704257878982,12974,ZCTA5 12974,17621711,7582,G6350,B5,S,NA,NA,NA,NA,NA,NA,NA,NA,14019685,1517
221704257878982,12974,ZCTA5 12974,17621711,7582,G6350,B5,S,280907063857814,3659333,Port Henry CDP,3602026,876201,G4210,U1,S,3602026,6065
221704257878983,12975,ZCTA5 12975,7681564,0,G6350,B5,S,NA,NA,NA,NA,NA,NA,NA,NA,7681564,0
221704257878984,12976,ZCTA5 12976,72196952,2907043,G6350,B5,S,NA,NA,NA,NA,NA,NA,NA,NA,72196952,2907043
221704257878985,12977,ZCTA5 12977,3220545,42122,G6350,B5,S,NA,NA,NA,NA,NA,NA,NA,NA,3220545,42122
221704257878986,12978,ZCTA5 12978,2837499,35586,G6350,B5,S,NA,NA,NA,NA,NA,NA,NA,NA,1178128,0
221704257878986,12978,ZCTA5 12978,2837499,35586,G6350,B5,S,28090290609066,3660884,Redford CDP,3484872,186067,G4210,U1,S,1659371,35586
221704257878989,12979,ZCTA5 12979,10764531,0,G6350,B5,S,NA,NA,NA,NA,NA,NA,NA,NA,6261295,0
221704257878989,12979,ZCTA5 12979,10764531,0,G6350,B5,S,27890290609067,3663979,Rouses Point village,4531538,1865453,G4110,C1,A,4503236,0
221704257879001,12980,ZCTA5 12980,635179181,6493423,G6350,B5,S,NA,NA,NA,NA,NA,NA,NA,NA,631833678,6493423
221704257879001,12980,ZCTA5 12980,635179181,6493423,G6350,B5,S,280903926955661,3664716,St. Regis Falls CDP,3345503,0,G4210,U1,S,3345503,0
221704257879003,12981,ZCTA5 12981,302606849,2071164,G6350,B5,S,NA,NA,NA,NA,NA,NA,NA,NA,300781348,1920683
221704257879003,12981,ZCTA5 12981,302606849,2071164,G6350,B5,S,28090290609066,3660884,Redford CDP,3484872,186067,G4210,U1,S,1825501,150481
221704257879008,12983,ZCTA5 12983,299826581,37531504,G6350,B5,S,NA,NA,NA,NA,NA,NA,NA,NA,292287301,36888888
221704257879008,12983,ZCTA5 12983,299826581,37531504,G6350,B5,S,27890719214762,3665233,Saranac Lake village,7539280,642616,G4110,C1,A,7539280,642616
221704257879011,12985,ZCTA5 12985,132063271,564575,G6350,B5,S,NA,NA,NA,NA,NA,NA,NA,NA,132063271,564575
221704257879020,12986,ZCTA5 12986,742152849,72471729,G6350,B5,S,NA,NA,NA,NA,NA,NA,NA,NA,736736433,72357818
221704257879020,12986,ZCTA5 12986,742152849,72471729,G6350,B5,S,27890736026246,3675671,Tupper Lake village,5416416,113911,G4110,C1,A,5416416,113911
221704257879021,12987,ZCTA5 12987,26701589,38405,G6350,B5,S,NA,NA,NA,NA,NA,NA,NA,NA,26701589,38405
221704257879024,12989,ZCTA5 12989,371140685,8157726,G6350,B5,S,NA,NA,NA,NA,NA,NA,NA,NA,371140685,8157726
221704257879027,12992,ZCTA5 12992,170300224,389767,G6350,B5,S,NA,NA,NA,NA,NA,NA,NA,NA,165437724,389767
221704257879027,12992,ZCTA5 12992,170300224,389767,G6350,B5,S,280903938729466,3679543,West Chazy CDP,4862500,0,G4210,U1,S,4862500,0
221704257879030,12993,ZCTA5 12993,167409306,589707,G6350,B5,S,NA,NA,NA,NA,NA,NA,NA,NA,161288189,589707
221704257879030,12993,ZCTA5 12993,167409306,589707,G6350,B5,S,280901954949968,3680764,Westport CDP,6121117,3302292,G4210,U1,S,6121117,0
221704257879032,12996,ZCTA5 12996,99222772,2150726,G6350,B5,S,NA,NA,NA,NA,NA,NA,NA,NA,87063395,1779901
221704257879032,12996,ZCTA5 12996,99222772,2150726,G6350,B5,S,280903926956605,3682260,Willsboro CDP,4953266,114803,G4210,U1,S,4953266,114803
221704257879032,12996,ZCTA5 12996,99222772,2150726,G6350,B5,S,2809015922372175,3682282,Willsboro Point CDP,7206111,9349927,G4210,U1,S,7206111,256022
221704257879033,12997,ZCTA5 12997,168929649,643985,G6350,B5,S,NA,NA,NA,NA,NA,NA,NA,NA,147597672,374672
221704257879033,12997,ZCTA5 12997,168929649,643985,G6350,B5,S,280903926956695,3682304,Wilmington CDP,21331977,269313,G4210,U1,S,21331977,269313
221704257879035,12998,ZCTA5 12998,19288867,147461,G6350,B5,S,NA,NA,NA,NA,NA,NA,NA,NA,14723047,147461
221704257879035,12998,ZCTA5 12998,19288867,147461,G6350,B5,S,28090719209812,3647702,Mineville CDP,9588287,44410,G4210,U1,S,2029781,0
221704257879035,12998,ZCTA5 12998,19288867,147461,G6350,B5,S,280903716512936,3682656,Witherbee CDP,2536039,0,G4210,U1,S,2536039,0
221704257879036,13020,ZCTA5 13020,1211234,0,G6350,B5,S,NA,NA,NA,NA,NA,NA,NA,NA,1211234,0
221704257879052,13021,ZCTA5 13021,308682308,25944682,G6350,B5,S,NA,NA,NA,NA,NA,NA,NA,NA,277536825,24235095
221704257879052,13021,ZCTA5 13021,308682308,25944682,G6350,B5,S,27890708087596,3603078,Auburn city,21588471,195995,G4110,C5,A,21480894,195995
221704257879052,13021,ZCTA5 13021,308682308,25944682,G6350,B5,S,28090708087595,3646503,Melrose Park CDP,9664589,1513592,G4210,U1,S,9664589,1513592
221704257879053,13024,ZCTA5 13024,107577,0,G6350,B5,S,27890708087596,3603078,Auburn city,21588471,195995,G4110,C5,A,107577,0
221704257879056,13026,ZCTA5 13026,67947609,39922,G6350,B5,S,NA,NA,NA,NA,NA,NA,NA,NA,65567209,39845
221704257879056,13026,ZCTA5 13026,67947609,39922,G6350,B5,S,27890708087597,3603188,Aurora village,2380400,77,G4110,C1,A,2380400,77
221704257879066,13027,ZCTA5 13027,173451014,5947173,G6350,B5,S,NA,NA,NA,NA,NA,NA,NA,NA,150077164,5163647
221704257879066,13027,ZCTA5 13027,173451014,5947173,G6350,B5,S,278901392190537,3604198,Baldwinsville village,8261134,452257,G4110,C1,A,8261134,452257
221704257879066,13027,ZCTA5 13027,173451014,5947173,G6350,B5,S,2809015922650823,3660455,Radisson CDP,11703018,310807,G4210,U1,S,11703018,310807
221704257879066,13027,ZCTA5 13027,173451014,5947173,G6350,B5,S,280901392190534,3666366,Seneca Knolls CDP,3282781,0,G4210,U1,S,467372,0
221704257879066,13027,ZCTA5 13027,173451014,5947173,G6350,B5,S,280901392190535,3677513,Village Green CDP,2988671,20462,G4210,U1,S,2942326,20462
221704257879067,13028,ZCTA5 13028,43818862,298260,G6350,B5,S,NA,NA,NA,NA,NA,NA,NA,NA,43758984,298260
221704257879067,13028,ZCTA5 13028,43818862,298260,G6350,B5,S,28090695087994,3617893,Constantia CDP,7850761,17915,G4210,U1,S,59878,0
221704257879071,13029,ZCTA5 13029,45693146,877098,G6350,B5,S,NA,NA,NA,NA,NA,NA,NA,NA,40263801,782965
221704257879071,13029,ZCTA5 13029,45693146,877098,G6350,B5,S,28090695087993,3608059,Brewerton CDP,8199201,436561,G4210,U1,S,5429345,94133
221704257879074,13030,ZCTA5 13030,29218320,227747,G6350,B5,S,NA,NA,NA,NA,NA,NA,NA,NA,25130225,196036
221704257879074,13030,ZCTA5 13030,29218320,227747,G6350,B5,S,28090737069690,3608147,Bridgeport CDP,4991426,39203,G4210,U1,S,4088095,31711
221704257879077,13031,ZCTA5 13031,62961321,25879,G6350,B5,S,NA,NA,NA,NA,NA,NA,NA,NA,58446176,25879
221704257879077,13031,ZCTA5 13031,62961321,25879,G6350,B5,S,278901392190538,3611902,Camillus village,1050759,0,G4110,C1,A,1050759,0
221704257879077,13031,ZCTA5 13031,62961321,25879,G6350,B5,S,280901392190528,3625043,Fairmount CDP,8714955,0,G4210,U1,S,3463074,0
221704257879077,13031,ZCTA5 13031,62961321,25879,G6350,B5,S,280901392190536,3681127,Westvale CDP,3493179,0,G4210,U1,S,1312,0
221704257879085,13032,ZCTA5 13032,213784156,266429,G6350,B5,S,NA,NA,NA,NA,NA,NA,NA,NA,197947341,236489
221704257879085,13032,ZCTA5 13032,213784156,266429,G6350,B5,S,27890737072428,3612188,Canastota village,8649529,11227,G4110,C1,A,8649529,11227
221704257879085,13032,ZCTA5 13032,213784156,266429,G6350,B5,S,27890737072437,3654837,Oneida city,57115754,211866,G4110,C5,A,5476191,0
221704257879085,13032,ZCTA5 13032,213784156,266429,G6350,B5,S,27890737072438,3678113,Wampsville village,2652795,18713,G4110,C1,A,1711095,18713
221704257879089,13033,ZCTA5 13033,158530108,1120930,G6350,B5,S,NA,NA,NA,NA,NA,NA,NA,NA,154271121,1056771
221704257879089,13033,ZCTA5 13033,158530108,1120930,G6350,B5,S,27890708087598,3612958,Cato village,2560232,64159,G4110,C1,A,2560232,64159
221704257879089,13033,ZCTA5 13033,158530108,1120930,G6350,B5,S,27890708087601,3646646,Meridian village,1789035,0,G4110,C1,A,1698755,0
221704257879094,13034,ZCTA5 13034,63410099,2453879,G6350,B5,S,NA,NA,NA,NA,NA,NA,NA,NA,61038755,1255191
221704257879094,13034,ZCTA5 13034,63410099,2453879,G6350,B5,S,27890708087599,3613068,Cayuga village,2340872,1195533,G4110,C1,A,2340872,1195533
221704257879094,13034,ZCTA5 13034,63410099,2453879,G6350,B5,S,27890708087604,3676155,Union Springs village,4527894,37998,G4110,C1,A,30472,3155
221704257879098,13035,ZCTA5 13035,194720110,5066155,G6350,B5,S,NA,NA,NA,NA,NA,NA,NA,NA,189831911,5066155
221704257879098,13035,ZCTA5 13035,194720110,5066155,G6350,B5,S,27890737072429,3613145,Cazenovia village,4888199,0,G4110,C1,A,4888199,0
221704257879101,13036,ZCTA5 13036,119385324,1288001,G6350,B5,S,NA,NA,NA,NA,NA,NA,NA,NA,111678313,945573
221704257879101,13036,ZCTA5 13036,119385324,1288001,G6350,B5,S,28090695087993,3608059,Brewerton CDP,8199201,436561,G4210,U1,S,2769856,342428
221704257879101,13036,ZCTA5 13036,119385324,1288001,G6350,B5,S,27890695088002,3613585,Central Square village,4937155,0,G4110,C1,A,4937155,0
221704257879102,13037,ZCTA5 13037,110129312,360103,G6350,B5,S,NA,NA,NA,NA,NA,NA,NA,NA,103694960,360103
221704257879102,13037,ZCTA5 13037,110129312,360103,G6350,B5,S,27890737072430,3615561,Chittenango village,6434352,0,G4110,C1,A,6434352,0
221704257879106,13039,ZCTA5 13039,61024673,18438,G6350,B5,S,NA,NA,NA,NA,NA,NA,NA,NA,61024673,18438
221704257879111,13040,ZCTA5 13040,258420323,1376071,G6350,B5,S,NA,NA,NA,NA,NA,NA,NA,NA,258420323,1376071
221704257879116,13041,ZCTA5 13041,46807086,1169262,G6350,B5,S,NA,NA,NA,NA,NA,NA,NA,NA,46807086,1169262
221704257879118,13042,ZCTA5 13042,88946606,700334,G6350,B5,S,NA,NA,NA,NA,NA,NA,NA,NA,86016226,687826
221704257879118,13042,ZCTA5 13042,88946606,700334,G6350,B5,S,27890695088003,3616188,Cleveland village,2930380,241687,G4110,C1,A,2930380,12508
221704257879122,13044,ZCTA5 13044,77899959,734246,G6350,B5,S,NA,NA,NA,NA,NA,NA,NA,NA,70314149,716331
221704257879122,13044,ZCTA5 13044,77899959,734246,G6350,B5,S,28090695087994,3617893,Constantia CDP,7850761,17915,G4210,U1,S,7585810,17915
221704257879131,13045,ZCTA5 13045,279334353,875277,G6350,B5,S,NA,NA,NA,NA,NA,NA,NA,NA,241892213,798616
221704257879131,13045,ZCTA5 13045,279334353,875277,G6350,B5,S,280903926956196,3606937,Blodgett Mills CDP,5630685,0,G4210,U1,S,4990985,0
221704257879131,13045,ZCTA5 13045,279334353,875277,G6350,B5,S,27890722549864,3618388,Cortland city,10085376,51890,G4110,C5,A,10085376,51890
221704257879131,13045,ZCTA5 13045,279334353,875277,G6350,B5,S,28090722549861,3618443,Cortland West CDP,13378790,0,G4210,U2,S,13378790,0
221704257879131,13045,ZCTA5 13045,279334353,875277,G6350,B5,S,27890722549865,3635276,Homer village,4986794,32383,G4110,C1,A,864801,0
221704257879131,13045,ZCTA5 13045,279334353,875277,G6350,B5,S,2809015682381965,3644358,McLean CDP,599627,8429,G4210,U1,S,67048,0
221704257879131,13045,ZCTA5 13045,279334353,875277,G6350,B5,S,28090722549863,3649242,Munsons Corners CDP,5740060,24771,G4210,U1,S,5740060,24771
221704257879131,13045,ZCTA5 13045,279334353,875277,G6350,B5,S,280905048341140,3677585,Virgil CDP,2315080,0,G4210,U1,S,2315080,0
221704257879132,13051,ZCTA5 13051,951162,0,G6350,B5,S,NA,NA,NA,NA,NA,NA,NA,NA,951162,0
221704257879135,13052,ZCTA5 13052,153759087,2384761,G6350,B5,S,NA,NA,NA,NA,NA,NA,NA,NA,152803728,2384761
221704257879135,13052,ZCTA5 13052,153759087,2384761,G6350,B5,S,27890737072431,3620390,DeRuyter village,955359,0,G4110,C1,A,955359,0
221704257879138,13053,ZCTA5 13053,90151180,634545,G6350,B5,S,NA,NA,NA,NA,NA,NA,NA,NA,85602340,599536
221704257879138,13053,ZCTA5 13053,90151180,634545,G6350,B5,S,27890699381621,3620951,Dryden village,4548840,35009,G4110,C1,A,4548840,35009
221704257879139,13054,ZCTA5 13054,60005230,322225,G6350,B5,S,NA,NA,NA,NA,NA,NA,NA,NA,56519384,322225
221704257879139,13054,ZCTA5 13054,60005230,322225,G6350,B5,S,280903939148954,3621226,Durhamville CDP,3553714,0,G4210,U1,S,3485846,0
221704257879144,13057,ZCTA5 13057,71748677,534339,G6350,B5,S,NA,NA,NA,NA,NA,NA,NA,NA,66369822,534339
221704257879144,13057,ZCTA5 13057,71748677,534339,G6350,B5,S,2809015922351889,3620467,De Witt CDP,16798195,47513,G4210,U2,S,1127922,0
221704257879144,13057,ZCTA5 13057,71748677,534339,G6350,B5,S,278901392190539,3623052,East Syracuse village,4039633,0,G4110,C1,A,4039633,0
221704257879144,13057,ZCTA5 13057,71748677,534339,G6350,B5,S,278901392190547,3647757,Minoa village,3421226,0,G4110,C1,A,211300,0
221704257879145,13060,ZCTA5 13060,41849281,46324,G6350,B5,S,NA,NA,NA,NA,NA,NA,NA,NA,39273921,46324
221704257879145,13060,ZCTA5 13060,41849281,46324,G6350,B5,S,278901392190540,3623789,Elbridge village,2575360,0,G4110,C1,A,2575360,0
221704257879146,13061,ZCTA5 13061,69968024,2672183,G6350,B5,S,NA,NA,NA,NA,NA,NA,NA,NA,69968024,2672183
221704257879147,13062,ZCTA5 13062,1762941,111523,G6350,B5,S,NA,NA,NA,NA,NA,NA,NA,NA,1762941,111523
221704257879148,13063,ZCTA5 13063,94782587,272669,G6350,B5,S,NA,NA,NA,NA,NA,NA,NA,NA,93679243,272669
221704257879148,13063,ZCTA5 13063,94782587,272669,G6350,B5,S,278901392190541,3624867,Fabius village,1103344,0,G4110,C1,A,1103344,0
2217026265990913,13065,ZCTA5 13065,2285630,0,G6350,B5,S,NA,NA,NA,NA,NA,NA,NA,NA,2285630,0
221704257879151,13066,ZCTA5 13066,38314472,761967,G6350,B5,S,NA,NA,NA,NA,NA,NA,NA,NA,33822088,761967
221704257879151,13066,ZCTA5 13066,38314472,761967,G6350,B5,S,278901392190542,3625527,Fayetteville village,4492384,0,G4110,C1,A,4492384,0
221704257879153,13068,ZCTA5 13068,131021568,670182,G6350,B5,S,NA,NA,NA,NA,NA,NA,NA,NA,127898624,568139
221704257879153,13068,ZCTA5 13068,131021568,670182,G6350,B5,S,27890699381622,3627529,Freeville village,2741099,96536,G4110,C1,A,2741099,96536
221704257879153,13068,ZCTA5 13068,131021568,670182,G6350,B5,S,2809015682381965,3644358,McLean CDP,599627,8429,G4210,U1,S,381845,5507
221704257879161,13069,ZCTA5 13069,284528803,9639674,G6350,B5,S,NA,NA,NA,NA,NA,NA,NA,NA,273599258,6606313
221704257879161,13069,ZCTA5 13069,284528803,9639674,G6350,B5,S,27890695088004,3627815,Fulton city,10161074,2694816,G4110,C5,A,10161074,2694816
221704257879161,13069,ZCTA5 13069,284528803,9639674,G6350,B5,S,28090695087995,3647680,Minetto CDP,9718715,680032,G4210,U1,S,768471,338545
221704257879162,13071,ZCTA5 13071,62522254,63562,G6350,B5,S,NA,NA,NA,NA,NA,NA,NA,NA,62522254,63562
221704257879163,13072,ZCTA5 13072,119871254,46852,G6350,B5,S,NA,NA,NA,NA,NA,NA,NA,NA,119871254,46852
221704257879166,13073,ZCTA5 13073,142621328,304321,G6350,B5,S,NA,NA,NA,NA,NA,NA,NA,NA,138121390,301778
221704257879166,13073,ZCTA5 13073,142621328,304321,G6350,B5,S,27890699381623,3630961,Groton village,4499938,2543,G4110,C1,A,4499938,2543
221704257879170,13074,ZCTA5 13074,109555729,443349,G6350,B5,S,NA,NA,NA,NA,NA,NA,NA,NA,106571016,443349
221704257879170,13074,ZCTA5 13074,109555729,443349,G6350,B5,S,27890695088005,3632017,Hannibal village,2984713,0,G4110,C1,A,2984713,0
221704257879171,13076,ZCTA5 13076,38636789,56625,G6350,B5,S,NA,NA,NA,NA,NA,NA,NA,NA,38636789,56625
221704257879173,13077,ZCTA5 13077,177776657,978561,G6350,B5,S,NA,NA,NA,NA,NA,NA,NA,NA,173654664,946178
221704257879173,13077,ZCTA5 13077,177776657,978561,G6350,B5,S,27890722549865,3635276,Homer village,4986794,32383,G4110,C1,A,4121993,32383
221704257879178,13078,ZCTA5 13078,99829619,1157963,G6350,B5,S,NA,NA,NA,NA,NA,NA,NA,NA,94247337,1130477
221704257879178,13078,ZCTA5 13078,99829619,1157963,G6350,B5,S,2809015922351889,3620467,De Witt CDP,16798195,47513,G4210,U2,S,5582282,27486
221704257879179,13080,ZCTA5 13080,73012294,6169137,G6350,B5,S,NA,NA,NA,NA,NA,NA,NA,NA,69996919,6169137
221704257879179,13080,ZCTA5 13080,73012294,6169137,G6350,B5,S,278901392190543,3638825,Jordan village,3015375,0,G4110,C1,A,3015375,0
221704257879180,13081,ZCTA5 13081,74312736,30752,G6350,B5,S,NA,NA,NA,NA,NA,NA,NA,NA,74312736,30752
221704257879183,13082,ZCTA5 13082,63051194,997327,G6350,B5,S,NA,NA,NA,NA,NA,NA,NA,NA,62147863,989835
221704257879183,13082,ZCTA5 13082,63051194,997327,G6350,B5,S,28090737069690,3608147,Bridgeport CDP,4991426,39203,G4210,U1,S,903331,7492
221704257879186,13083,ZCTA5 13083,154362542,166057,G6350,B5,S,NA,NA,NA,NA,NA,NA,NA,NA,151037332,158308
221704257879186,13083,ZCTA5 13083,154362542,166057,G6350,B5,S,27890695088006,3640200,Lacona village,2880946,7749,G4110,C1,A,2880946,7749
221704257879186,13083,ZCTA5 13083,154362542,166057,G6350,B5,S,27890695088012,3665068,Sandy Creek village,3493656,0,G4110,C1,A,444264,0
221704257879193,13084,ZCTA5 13084,110190858,29632,G6350,B5,S,NA,NA,NA,NA,NA,NA,NA,NA,110190858,29632
221704257879194,13087,ZCTA5 13087,2458012,565110,G6350,B5,S,NA,NA,NA,NA,NA,NA,NA,NA,2458012,565110
221704257879199,13088,ZCTA5 13088,21578630,4739489,G6350,B5,S,NA,NA,NA,NA,NA,NA,NA,NA,16477832,2409346
221704257879199,13088,ZCTA5 13088,21578630,4739489,G6350,B5,S,280901392190529,3628035,Galeville CDP,3245228,2328676,G4210,U1,S,3245228,2328676
221704257879199,13088,ZCTA5 13088,21578630,4739489,G6350,B5,S,278901392190544,3642884,Liverpool village,1946367,1467,G4110,C1,A,1855570,1467
221704257879204,13090,ZCTA5 13090,37849463,340910,G6350,B5,S,NA,NA,NA,NA,NA,NA,NA,NA,37758666,340910
221704257879204,13090,ZCTA5 13090,37849463,340910,G6350,B5,S,278901392190544,3642884,Liverpool village,1946367,1467,G4110,C1,A,90797,0
221704257879205,13092,ZCTA5 13092,129310106,253897,G6350,B5,S,NA,NA,NA,NA,NA,NA,NA,NA,129310106,253897
221704257879206,13101,ZCTA5 13101,99423634,14017,G6350,B5,S,NA,NA,NA,NA,NA,NA,NA,NA,96712499,14017
221704257879206,13101,ZCTA5 13101,99423634,14017,G6350,B5,S,280903926956196,3606937,Blodgett Mills CDP,5630685,0,G4210,U1,S,154875,0
221704257879206,13101,ZCTA5 13101,99423634,14017,G6350,B5,S,27890722549866,3644193,McGraw village,2556260,0,G4110,C1,A,2556260,0
221704257879207,13102,ZCTA5 13102,150734,2922,G6350,B5,S,2809015682381965,3644358,McLean CDP,599627,8429,G4210,U1,S,150734,2922
221704257879208,13103,ZCTA5 13103,1008432,0,G6350,B5,S,NA,NA,NA,NA,NA,NA,NA,NA,1008432,0
221704257879212,13104,ZCTA5 13104,123527635,100915,G6350,B5,S,NA,NA,NA,NA,NA,NA,NA,NA,118811856,100915
221704257879212,13104,ZCTA5 13104,123527635,100915,G6350,B5,S,278901392190545,3645018,Manlius village,4715779,0,G4110,C1,A,4715779,0
221704257879214,13108,ZCTA5 13108,77047816,169624,G6350,B5,S,NA,NA,NA,NA,NA,NA,NA,NA,75392235,169624
221704257879214,13108,ZCTA5 13108,77047816,169624,G6350,B5,S,278901392190546,3645480,Marcellus village,1655581,0,G4110,C1,A,1655581,0
221704257879216,13110,ZCTA5 13110,62488856,8351612,G6350,B5,S,NA,NA,NA,NA,NA,NA,NA,NA,62488856,8351612
221704257879217,13111,ZCTA5 13111,70916327,241184,G6350,B5,S,NA,NA,NA,NA,NA,NA,NA,NA,70916327,241184
221704257879218,13112,ZCTA5 13112,52695756,3629665,G6350,B5,S,NA,NA,NA,NA,NA,NA,NA,NA,52695756,3629665
221704257879219,13113,ZCTA5 13113,90280,0,G6350,B5,S,27890708087601,3646646,Meridian village,1789035,0,G4110,C1,A,90280,0
221704257879222,13114,ZCTA5 13114,163246392,2120929,G6350,B5,S,NA,NA,NA,NA,NA,NA,NA,NA,157691629,2120929
221704257879222,13114,ZCTA5 13114,163246392,2120929,G6350,B5,S,27890695088007,3646811,Mexico village,5554763,0,G4110,C1,A,5554763,0
221704257879223,13115,ZCTA5 13115,661232,0,G6350,B5,S,28090695087995,3647680,Minetto CDP,9718715,680032,G4210,U1,S,661232,0
221704257879225,13116,ZCTA5 13116,3371230,0,G6350,B5,S,NA,NA,NA,NA,NA,NA,NA,NA,161304,0
221704257879225,13116,ZCTA5 13116,3371230,0,G6350,B5,S,278901392190547,3647757,Minoa village,3421226,0,G4110,C1,A,3209926,0
221704257879226,13117,ZCTA5 13117,2505526,77774,G6350,B5,S,NA,NA,NA,NA,NA,NA,NA,NA,2505526,77774
221704257879229,13118,ZCTA5 13118,266745629,2691362,G6350,B5,S,NA,NA,NA,NA,NA,NA,NA,NA,262334475,2636159
221704257879229,13118,ZCTA5 13118,266745629,2691362,G6350,B5,S,27890708087602,3648296,Moravia village,4411154,55203,G4110,C1,A,4411154,55203
2217026265990929,13119,ZCTA5 13119,161407,0,G6350,B5,S,NA,NA,NA,NA,NA,NA,NA,NA,161407,0
221704257879230,13120,ZCTA5 13120,41007090,186204,G6350,B5,S,NA,NA,NA,NA,NA,NA,NA,NA,39568189,186204
221704257879230,13120,ZCTA5 13120,41007090,186204,G6350,B5,S,280901392190533,3649726,Nedrow CDP,2491135,0,G4210,U1,S,1438901,0
2217026265990948,13121,ZCTA5 13121,903541,0,G6350,B5,S,NA,NA,NA,NA,NA,NA,NA,NA,903541,0
221704257879231,13122,ZCTA5 13122,49934023,47602,G6350,B5,S,NA,NA,NA,NA,NA,NA,NA,NA,49934023,47602
221704257879232,13123,ZCTA5 13123,743200,0,G6350,B5,S,2809015692388286,3651484,North Bay CDP,2888281,520545,G4210,U1,S,743200,0
221704257879233,13124,ZCTA5 13124,13066867,13637,G6350,B5,S,NA,NA,NA,NA,NA,NA,NA,NA,13066867,13637
221704257879248,13126,ZCTA5 13126,260736763,24796468,G6350,B5,S,NA,NA,NA,NA,NA,NA,NA,NA,231853747,19027616
221704257879248,13126,ZCTA5 13126,260736763,24796468,G6350,B5,S,28090695087995,3647680,Minetto CDP,9718715,680032,G4210,U1,S,8289012,341487
221704257879248,13126,ZCTA5 13126,260736763,24796468,G6350,B5,S,27890695088008,3655574,Oswego city,19720149,9359182,G4110,C5,A,19720149,4645832
221704257879248,13126,ZCTA5 13126,260736763,24796468,G6350,B5,S,280903939109441,3672327,SUNY Oswego CDP,873855,781533,G4210,U2,S,873855,781533
221704257879254,13131,ZCTA5 13131,136080244,416153,G6350,B5,S,NA,NA,NA,NA,NA,NA,NA,NA,132003422,416153
221704257879254,13131,ZCTA5 13131,136080244,416153,G6350,B5,S,27890695088009,3656341,Parish village,4076822,0,G4110,C1,A,4076822,0
221704257879256,13132,ZCTA5 13132,59915496,1416008,G6350,B5,S,NA,NA,NA,NA,NA,NA,NA,NA,52900563,1217197
221704257879256,13132,ZCTA5 13132,59915496,1416008,G6350,B5,S,28090695087996,3665024,Sand Ridge CDP,7014933,198811,G4210,U1,S,7014933,198811
221704257879257,13134,ZCTA5 13134,213791,0,G6350,B5,S,NA,NA,NA,NA,NA,NA,NA,NA,213791,0
221704257879258,13135,ZCTA5 13135,82918993,1744003,G6350,B5,S,NA,NA,NA,NA,NA,NA,NA,NA,79887270,1435016
221704257879258,13135,ZCTA5 13135,82918993,1744003,G6350,B5,S,27890695088010,3657661,Phoenix village,3031723,308987,G4110,C1,A,3031723,308987
221704257879259,13136,ZCTA5 13136,46782507,23754,G6350,B5,S,NA,NA,NA,NA,NA,NA,NA,NA,46782507,23754
221704257879261,13138,ZCTA5 13138,106349,0,G6350,B5,S,NA,NA,NA,NA,NA,NA,NA,NA,106349,0
221704257879264,13140,ZCTA5 13140,137266183,4539257,G6350,B5,S,NA,NA,NA,NA,NA,NA,NA,NA,134904382,4467846
221704257879264,13140,ZCTA5 13140,137266183,4539257,G6350,B5,S,27890708087603,3659212,Port Byron village,2361801,71411,G4110,C1,A,2361801,71411
221704257879266,13141,ZCTA5 13141,37343172,940530,G6350,B5,S,NA,NA,NA,NA,NA,NA,NA,NA,37343172,940530
221704257879272,13142,ZCTA5 13142,187049123,11759944,G6350,B5,S,NA,NA,NA,NA,NA,NA,NA,NA,177891551,11494461
221704257879272,13142,ZCTA5 13142,187049123,11759944,G6350,B5,S,27890695088011,3659960,Pulaski village,9157572,265483,G4110,C1,A,9157572,265483
221704257879283,13143,ZCTA5 13143,116057778,1213595,G6350,B5,S,NA,NA,NA,NA,NA,NA,NA,NA,113704399,1143964
221704257879283,13143,ZCTA5 13143,116057778,1213595,G6350,B5,S,27890108826019,3660829,Red Creek village,2353379,69631,G4110,C1,A,2353379,69631
221704257879286,13144,ZCTA5 13144,96124577,1279135,G6350,B5,S,NA,NA,NA,NA,NA,NA,NA,NA,96124577,1279135
221704257879287,13145,ZCTA5 13145,40337564,0,G6350,B5,S,NA,NA,NA,NA,NA,NA,NA,NA,37288172,0
221704257879287,13145,ZCTA5 13145,40337564,0,G6350,B5,S,27890695088012,3665068,Sandy Creek village,3493656,0,G4110,C1,A,3049392,0
221704257879292,13146,ZCTA5 13146,136292390,546726,G6350,B5,S,NA,NA,NA,NA,NA,NA,NA,NA,133237745,546726
221704257879292,13146,ZCTA5 13146,136292390,546726,G6350,B5,S,280903939460656,3665332,Savannah CDP,3054645,0,G4210,U1,S,3054645,0
221704257879293,13147,ZCTA5 13147,91542939,17715,G6350,B5,S,NA,NA,NA,NA,NA,NA,NA,NA,91542939,17715
221704257879299,13148,ZCTA5 13148,161243881,12837339,G6350,B5,S,NA,NA,NA,NA,NA,NA,NA,NA,149102998,12429565
221704257879299,13148,ZCTA5 13148,161243881,12837339,G6350,B5,S,280904762729994,3666322,Seneca Falls CDP,12140883,407774,G4210,U1,S,12140883,407774
221704257879303,13152,ZCTA5 13152,163889852,122084,G6350,B5,S,NA,NA,NA,NA,NA,NA,NA,NA,160203753,122084
221704257879303,13152,ZCTA5 13152,163889852,122084,G6350,B5,S,278901392190549,3667510,Skaneateles village,3686099,825384,G4110,C1,A,3686099,0
221704257879305,13153,ZCTA5 13153,1490553,0,G6350,B5,S,NA,NA,NA,NA,NA,NA,NA,NA,1490553,0
2217026265990924,13154,ZCTA5 13154,809194,0,G6350,B5,S,NA,NA,NA,NA,NA,NA,NA,NA,809194,0
221704257879307,13155,ZCTA5 13155,63073860,138683,G6350,B5,S,NA,NA,NA,NA,NA,NA,NA,NA,63073860,138683
221704257879310,13156,ZCTA5 13156,76214823,6028269,G6350,B5,S,NA,NA,NA,NA,NA,NA,NA,NA,71653859,2992538
221704257879310,13156,ZCTA5 13156,76214823,6028269,G6350,B5,S,27890708087600,3624988,Fair Haven village,4560964,3035731,G4110,C1,A,4560964,3035731
221704257879311,13157,ZCTA5 13157,1083707,127927,G6350,B5,S,NA,NA,NA,NA,NA,NA,NA,NA,0,97160
221704257879311,13157,ZCTA5 13157,1083707,127927,G6350,B5,S,27890717531457,3672521,Sylvan Beach village,1778071,54745,G4110,C1,A,1083707,30767
221704257879312,13158,ZCTA5 13158,152904728,213232,G6350,B5,S,NA,NA,NA,NA,NA,NA,NA,NA,152904728,213232
221704257879324,13159,ZCTA5 13159,200262931,3230120,G6350,B5,S,NA,NA,NA,NA,NA,NA,NA,NA,198370898,3230120
221704257879324,13159,ZCTA5 13159,200262931,3230120,G6350,B5,S,278901392190552,3675627,Tully village,1892033,0,G4110,C1,A,1892033,0
221704257879326,13160,ZCTA5 13160,58669610,46722,G6350,B5,S,NA,NA,NA,NA,NA,NA,NA,NA,54172188,11879
221704257879326,13160,ZCTA5 13160,58669610,46722,G6350,B5,S,27890708087604,3676155,Union Springs village,4527894,37998,G4110,C1,A,4497422,34843
221704257879327,13162,ZCTA5 13162,4584210,204256,G6350,B5,S,NA,NA,NA,NA,NA,NA,NA,NA,4584210,204256
221704257879328,13163,ZCTA5 13163,944342,0,G6350,B5,S,27890737072437,3654837,Oneida city,57115754,211866,G4110,C5,A,2642,0
221704257879328,13163,ZCTA5 13163,944342,0,G6350,B5,S,27890737072438,3678113,Wampsville village,2652795,18713,G4110,C1,A,941700,0
221704257879330,13164,ZCTA5 13164,28848409,21295,G6350,B5,S,NA,NA,NA,NA,NA,NA,NA,NA,28848409,21295
221704257879332,13165,ZCTA5 13165,176713337,872903,G6350,B5,S,NA,NA,NA,NA,NA,NA,NA,NA,171126727,751617
221704257879332,13165,ZCTA5 13165,176713337,872903,G6350,B5,S,27890116897511,3678553,Waterloo village,5586610,121286,G4110,C1,A,5586610,121286
221704257879333,13166,ZCTA5 13166,105859071,2308522,G6350,B5,S,NA,NA,NA,NA,NA,NA,NA,NA,103332165,2308522
221704257879333,13166,ZCTA5 13166,105859071,2308522,G6350,B5,S,27890708087605,3679015,Weedsport village,2526906,0,G4110,C1,A,2526906,0
221704257879336,13167,ZCTA5 13167,95005683,449444,G6350,B5,S,NA,NA,NA,NA,NA,NA,NA,NA,94800610,449444
221704257879336,13167,ZCTA5 13167,95005683,449444,G6350,B5,S,28090695087994,3617893,Constantia CDP,7850761,17915,G4210,U1,S,205073,0
221704257879337,13202,ZCTA5 13202,2602753,0,G6350,B5,S,278901392190551,3673000,Syracuse city,64903077,1507055,G4110,C5,A,2602753,0
221704257879341,13203,ZCTA5 13203,4402887,0,G6350,B5,S,278901392190551,3673000,Syracuse city,64903077,1507055,G4110,C5,A,4402887,0
221704257879343,13204,ZCTA5 13204,11023686,1328420,G6350,B5,S,NA,NA,NA,NA,NA,NA,NA,NA,18400,0
221704257879343,13204,ZCTA5 13204,11023686,1328420,G6350,B5,S,278901392190550,3668286,Solvay village,4185853,0,G4110,C1,A,29401,0
221704257879343,13204,ZCTA5 13204,11023686,1328420,G6350,B5,S,278901392190551,3673000,Syracuse city,64903077,1507055,G4110,C5,A,10975885,1328420
221704257879346,13205,ZCTA5 13205,9384631,0,G6350,B5,S,280901392190533,3649726,Nedrow CDP,2491135,0,G4210,U1,S,1052234,0
221704257879346,13205,ZCTA5 13205,9384631,0,G6350,B5,S,278901392190551,3673000,Syracuse city,64903077,1507055,G4110,C5,A,8332397,0
221704257879348,13206,ZCTA5 13206,10525024,0,G6350,B5,S,NA,NA,NA,NA,NA,NA,NA,NA,4178152,0
221704257879348,13206,ZCTA5 13206,10525024,0,G6350,B5,S,280901392190531,3643885,Lyncourt CDP,3241848,0,G4210,U1,S,1255109,0
221704257879348,13206,ZCTA5 13206,10525024,0,G6350,B5,S,278901392190551,3673000,Syracuse city,64903077,1507055,G4110,C5,A,5091763,0
221704257879349,13207,ZCTA5 13207,8353307,121463,G6350,B5,S,NA,NA,NA,NA,NA,NA,NA,NA,29585,0
221704257879349,13207,ZCTA5 13207,8353307,121463,G6350,B5,S,278901392190551,3673000,Syracuse city,64903077,1507055,G4110,C5,A,8323722,121463
221704257879354,13208,ZCTA5 13208,10593797,0,G6350,B5,S,NA,NA,NA,NA,NA,NA,NA,NA,2264787,0
221704257879354,13208,ZCTA5 13208,10593797,0,G6350,B5,S,280901392190531,3643885,Lyncourt CDP,3241848,0,G4210,U1,S,1986739,0
221704257879354,13208,ZCTA5 13208,10593797,0,G6350,B5,S,278901392190551,3673000,Syracuse city,64903077,1507055,G4110,C5,A,6342271,0
221704257879355,13209,ZCTA5 13209,33867916,6498515,G6350,B5,S,NA,NA,NA,NA,NA,NA,NA,NA,23041924,6498515
221704257879355,13209,ZCTA5 13209,33867916,6498515,G6350,B5,S,280901392190528,3625043,Fairmount CDP,8714955,0,G4210,U1,S,189787,0
221704257879355,13209,ZCTA5 13209,33867916,6498515,G6350,B5,S,280901392190530,3640607,Lakeland CDP,3862692,0,G4210,U1,S,3862692,0
221704257879355,13209,ZCTA5 13209,33867916,6498515,G6350,B5,S,280901392190534,3666366,Seneca Knolls CDP,3282781,0,G4210,U1,S,2815409,0
221704257879355,13209,ZCTA5 13209,33867916,6498515,G6350,B5,S,278901392190550,3668286,Solvay village,4185853,0,G4110,C1,A,3911759,0
221704257879355,13209,ZCTA5 13209,33867916,6498515,G6350,B5,S,280901392190535,3677513,Village Green CDP,2988671,20462,G4210,U1,S,46345,0
221704257879356,13210,ZCTA5 13210,9754162,7491,G6350,B5,S,NA,NA,NA,NA,NA,NA,NA,NA,516868,0
221704257879356,13210,ZCTA5 13210,9754162,7491,G6350,B5,S,278901392190551,3673000,Syracuse city,64903077,1507055,G4110,C5,A,9237294,7491
221704257879358,13211,ZCTA5 13211,11826170,0,G6350,B5,S,NA,NA,NA,NA,NA,NA,NA,NA,6852144,0
221704257879358,13211,ZCTA5 13211,11826170,0,G6350,B5,S,280901392190532,3646151,Mattydale CDP,4974026,0,G4210,U1,S,4974026,0
221704257879389,13212,ZCTA5 13212,28762855,3219,G6350,B5,S,NA,NA,NA,NA,NA,NA,NA,NA,23617664,3219
221704257879389,13212,ZCTA5 13212,28762855,3219,G6350,B5,S,278901392190548,3653660,North Syracuse village,5145191,0,G4110,C1,A,5145191,0
221704257879390,13214,ZCTA5 13214,9092328,20027,G6350,B5,S,2809015922351889,3620467,De Witt CDP,16798195,47513,G4210,U2,S,7729379,20027
221704257879390,13214,ZCTA5 13214,9092328,20027,G6350,B5,S,278901392190551,3673000,Syracuse city,64903077,1507055,G4110,C5,A,1362949,0
221704257879394,13215,ZCTA5 13215,86834693,17569,G6350,B5,S,NA,NA,NA,NA,NA,NA,NA,NA,86258682,17569
221704257879394,13215,ZCTA5 13215,86834693,17569,G6350,B5,S,278901392190551,3673000,Syracuse city,64903077,1507055,G4110,C5,A,576011,0
221704257879398,13219,ZCTA5 13219,13003141,49323,G6350,B5,S,NA,NA,NA,NA,NA,NA,NA,NA,3814929,0
221704257879398,13219,ZCTA5 13219,13003141,49323,G6350,B5,S,280901392190528,3625043,Fairmount CDP,8714955,0,G4210,U1,S,5062094,0
221704257879398,13219,ZCTA5 13219,13003141,49323,G6350,B5,S,278901392190550,3668286,Solvay village,4185853,0,G4110,C1,A,244693,0
221704257879398,13219,ZCTA5 13219,13003141,49323,G6350,B5,S,278901392190551,3673000,Syracuse city,64903077,1507055,G4110,C5,A,389558,49323
221704257879398,13219,ZCTA5 13219,13003141,49323,G6350,B5,S,280901392190536,3681127,Westvale CDP,3493179,0,G4210,U1,S,3491867,0
221704257879399,13224,ZCTA5 13224,7429513,0,G6350,B5,S,2809015922351889,3620467,De Witt CDP,16798195,47513,G4210,U2,S,2358612,0
221704257879399,13224,ZCTA5 13224,7429513,0,G6350,B5,S,278901392190551,3673000,Syracuse city,64903077,1507055,G4110,C5,A,5070901,0
2217026265990928,13244,ZCTA5 13244,1872962,0,G6350,B5,S,NA,NA,NA,NA,NA,NA,NA,NA,357574,0
2217026265990928,13244,ZCTA5 13244,1872962,0,G6350,B5,S,278901392190551,3673000,Syracuse city,64903077,1507055,G4110,C5,A,1515388,0
221704257879400,13290,ZCTA5 13290,679298,358,G6350,B5,S,278901392190551,3673000,Syracuse city,64903077,1507055,G4110,C5,A,679298,358
221704257879402,13301,ZCTA5 13301,2999690,393341,G6350,B5,S,NA,NA,NA,NA,NA,NA,NA,NA,2999690,393341
221704257879407,13302,ZCTA5 13302,117204607,12636855,G6350,B5,S,NA,NA,NA,NA,NA,NA,NA,NA,111844671,12610042
221704257879407,13302,ZCTA5 13302,117204607,12636855,G6350,B5,S,280905576246980,3601550,Altmar CDP,5359936,26813,G4210,U1,S,5359936,26813
221704257879408,13303,ZCTA5 13303,89460635,98808,G6350,B5,S,NA,NA,NA,NA,NA,NA,NA,NA,89111454,98808
221704257879408,13303,ZCTA5 13303,89460635,98808,G6350,B5,S,2809015692388269,3640475,Lake Delta CDP,8668160,2774831,G4210,U1,S,349181,0
221704257879409,13304,ZCTA5 13304,45658147,615725,G6350,B5,S,NA,NA,NA,NA,NA,NA,NA,NA,44562938,615725
221704257879409,13304,ZCTA5 13304,45658147,615725,G6350,B5,S,280909097448137,3604528,Barneveld CDP,1095209,0,G4210,U1,S,1095209,0
221704257879410,13305,ZCTA5 13305,2986650,60509,G6350,B5,S,NA,NA,NA,NA,NA,NA,NA,NA,2986650,60509
221704257879412,13308,ZCTA5 13308,98114773,1756949,G6350,B5,S,NA,NA,NA,NA,NA,NA,NA,NA,71951979,1395647
221704257879412,13308,ZCTA5 13308,98114773,1756949,G6350,B5,S,2809015692388286,3651484,North Bay CDP,2888281,520545,G4210,U1,S,2145081,6211
221704257879412,13308,ZCTA5 13308,98114773,1756949,G6350,B5,S,27890717531455,3663418,Rome city,193870118,2077000,G4110,C5,A,23323349,331113
221704257879412,13308,ZCTA5 13308,98114773,1756949,G6350,B5,S,27890717531457,3672521,Sylvan Beach village,1778071,54745,G4110,C1,A,694364,23978
221704257879433,13309,ZCTA5 13309,376176835,1963801,G6350,B5,S,NA,NA,NA,NA,NA,NA,NA,NA,371697824,1952236
221704257879433,13309,ZCTA5 13309,376176835,1963801,G6350,B5,S,27890717531442,3607355,Boonville village,4479011,11565,G4110,C1,A,4479011,11565
221704257879436,13310,ZCTA5 13310,21836250,489615,G6350,B5,S,NA,NA,NA,NA,NA,NA,NA,NA,21836250,489615
221704257879437,13312,ZCTA5 13312,178878245,2865317,G6350,B5,S,NA,NA,NA,NA,NA,NA,NA,NA,178878245,2865317
221704257879438,13313,ZCTA5 13313,8558108,0,G6350,B5,S,NA,NA,NA,NA,NA,NA,NA,NA,6590085,0
221704257879438,13313,ZCTA5 13313,8558108,0,G6350,B5,S,280905340320272,3608169,Bridgewater CDP,2515998,0,G4210,U1,S,1968023,0
221704257879439,13314,ZCTA5 13314,5792483,54450,G6350,B5,S,NA,NA,NA,NA,NA,NA,NA,NA,5792483,54450
221704257879441,13315,ZCTA5 13315,126255786,328556,G6350,B5,S,NA,NA,NA,NA,NA,NA,NA,NA,117587244,328556
221704257879441,13315,ZCTA5 13315,126255786,328556,G6350,B5,S,2809015504388220,3611220,Burlington Flats CDP,5957053,0,G4210,U1,S,5957053,0
221704257879441,13315,ZCTA5 13315,126255786,328556,G6350,B5,S,2809016926495154,3628376,Garrattsville CDP,3693573,0,G4210,U1,S,2711489,0
221704257879443,13316,ZCTA5 13316,439963042,1341902,G6350,B5,S,NA,NA,NA,NA,NA,NA,NA,NA,433653201,1341902
221704257879443,13316,ZCTA5 13316,439963042,1341902,G6350,B5,S,27890717531444,3611847,Camden village,6309841,0,G4110,C1,A,6309841,0
221704257879447,13317,ZCTA5 13317,120751980,1691636,G6350,B5,S,NA,NA,NA,NA,NA,NA,NA,NA,116966733,1484502
221704257879447,13317,ZCTA5 13317,120751980,1691636,G6350,B5,S,27890729421561,3601737,Ames village,338514,0,G4110,C1,A,338514,0
221704257879447,13317,ZCTA5 13317,120751980,1691636,G6350,B5,S,27890729421563,3612111,Canajoharie village,3446733,176039,G4110,C1,A,3446733,176039
221704257879447,13317,ZCTA5 13317,120751980,1691636,G6350,B5,S,27890729421570,3656110,Palatine Bridge village,2386539,186679,G4110,C1,A,0,31095
221704257879450,13318,ZCTA5 13318,63806677,45178,G6350,B5,S,NA,NA,NA,NA,NA,NA,NA,NA,63315477,45178
221704257879450,13318,ZCTA5 13318,63806677,45178,G6350,B5,S,280905340320272,3608169,Bridgewater CDP,2515998,0,G4210,U1,S,491200,0
221704257879453,13319,ZCTA5 13319,2548707,0,G6350,B5,S,NA,NA,NA,NA,NA,NA,NA,NA,387868,0
221704257879453,13319,ZCTA5 13319,2548707,0,G6350,B5,S,280903717135781,3613662,Chadwicks CDP,3420995,0,G4210,U1,S,2160839,0
221704257879457,13320,ZCTA5 13320,204635798,420290,G6350,B5,S,NA,NA,NA,NA,NA,NA,NA,NA,203315902,419201
221704257879457,13320,ZCTA5 13320,204635798,420290,G6350,B5,S,27890734369531,3615242,Cherry Valley village,1319896,1089,G4110,C1,A,1319896,1089
221704257879460,13321,ZCTA5 13321,1501043,36646,G6350,B5,S,28090717530981,3615902,Clark Mills CDP,3865028,48255,G4210,U1,S,1501043,36646
221704257879461,13322,ZCTA5 13322,34493867,117237,G6350,B5,S,NA,NA,NA,NA,NA,NA,NA,NA,33513440,107326
221704257879461,13322,ZCTA5 13322,34493867,117237,G6350,B5,S,27890717531445,3616111,Clayville village,1137342,9911,G4110,C1,A,980427,9911
221704257879465,13323,ZCTA5 13323,100703868,88820,G6350,B5,S,NA,NA,NA,NA,NA,NA,NA,NA,96238369,88820
221704257879465,13323,ZCTA5 13323,100703868,88820,G6350,B5,S,28090717530981,3615902,Clark Mills CDP,3865028,48255,G4210,U1,S,1608642,0
221704257879465,13323,ZCTA5 13323,100703868,88820,G6350,B5,S,27890717531446,3616419,Clinton village,1620972,0,G4110,C1,A,1620972,0
221704257879465,13323,ZCTA5 13323,100703868,88820,G6350,B5,S,2809015922650842,3631746,Hamilton College CDP,1235885,0,G4210,U1,S,1235885,0
221704257879471,13324,ZCTA5 13324,349851261,12345451,G6350,B5,S,NA,NA,NA,NA,NA,NA,NA,NA,348713769,12345451
221704257879471,13324,ZCTA5 13324,349851261,12345451,G6350,B5,S,27890720759117,3616815,Cold Brook village,1137492,0,G4110,C1,A,1137492,0
221704257879474,13325,ZCTA5 13325,267781456,1026543,G6350,B5,S,NA,NA,NA,NA,NA,NA,NA,NA,264884974,1026543
221704257879474,13325,ZCTA5 13325,267781456,1026543,G6350,B5,S,27890692736653,3617882,Constableville village,2896482,0,G4110,C1,A,2896482,0
221704257879478,13326,ZCTA5 13326,238415670,17757389,G6350,B5,S,NA,NA,NA,NA,NA,NA,NA,NA,226253475,17213354
221704257879478,13326,ZCTA5 13326,238415670,17757389,G6350,B5,S,27890734369532,3618047,Cooperstown village,4233703,544035,G4110,C1,A,4233703,544035
221704257879478,13326,ZCTA5 13326,238415670,17757389,G6350,B5,S,2809015504388219,3632597,Hartwick Seminary CDP,5082095,0,G4210,U1,S,4353840,0
221704257879478,13326,ZCTA5 13326,238415670,17757389,G6350,B5,S,2809015504388216,3670321,Springfield Center CDP,12466309,23171,G4210,U1,S,3574652,0
221704257879480,13327,ZCTA5 13327,362903808,7692094,G6350,B5,S,NA,NA,NA,NA,NA,NA,NA,NA,361780121,7692094
221704257879480,13327,ZCTA5 13327,362903808,7692094,G6350,B5,S,27890692736656,3619070,Croghan village,1123687,0,G4110,C1,A,1123687,0
221704257879482,13328,ZCTA5 13328,40788825,0,G6350,B5,S,NA,NA,NA,NA,NA,NA,NA,NA,40788825,0
221704257879485,13329,ZCTA5 13329,143321851,1125913,G6350,B5,S,NA,NA,NA,NA,NA,NA,NA,NA,137918139,1013084
221704257879485,13329,ZCTA5 13329,143321851,1125913,G6350,B5,S,27890720759118,3620731,Dolgeville village,4637386,112829,G4110,C1,A,4637386,112829
221704257879485,13329,ZCTA5 13329,143321851,1125913,G6350,B5,S,2809015692419269,3664848,Salisbury Center CDP,2369744,6849,G4210,U1,S,766326,0
221704257879486,13331,ZCTA5 13331,432822891,15692707,G6350,B5,S,NA,NA,NA,NA,NA,NA,NA,NA,432105393,15692707
221704257879486,13331,ZCTA5 13331,432822891,15692707,G6350,B5,S,2809015692419265,3621380,Eagle Bay CDP,717498,0,G4210,U1,S,717498,0
221704257879491,13332,ZCTA5 13332,145049103,419570,G6350,B5,S,NA,NA,NA,NA,NA,NA,NA,NA,142249688,419570
221704257879491,13332,ZCTA5 13332,145049103,419570,G6350,B5,S,27890737072432,3621523,Earlville village,2799415,0,G4110,C1,A,2799415,0
221704257879492,13333,ZCTA5 13333,4199402,7598,G6350,B5,S,NA,NA,NA,NA,NA,NA,NA,NA,4199402,7598
221704257879495,13334,ZCTA5 13334,75680606,1443832,G6350,B5,S,NA,NA,NA,NA,NA,NA,NA,NA,75680606,1443832
221704257879498,13335,ZCTA5 13335,92439491,97564,G6350,B5,S,NA,NA,NA,NA,NA,NA,NA,NA,81186192,97564
221704257879498,13335,ZCTA5 13335,92439491,97564,G6350,B5,S,280903926957014,3623602,Edmeston CDP,11253299,0,G4210,U1,S,11253299,0
221704257879499,13337,ZCTA5 13337,43485787,302473,G6350,B5,S,NA,NA,NA,NA,NA,NA,NA,NA,39225376,167677
221704257879499,13337,ZCTA5 13337,43485787,302473,G6350,B5,S,2809015504388217,3626418,Fly Creek CDP,4260411,134796,G4210,U1,S,4260411,134796
221704257879501,13338,ZCTA5 13338,593485013,13020276,G6350,B5,S,NA,NA,NA,NA,NA,NA,NA,NA,591022549,12418631
221704257879501,13338,ZCTA5 13338,593485013,13020276,G6350,B5,S,2809015692388284,3655750,Otter Lake CDP,1223081,601645,G4210,U1,S,1223081,601645
221704257879501,13338,ZCTA5 13338,593485013,13020276,G6350,B5,S,2809015692388276,3681644,White Lake CDP,5311723,985692,G4210,U1,S,1239383,0
221704257879507,13339,ZCTA5 13339,272523308,2061234,G6350,B5,S,NA,NA,NA,NA,NA,NA,NA,NA,268120752,1786758
221704257879507,13339,ZCTA5 13339,272523308,2061234,G6350,B5,S,27890729421566,3626924,Fort Plain village,3482391,146979,G4110,C1,A,3482391,146979
221704257879507,13339,ZCTA5 13339,272523308,2061234,G6350,B5,S,27890729421569,3649748,Nelliston village,2861243,234223,G4110,C1,A,920165,127497
221704257879510,13340,ZCTA5 13340,156294092,803130,G6350,B5,S,NA,NA,NA,NA,NA,NA,NA,NA,153668570,758445
221704257879510,13340,ZCTA5 13340,156294092,803130,G6350,B5,S,27890720759119,3627188,Frankfort village,2625522,44685,G4110,C1,A,2625522,44685
221704257879512,13342,ZCTA5 13342,15201871,137266,G6350,B5,S,NA,NA,NA,NA,NA,NA,NA,NA,14219787,137266
221704257879512,13342,ZCTA5 13342,15201871,137266,G6350,B5,S,2809016926495154,3628376,Garrattsville CDP,3693573,0,G4210,U1,S,982084,0
221704257879513,13343,ZCTA5 13343,150489891,3217994,G6350,B5,S,NA,NA,NA,NA,NA,NA,NA,NA,150489891,3217994
221704257879514,13345,ZCTA5 13345,13953288,42214,G6350,B5,S,NA,NA,NA,NA,NA,NA,NA,NA,13953288,42214
221704257879516,13346,ZCTA5 13346,91652076,2361873,G6350,B5,S,NA,NA,NA,NA,NA,NA,NA,NA,85193572,1864046
221704257879516,13346,ZCTA5 13346,91652076,2361873,G6350,B5,S,27890737072433,3631709,Hamilton village,6458504,497827,G4110,C1,A,6458504,497827
221704257879517,13348,ZCTA5 13348,92506617,235079,G6350,B5,S,NA,NA,NA,NA,NA,NA,NA,NA,81603740,235079
221704257879517,13348,ZCTA5 13348,92506617,235079,G6350,B5,S,280903926957056,3632578,Hartwick CDP,8954629,0,G4210,U1,S,8954629,0
221704257879517,13348,ZCTA5 13348,92506617,235079,G6350,B5,S,2809015504388218,3665739,Schuyler Lake CDP,8380592,0,G4210,U1,S,1948248,0
221704257879519,13350,ZCTA5 13350,81965902,1734262,G6350,B5,S,NA,NA,NA,NA,NA,NA,NA,NA,72170976,1356674
221704257879519,13350,ZCTA5 13350,81965902,1734262,G6350,B5,S,2809015692419267,3622238,East Herkimer CDP,3091012,78851,G4210,U1,S,3091012,78851
221704257879519,13350,ZCTA5 13350,81965902,1734262,G6350,B5,S,27890720759120,3634121,Herkimer village,6703914,298737,G4110,C1,A,6703914,298737
221704257879520,13352,ZCTA5 13352,718922,43070,G6350,B5,S,NA,NA,NA,NA,NA,NA,NA,NA,718922,43070
221704257879523,13353,ZCTA5 13353,494760270,9595572,G6350,B5,S,NA,NA,NA,NA,NA,NA,NA,NA,494760270,9595572
221704257879526,13354,ZCTA5 13354,138107557,139987,G6350,B5,S,NA,NA,NA,NA,NA,NA,NA,NA,136798212,133822
221704257879526,13354,ZCTA5 13354,138107557,139987,G6350,B5,S,27890717531447,3635144,Holland Patent village,1309345,6165,G4110,C1,A,1309345,6165
221704257879528,13355,ZCTA5 13355,84152711,81060,G6350,B5,S,NA,NA,NA,NA,NA,NA,NA,NA,84152711,81060
221704257879529,13357,ZCTA5 13357,76534232,368830,G6350,B5,S,NA,NA,NA,NA,NA,NA,NA,NA,66886723,205645
221704257879529,13357,ZCTA5 13357,76534232,368830,G6350,B5,S,2809015692419266,3622029,East Frankfort CDP,2052131,0,G4210,U1,S,2052131,0
221704257879529,13357,ZCTA5 13357,76534232,368830,G6350,B5,S,27890720759121,3637275,Ilion village,6456618,152920,G4110,C1,A,6456618,152920
221704257879529,13357,ZCTA5 13357,76534232,368830,G6350,B5,S,27890720759124,3647823,Mohawk village,2272584,68769,G4110,C1,A,952,0
221704257879529,13357,ZCTA5 13357,76534232,368830,G6350,B5,S,2809015692419268,3669265,South Ilion CDP,1137808,10265,G4210,U1,S,1137808,10265
221704257879531,13360,ZCTA5 13360,152865596,9877342,G6350,B5,S,NA,NA,NA,NA,NA,NA,NA,NA,152865596,9877342
221704257879532,13361,ZCTA5 13361,73843053,65002,G6350,B5,S,NA,NA,NA,NA,NA,NA,NA,NA,73843053,65002
221704257879534,13363,ZCTA5 13363,60761805,117109,G6350,B5,S,NA,NA,NA,NA,NA,NA,NA,NA,58678294,65648
221704257879534,13363,ZCTA5 13363,60761805,117109,G6350,B5,S,2809015692388269,3640475,Lake Delta CDP,8668160,2774831,G4210,U1,S,2083511,51461
221704257879535,13364,ZCTA5 13364,7639833,0,G6350,B5,S,NA,NA,NA,NA,NA,NA,NA,NA,7639833,0
221704257879538,13365,ZCTA5 13365,319999991,3142712,G6350,B5,S,NA,NA,NA,NA,NA,NA,NA,NA,310058962,2750238
221704257879538,13365,ZCTA5 13365,319999991,3142712,G6350,B5,S,27890720759122,3642741,Little Falls city,9941029,392474,G4110,C5,A,9941029,392474
221704257879551,13367,ZCTA5 13367,1201089753,44594796,G6350,B5,S,NA,NA,NA,NA,NA,NA,NA,NA,1196048220,44594796
221704257879551,13367,ZCTA5 13367,1201089753,44594796,G6350,B5,S,27890692736650,3612881,Castorland village,831539,0,G4110,C1,A,91878,0
221704257879551,13367,ZCTA5 13367,1201089753,44594796,G6350,B5,S,27890692736658,3643720,Lowville village,4949655,0,G4110,C1,A,4949655,0
221704257879554,13368,ZCTA5 13368,62155216,1537110,G6350,B5,S,NA,NA,NA,NA,NA,NA,NA,NA,59789258,1286480
221704257879554,13368,ZCTA5 13368,62155216,1537110,G6350,B5,S,27890692736659,3644006,Lyons Falls village,2524233,250630,G4110,C1,A,2365958,250630
221704257879555,13402,ZCTA5 13402,62005694,309995,G6350,B5,S,NA,NA,NA,NA,NA,NA,NA,NA,60769066,309995
221704257879555,13402,ZCTA5 13402,62005694,309995,G6350,B5,S,27890737072434,3644424,Madison village,1236628,0,G4110,C1,A,1236628,0
221704257879557,13403,ZCTA5 13403,72125305,993065,G6350,B5,S,NA,NA,NA,NA,NA,NA,NA,NA,67675324,703906
221704257879557,13403,ZCTA5 13403,72125305,993065,G6350,B5,S,2809015692388285,3645524,Marcy CDP,4449981,289159,G4210,U1,S,4449981,289159
221704257879558,13404,ZCTA5 13404,4279777,0,G6350,B5,S,NA,NA,NA,NA,NA,NA,NA,NA,4279777,0
221704257879560,13406,ZCTA5 13406,11981456,132380,G6350,B5,S,NA,NA,NA,NA,NA,NA,NA,NA,10781577,4851
221704257879560,13406,ZCTA5 13406,11981456,132380,G6350,B5,S,27890720759123,3647108,Middleville village,1981427,128945,G4110,C1,A,1199879,127529
221704257879565,13407,ZCTA5 13407,146131117,1129739,G6350,B5,S,NA,NA,NA,NA,NA,NA,NA,NA,143859485,1060970
221704257879565,13407,ZCTA5 13407,146131117,1129739,G6350,B5,S,27890720759124,3647823,Mohawk village,2272584,68769,G4110,C1,A,2271632,68769
221704257879566,13408,ZCTA5 13408,87964251,152489,G6350,B5,S,NA,NA,NA,NA,NA,NA,NA,NA,85311582,152489
221704257879566,13408,ZCTA5 13408,87964251,152489,G6350,B5,S,27890737072435,3648593,Morrisville village,2652669,0,G4110,C1,A,2652669,0
221704257879569,13409,ZCTA5 13409,93270743,0,G6350,B5,S,NA,NA,NA,NA,NA,NA,NA,NA,89759554,0
221704257879569,13409,ZCTA5 13409,93270743,0,G6350,B5,S,27890737072436,3649220,Munnsville village,2267821,0,G4110,C1,A,2267821,0
221704257879569,13409,ZCTA5 13409,93270743,0,G6350,B5,S,27890737072437,3654837,Oneida city,57115754,211866,G4110,C5,A,1243368,0
221704257879570,13410,ZCTA5 13410,1278385,106726,G6350,B5,S,27890729421569,3649748,Nelliston village,2861243,234223,G4110,C1,A,1278385,106726
221704257879571,13411,ZCTA5 13411,183402400,785857,G6350,B5,S,NA,NA,NA,NA,NA,NA,NA,NA,178219272,785857
221704257879571,13411,ZCTA5 13411,183402400,785857,G6350,B5,S,27890742608671,3649946,New Berlin village,2759671,0,G4110,C1,A,2759671,0
221704257879571,13411,ZCTA5 13411,183402400,785857,G6350,B5,S,2809015504388222,3668946,South Edmeston CDP,2423457,0,G4210,U1,S,2423457,0
221704257879577,13413,ZCTA5 13413,49944082,180365,G6350,B5,S,NA,NA,NA,NA,NA,NA,NA,NA,45295644,180365
221704257879577,13413,ZCTA5 13413,49944082,180365,G6350,B5,S,280903717135781,3613662,Chadwicks CDP,3420995,0,G4210,U1,S,1260156,0
221704257879577,13413,ZCTA5 13413,49944082,180365,G6350,B5,S,27890717531448,3650298,New Hartford village,1603840,0,G4110,C1,A,1603840,0
221704257879577,13413,ZCTA5 13413,49944082,180365,G6350,B5,S,27890717531458,3676540,Utica city,43310457,662078,G4110,C5,A,33205,0
221704257879577,13413,ZCTA5 13413,49944082,180365,G6350,B5,S,280903717135780,3678454,Washington Mills CDP,1751237,0,G4210,U1,S,1751237,0
221704257879578,13415,ZCTA5 13415,5333653,0,G6350,B5,S,NA,NA,NA,NA,NA,NA,NA,NA,5333653,0
221704257879579,13416,ZCTA5 13416,130253848,690188,G6350,B5,S,NA,NA,NA,NA,NA,NA,NA,NA,128110294,522645
221704257879579,13416,ZCTA5 13416,130253848,690188,G6350,B5,S,27890720759123,3647108,Middleville village,1981427,128945,G4110,C1,A,781548,1416
221704257879579,13416,ZCTA5 13416,130253848,690188,G6350,B5,S,27890720759125,3650573,Newport village,1362006,166127,G4110,C1,A,1362006,166127
221704257879580,13417,ZCTA5 13417,3675637,0,G6350,B5,S,NA,NA,NA,NA,NA,NA,NA,NA,662408,0
221704257879580,13417,ZCTA5 13417,3675637,0,G6350,B5,S,27890717531449,3651011,New York Mills village,3056761,0,G4110,C1,A,3013229,0
221704257879581,13418,ZCTA5 13418,13888542,953,G6350,B5,S,NA,NA,NA,NA,NA,NA,NA,NA,13888542,953
221704257879585,13420,ZCTA5 13420,383806443,31656258,G6350,B5,S,NA,NA,NA,NA,NA,NA,NA,NA,379180151,31195333
221704257879585,13420,ZCTA5 13420,383806443,31656258,G6350,B5,S,280903938948783,3654639,Old Forge CDP,4626292,460925,G4210,U1,S,4626292,460925
221704257879593,13421,ZCTA5 13421,103888254,211866,G6350,B5,S,NA,NA,NA,NA,NA,NA,NA,NA,52136697,0
221704257879593,13421,ZCTA5 13421,103888254,211866,G6350,B5,S,280903939148954,3621226,Durhamville CDP,3553714,0,G4210,U1,S,67868,0
221704257879593,13421,ZCTA5 13421,103888254,211866,G6350,B5,S,27890737072437,3654837,Oneida city,57115754,211866,G4110,C5,A,50393553,211866
221704257879593,13421,ZCTA5 13421,103888254,211866,G6350,B5,S,27890717531450,3654848,Oneida Castle village,1290136,0,G4110,C1,A,1290136,0
221704257879596,13424,ZCTA5 13424,31124905,0,G6350,B5,S,NA,NA,NA,NA,NA,NA,NA,NA,29074656,0
221704257879596,13424,ZCTA5 13424,31124905,0,G6350,B5,S,27890717531451,3655365,Oriskany village,2050249,0,G4110,C1,A,2050249,0
221704257879607,13425,ZCTA5 13425,66677297,0,G6350,B5,S,NA,NA,NA,NA,NA,NA,NA,NA,65366154,0
221704257879607,13425,ZCTA5 13425,66677297,0,G6350,B5,S,27890717531452,3655376,Oriskany Falls village,1311143,0,G4110,C1,A,1311143,0
221704257879610,13428,ZCTA5 13428,43150864,209881,G6350,B5,S,NA,NA,NA,NA,NA,NA,NA,NA,40101632,54297
221704257879610,13428,ZCTA5 13428,43150864,209881,G6350,B5,S,27890729421569,3649748,Nelliston village,2861243,234223,G4110,C1,A,662693,0
221704257879610,13428,ZCTA5 13428,43150864,209881,G6350,B5,S,27890729421570,3656110,Palatine Bridge village,2386539,186679,G4110,C1,A,2386539,155584
221704257879614,13431,ZCTA5 13431,93519518,1047465,G6350,B5,S,NA,NA,NA,NA,NA,NA,NA,NA,92113355,1031076
221704257879614,13431,ZCTA5 13431,93519518,1047465,G6350,B5,S,27890720759126,3658937,Poland village,1406163,16389,G4110,C1,A,1406163,16389
221704257879620,13433,ZCTA5 13433,147821838,2937184,G6350,B5,S,NA,NA,NA,NA,NA,NA,NA,NA,146065397,2832135
221704257879620,13433,ZCTA5 13433,147821838,2937184,G6350,B5,S,27890692736659,3644006,Lyons Falls village,2524233,250630,G4110,C1,A,158275,0
221704257879620,13433,ZCTA5 13433,147821838,2937184,G6350,B5,S,27890692736660,3659454,Port Leyden village,1598166,105049,G4110,C1,A,1598166,105049
221704257879621,13435,ZCTA5 13435,1114411,30594,G6350,B5,S,280905647114720,3659883,Prospect CDP,1114411,30594,G4210,U1,S,1114411,30594
221704257879626,13436,ZCTA5 13436,83932430,24643099,G6350,B5,S,NA,NA,NA,NA,NA,NA,NA,NA,83932430,24643099
221704257879629,13437,ZCTA5 13437,247978481,1331911,G6350,B5,S,NA,NA,NA,NA,NA,NA,NA,NA,247978481,1331911
221704257879640,13438,ZCTA5 13438,248010297,5845195,G6350,B5,S,NA,NA,NA,NA,NA,NA,NA,NA,247045999,5845195
221704257879640,13438,ZCTA5 13438,248010297,5845195,G6350,B5,S,27890717531454,3661115,Remsen village,964298,0,G4110,C1,A,964298,0
221704257879641,13439,ZCTA5 13439,227574505,9092810,G6350,B5,S,NA,NA,NA,NA,NA,NA,NA,NA,221452858,9092810
221704257879641,13439,ZCTA5 13439,227574505,9092810,G6350,B5,S,27890720759127,3661489,Richfield Springs village,2606912,0,G4110,C1,A,2606912,0
221704257879641,13439,ZCTA5 13439,227574505,9092810,G6350,B5,S,2809015504388218,3665739,Schuyler Lake CDP,8380592,0,G4210,U1,S,3254114,0
221704257879641,13439,ZCTA5 13439,227574505,9092810,G6350,B5,S,2809015504388216,3670321,Springfield Center CDP,12466309,23171,G4210,U1,S,260621,0
221704257879647,13440,ZCTA5 13440,301853636,12526642,G6350,B5,S,NA,NA,NA,NA,NA,NA,NA,NA,139016351,8057385
221704257879647,13440,ZCTA5 13440,301853636,12526642,G6350,B5,S,2809015692388269,3640475,Lake Delta CDP,8668160,2774831,G4210,U1,S,6235468,2723370
221704257879647,13440,ZCTA5 13440,301853636,12526642,G6350,B5,S,27890717531455,3663418,Rome city,193870118,2077000,G4110,C5,A,156601817,1745887
221704257879648,13441,ZCTA5 13441,8786674,0,G6350,B5,S,27890717531455,3663418,Rome city,193870118,2077000,G4110,C5,A,8786674,0
221704257879649,13450,ZCTA5 13450,8784151,0,G6350,B5,S,NA,NA,NA,NA,NA,NA,NA,NA,8784151,0
221704257879650,13452,ZCTA5 13452,196177886,2055157,G6350,B5,S,NA,NA,NA,NA,NA,NA,NA,NA,193905087,2051868
221704257879650,13452,ZCTA5 13452,196177886,2055157,G6350,B5,S,27890729421571,3664639,St. Johnsville village,2272799,3289,G4110,C1,A,2272799,3289
221704257879651,13454,ZCTA5 13454,33251776,20766,G6350,B5,S,NA,NA,NA,NA,NA,NA,NA,NA,31648358,13917
221704257879651,13454,ZCTA5 13454,33251776,20766,G6350,B5,S,2809015692419269,3664848,Salisbury Center CDP,2369744,6849,G4210,U1,S,1603418,6849
2217026265990925,13455,ZCTA5 13455,440250,0,G6350,B5,S,NA,NA,NA,NA,NA,NA,NA,NA,440250,0
221704257879656,13456,ZCTA5 13456,66152107,0,G6350,B5,S,NA,NA,NA,NA,NA,NA,NA,NA,65995192,0
221704257879656,13456,ZCTA5 13456,66152107,0,G6350,B5,S,27890717531445,3616111,Clayville village,1137342,9911,G4110,C1,A,156915,0
2217026265990950,13457,ZCTA5 13457,3178230,0,G6350,B5,S,2809015504388218,3665739,Schuyler Lake CDP,8380592,0,G4210,U1,S,3178230,0
221704257879659,13459,ZCTA5 13459,130649417,392362,G6350,B5,S,NA,NA,NA,NA,NA,NA,NA,NA,125918096,392362
221704257879659,13459,ZCTA5 13459,130649417,392362,G6350,B5,S,27890721354108,3666663,Sharon Springs village,4731321,0,G4110,C1,A,4731321,0
221704257879661,13460,ZCTA5 13460,172562970,453469,G6350,B5,S,NA,NA,NA,NA,NA,NA,NA,NA,168627926,453469
221704257879661,13460,ZCTA5 13460,172562970,453469,G6350,B5,S,27890742608674,3666883,Sherburne village,3935044,0,G4110,C1,A,3935044,0
221704257879664,13461,ZCTA5 13461,6376380,0,G6350,B5,S,NA,NA,NA,NA,NA,NA,NA,NA,389701,0
221704257879664,13461,ZCTA5 13461,6376380,0,G6350,B5,S,27890717531456,3666993,Sherrill city,5986679,0,G4110,C1,A,5986679,0
221704257879670,13464,ZCTA5 13464,103145954,184747,G6350,B5,S,NA,NA,NA,NA,NA,NA,NA,NA,102513601,184747
221704257879670,13464,ZCTA5 13464,103145954,184747,G6350,B5,S,27890742608675,3668099,Smyrna village,632353,0,G4110,C1,A,632353,0
221704257879672,13468,ZCTA5 13468,15687550,280743,G6350,B5,S,NA,NA,NA,NA,NA,NA,NA,NA,7056514,257572
221704257879672,13468,ZCTA5 13468,15687550,280743,G6350,B5,S,2809015504388216,3670321,Springfield Center CDP,12466309,23171,G4210,U1,S,8631036,23171
221704257879676,13469,ZCTA5 13469,8019019,162631,G6350,B5,S,NA,NA,NA,NA,NA,NA,NA,NA,6750806,119448
221704257879676,13469,ZCTA5 13469,8019019,162631,G6350,B5,S,2809015692388287,3671377,Stittville CDP,1268213,43183,G4210,U1,S,1268213,43183
221704257879679,13470,ZCTA5 13470,233314566,5035699,G6350,B5,S,NA,NA,NA,NA,NA,NA,NA,NA,233314566,5035699
221704257879682,13471,ZCTA5 13471,204807635,949341,G6350,B5,S,NA,NA,NA,NA,NA,NA,NA,NA,204807635,949341
221704257879683,13472,ZCTA5 13472,35811430,862635,G6350,B5,S,NA,NA,NA,NA,NA,NA,NA,NA,34367378,789758
221704257879683,13472,ZCTA5 13472,35811430,862635,G6350,B5,S,280904258875557,3673495,Thendara CDP,1444052,72877,G4210,U1,S,1444052,72877
221704257879685,13473,ZCTA5 13473,105856545,0,G6350,B5,S,NA,NA,NA,NA,NA,NA,NA,NA,103198780,0
221704257879685,13473,ZCTA5 13473,105856545,0,G6350,B5,S,27890692736661,3675682,Turin village,2657765,0,G4110,C1,A,2657765,0
221704257879686,13475,ZCTA5 13475,5734293,0,G6350,B5,S,NA,NA,NA,NA,NA,NA,NA,NA,5734293,0
221704257879687,13476,ZCTA5 13476,59434249,28029,G6350,B5,S,NA,NA,NA,NA,NA,NA,NA,NA,56984406,19154
221704257879687,13476,ZCTA5 13476,59434249,28029,G6350,B5,S,27890717531459,3677112,Vernon village,2449843,8875,G4110,C1,A,2449843,8875
221704257879688,13477,ZCTA5 13477,46625853,0,G6350,B5,S,NA,NA,NA,NA,NA,NA,NA,NA,46625853,0
221704257879692,13478,ZCTA5 13478,90537061,22690,G6350,B5,S,NA,NA,NA,NA,NA,NA,NA,NA,80514996,22690
221704257879692,13478,ZCTA5 13478,90537061,22690,G6350,B5,S,27890717531455,3663418,Rome city,193870118,2077000,G4110,C5,A,5158278,0
221704257879692,13478,ZCTA5 13478,90537061,22690,G6350,B5,S,280903939146276,3677167,Verona CDP,4863787,0,G4210,U1,S,4863787,0
221704257879697,13480,ZCTA5 13480,142006553,464777,G6350,B5,S,NA,NA,NA,NA,NA,NA,NA,NA,138339463,464777
221704257879697,13480,ZCTA5 13480,142006553,464777,G6350,B5,S,27890717531460,3678663,Waterville village,3667090,0,G4110,C1,A,3667090,0
2217026265990921,13482,ZCTA5 13482,11246823,22429,G6350,B5,S,NA,NA,NA,NA,NA,NA,NA,NA,11246823,22429
221704257879698,13483,ZCTA5 13483,23295921,213418,G6350,B5,S,NA,NA,NA,NA,NA,NA,NA,NA,23295921,213418
221704257879699,13484,ZCTA5 13484,71415,0,G6350,B5,S,NA,NA,NA,NA,NA,NA,NA,NA,71415,0
221704257879701,13485,ZCTA5 13485,110774710,371275,G6350,B5,S,NA,NA,NA,NA,NA,NA,NA,NA,110774710,371275
221704257879702,13486,ZCTA5 13486,69003885,101965,G6350,B5,S,NA,NA,NA,NA,NA,NA,NA,NA,68085896,23505
221704257879702,13486,ZCTA5 13486,69003885,101965,G6350,B5,S,2809015692388275,3679895,Westernville CDP,917989,78460,G4210,U1,S,917989,78460
221704257879704,13488,ZCTA5 13488,12546209,0,G6350,B5,S,NA,NA,NA,NA,NA,NA,NA,NA,11597682,0
221704257879704,13488,ZCTA5 13488,12546209,0,G6350,B5,S,2809015504388223,3679961,Westford CDP,4259763,0,G4210,U1,S,948527,0
221704257879707,13489,ZCTA5 13489,80829669,1228175,G6350,B5,S,NA,NA,NA,NA,NA,NA,NA,NA,80829669,1228175
221704257879713,13490,ZCTA5 13490,25509104,0,G6350,B5,S,NA,NA,NA,NA,NA,NA,NA,NA,23657047,0
221704257879713,13490,ZCTA5 13490,25509104,0,G6350,B5,S,280903717135779,3680522,Westmoreland CDP,1852057,0,G4210,U1,S,1852057,0
221704257879715,13491,ZCTA5 13491,194599587,144561,G6350,B5,S,NA,NA,NA,NA,NA,NA,NA,NA,179266423,144561
221704257879715,13491,ZCTA5 13491,194599587,144561,G6350,B5,S,280905340320272,3608169,Bridgewater CDP,2515998,0,G4210,U1,S,56775,0
221704257879715,13491,ZCTA5 13491,194599587,144561,G6350,B5,S,2809015504388202,3676023,Unadilla Forks CDP,12916344,0,G4210,U1,S,12916344,0
221704257879715,13491,ZCTA5 13491,194599587,144561,G6350,B5,S,27890720759128,3681292,West Winfield village,2360045,0,G4110,C1,A,2360045,0
221704257879719,13492,ZCTA5 13492,39633822,15917,G6350,B5,S,NA,NA,NA,NA,NA,NA,NA,NA,36160083,4308
221704257879719,13492,ZCTA5 13492,39633822,15917,G6350,B5,S,28090717530981,3615902,Clark Mills CDP,3865028,48255,G4210,U1,S,755343,11609
221704257879719,13492,ZCTA5 13492,39633822,15917,G6350,B5,S,27890717531461,3681710,Whitesboro village,2718396,0,G4110,C1,A,2718396,0
221704257879721,13493,ZCTA5 13493,182907237,1613451,G6350,B5,S,NA,NA,NA,NA,NA,NA,NA,NA,182907237,1613451
221704257879722,13494,ZCTA5 13494,43880920,1023925,G6350,B5,S,NA,NA,NA,NA,NA,NA,NA,NA,39808580,38233
221704257879722,13494,ZCTA5 13494,43880920,1023925,G6350,B5,S,2809015692388276,3681644,White Lake CDP,5311723,985692,G4210,U1,S,4072340,985692
221704257879726,13495,ZCTA5 13495,2242191,0,G6350,B5,S,NA,NA,NA,NA,NA,NA,NA,NA,810352,0
221704257879726,13495,ZCTA5 13495,2242191,0,G6350,B5,S,27890717531449,3651011,New York Mills village,3056761,0,G4110,C1,A,43532,0
221704257879726,13495,ZCTA5 13495,2242191,0,G6350,B5,S,27890717531462,3684099,Yorkville village,1738780,0,G4110,C1,A,1388307,0
221704257879734,13501,ZCTA5 13501,22903199,152592,G6350,B5,S,NA,NA,NA,NA,NA,NA,NA,NA,3073329,152592
221704257879734,13501,ZCTA5 13501,22903199,152592,G6350,B5,S,27890717531458,3676540,Utica city,43310457,662078,G4110,C5,A,19829870,0
221704257879761,13502,ZCTA5 13502,133189738,1087842,G6350,B5,S,NA,NA,NA,NA,NA,NA,NA,NA,109391883,425764
221704257879761,13502,ZCTA5 13502,133189738,1087842,G6350,B5,S,27890717531458,3676540,Utica city,43310457,662078,G4110,C5,A,23447382,662078
221704257879761,13502,ZCTA5 13502,133189738,1087842,G6350,B5,S,27890717531462,3684099,Yorkville village,1738780,0,G4110,C1,A,350473,0
221704257879770,13601,ZCTA5 13601,364557629,6135931,G6350,B5,S,NA,NA,NA,NA,NA,NA,NA,NA,335397767,5084110
221704257879770,13601,ZCTA5 13601,364557629,6135931,G6350,B5,S,27890690944951,3606794,Black River village,4613749,271126,G4110,C1,A,292817,28975
221704257879770,13601,ZCTA5 13601,364557629,6135931,G6350,B5,S,27890690944961,3629322,Glen Park village,1849551,103094,G4110,C1,A,1849551,103094
221704257879770,13601,ZCTA5 13601,364557629,6135931,G6350,B5,S,280903717135767,3656212,Pamelia Center CDP,3623949,0,G4210,U1,S,3623949,0
221704257879770,13601,ZCTA5 13601,364557629,6135931,G6350,B5,S,27890690944967,3678608,Watertown city,23393545,919752,G4110,C5,A,23393545,919752
221704257879771,13602,ZCTA5 13602,29727227,941450,G6350,B5,S,NA,NA,NA,NA,NA,NA,NA,NA,6783535,735807
221704257879771,13602,ZCTA5 13602,29727227,941450,G6350,B5,S,28090690931465,3626759,Fort Drum CDP,37139292,288299,G4210,M2,S,22943692,205643
221704257879772,13603,ZCTA5 13603,14340032,82656,G6350,B5,S,27890690944951,3606794,Black River village,4613749,271126,G4110,C1,A,427717,0
221704257879772,13603,ZCTA5 13603,14340032,82656,G6350,B5,S,28090690931465,3626759,Fort Drum CDP,37139292,288299,G4210,M2,S,13912315,82656
221704257879776,13605,ZCTA5 13605,202138107,1919477,G6350,B5,S,NA,NA,NA,NA,NA,NA,NA,NA,196800650,1919477
221704257879776,13605,ZCTA5 13605,202138107,1919477,G6350,B5,S,27890690944948,3600199,Adams village,3742271,0,G4110,C1,A,3742271,0
221704257879776,13605,ZCTA5 13605,202138107,1919477,G6350,B5,S,280903717135772,3605683,Belleville CDP,1703068,42982,G4210,U1,S,1006130,0
221704257879776,13605,ZCTA5 13605,202138107,1919477,G6350,B5,S,27890690944963,3645073,Mannsville village,2323671,84385,G4110,C1,A,34401,0
221704257879776,13605,ZCTA5 13605,202138107,1919477,G6350,B5,S,280903717135777,3657782,Pierrepont Manor CDP,2003872,10334,G4210,U1,S,554655,0
221704257879777,13606,ZCTA5 13606,90672229,391985,G6350,B5,S,NA,NA,NA,NA,NA,NA,NA,NA,77972431,41121
221704257879777,13606,ZCTA5 13606,90672229,391985,G6350,B5,S,28090690931461,3600232,Adams Center CDP,12587226,350864,G4210,U1,S,12587226,350864
221704257879777,13606,ZCTA5 13606,90672229,391985,G6350,B5,S,280903717135773,3663330,Rodman CDP,413074,0,G4210,U1,S,112572,0
221704257879779,13607,ZCTA5 13607,42320433,24300290,G6350,B5,S,NA,NA,NA,NA,NA,NA,NA,NA,40379738,22336642
221704257879779,13607,ZCTA5 13607,42320433,24300290,G6350,B5,S,27890690944949,3601187,Alexandria Bay village,1940695,1963648,G4110,C1,A,1940695,1963648
221704257879780,13608,ZCTA5 13608,105663914,1397759,G6350,B5,S,NA,NA,NA,NA,NA,NA,NA,NA,102586902,1287575
221704257879780,13608,ZCTA5 13608,105663914,1397759,G6350,B5,S,27890690944950,3602286,Antwerp village,2598790,75433,G4110,C1,A,2320774,75433
221704257879780,13608,ZCTA5 13608,105663914,1397759,G6350,B5,S,280903717135770,3655937,Oxbow CDP,1045459,34751,G4210,U1,S,756238,34751
2217026265990936,13611,ZCTA5 13611,4667775,89902,G6350,B5,S,NA,NA,NA,NA,NA,NA,NA,NA,3970837,46920
2217026265990936,13611,ZCTA5 13611,4667775,89902,G6350,B5,S,280903717135772,3605683,Belleville CDP,1703068,42982,G4210,U1,S,696938,42982
221704257879782,13612,ZCTA5 13612,49061351,490947,G6350,B5,S,NA,NA,NA,NA,NA,NA,NA,NA,44489078,237762
221704257879782,13612,ZCTA5 13612,49061351,490947,G6350,B5,S,27890690944951,3606794,Black River village,4613749,271126,G4110,C1,A,3893215,242151
221704257879782,13612,ZCTA5 13612,49061351,490947,G6350,B5,S,280903717135768,3625571,Felts Mills CDP,1516723,35453,G4210,U1,S,395773,11034
221704257879782,13612,ZCTA5 13612,49061351,490947,G6350,B5,S,28090690931465,3626759,Fort Drum CDP,37139292,288299,G4210,M2,S,283285,0
221704257879784,13613,ZCTA5 13613,210340552,2090794,G6350,B5,S,NA,NA,NA,NA,NA,NA,NA,NA,202769759,1819819
221704257879784,13613,ZCTA5 13613,210340552,2090794,G6350,B5,S,2809015773719891,3600457,Akwesasne CDP,107775986,8295731,G4210,U2,S,2094063,8560
221704257879784,13613,ZCTA5 13613,210340552,2090794,G6350,B5,S,280903717135785,3607960,Brasher Falls CDP,4254340,262415,G4210,U1,S,4254340,262415
221704257879784,13613,ZCTA5 13613,210340552,2090794,G6350,B5,S,280903717135786,3682612,Winthrop CDP,7191685,58411,G4210,U1,S,1222390,0
221704257879785,13614,ZCTA5 13614,22632999,0,G6350,B5,S,NA,NA,NA,NA,NA,NA,NA,NA,22632999,0
221704257879786,13615,ZCTA5 13615,1653485,33989,G6350,B5,S,NA,NA,NA,NA,NA,NA,NA,NA,37580,0
221704257879786,13615,ZCTA5 13615,1653485,33989,G6350,B5,S,27890690944952,3610231,Brownville village,1615905,33989,G4110,C1,A,1615905,33989
221704257879787,13616,ZCTA5 13616,14401829,4035,G6350,B5,S,NA,NA,NA,NA,NA,NA,NA,NA,7320775,0
221704257879787,13616,ZCTA5 13616,14401829,4035,G6350,B5,S,28090690931463,3611671,Calcium CDP,14523031,4035,G4210,U1,S,7081054,4035
221704257879799,13617,ZCTA5 13617,343044947,3043247,G6350,B5,S,NA,NA,NA,NA,NA,NA,NA,NA,332309583,2710176
221704257879799,13617,ZCTA5 13617,343044947,3043247,G6350,B5,S,27890698110988,3612331,Canton village,10735364,333071,G4110,C1,A,10735364,333071
221704257879804,13618,ZCTA5 13618,125815257,6259100,G6350,B5,S,NA,NA,NA,NA,NA,NA,NA,NA,123993898,6192678
221704257879804,13618,ZCTA5 13618,125815257,6259100,G6350,B5,S,27890690944953,3612353,Cape Vincent village,1821359,66422,G4110,C1,A,1821359,66422
221704257879816,13619,ZCTA5 13619,291892398,4930913,G6350,B5,S,NA,NA,NA,NA,NA,NA,NA,NA,265715859,3784807
221704257879816,13619,ZCTA5 13619,291892398,4930913,G6350,B5,S,27890690944954,3612683,Carthage village,6281511,423605,G4110,C1,A,6281511,423605
221704257879816,13619,ZCTA5 13619,291892398,4930913,G6350,B5,S,27890690944957,3619994,Deferiet village,1747098,203228,G4110,C1,A,1230441,127889
221704257879816,13619,ZCTA5 13619,291892398,4930913,G6350,B5,S,28090690931466,3630136,Great Bend CDP,14999591,241315,G4210,U1,S,14887372,241315
221704257879816,13619,ZCTA5 13619,291892398,4930913,G6350,B5,S,280907120066985,3634220,Herrings CDP,398848,100580,G4210,U1,S,398848,100580
221704257879816,13619,ZCTA5 13619,291892398,4930913,G6350,B5,S,27890690944968,3679499,West Carthage village,3378367,252717,G4110,C1,A,3378367,252717
221704257879822,13620,ZCTA5 13620,96385591,479755,G6350,B5,S,NA,NA,NA,NA,NA,NA,NA,NA,95645930,479755
221704257879822,13620,ZCTA5 13620,96385591,479755,G6350,B5,S,27890692736650,3612881,Castorland village,831539,0,G4110,C1,A,739661,0
221704257879823,13621,ZCTA5 13621,74052487,2598343,G6350,B5,S,NA,NA,NA,NA,NA,NA,NA,NA,74052487,2598343
221704257879824,13622,ZCTA5 13622,136978346,3283658,G6350,B5,S,NA,NA,NA,NA,NA,NA,NA,NA,131578378,3041710
221704257879824,13622,ZCTA5 13622,136978346,3283658,G6350,B5,S,27890690944955,3614036,Chaumont village,2547061,241948,G4110,C1,A,2547061,241948
221704257879824,13622,ZCTA5 13622,136978346,3283658,G6350,B5,S,28090690931464,3620302,Depauville CDP,25439637,0,G4210,U1,S,2337565,0
221704257879824,13622,ZCTA5 13622,136978346,3283658,G6350,B5,S,280903717135776,3673737,Three Mile Bay CDP,732668,33054,G4210,U1,S,515342,0
221704257879825,13623,ZCTA5 13623,1154183,0,G6350,B5,S,NA,NA,NA,NA,NA,NA,NA,NA,1154183,0
221704257879832,13624,ZCTA5 13624,163995893,43237931,G6350,B5,S,NA,NA,NA,NA,NA,NA,NA,NA,156577891,40469031
221704257879832,13624,ZCTA5 13624,163995893,43237931,G6350,B5,S,27890690944956,3616089,Clayton village,4149907,2519077,G4110,C1,A,4149907,2519077
221704257879832,13624,ZCTA5 13624,163995893,43237931,G6350,B5,S,28090690931464,3620302,Depauville CDP,25439637,0,G4210,U1,S,3242627,0
221704257879832,13624,ZCTA5 13624,163995893,43237931,G6350,B5,S,280903717135778,3625934,Fishers Landing CDP,1168463,1446654,G4210,U1,S,25468,249823
221704257879834,13625,ZCTA5 13625,141214566,4211476,G6350,B5,S,NA,NA,NA,NA,NA,NA,NA,NA,136055986,3945091
221704257879834,13625,ZCTA5 13625,141214566,4211476,G6350,B5,S,280903775423021,3617398,Colton CDP,4294201,266385,G4210,U1,S,4294201,266385
221704257879834,13625,ZCTA5 13625,141214566,4211476,G6350,B5,S,280903775429355,3632006,Hannawa Falls CDP,13275479,821074,G4210,U1,S,864379,0
221704257879835,13626,ZCTA5 13626,226761172,421554,G6350,B5,S,NA,NA,NA,NA,NA,NA,NA,NA,223716631,421554
221704257879835,13626,ZCTA5 13626,226761172,421554,G6350,B5,S,27890692736655,3618135,Copenhagen village,3044541,0,G4110,C1,A,3044541,0
221704257879836,13628,ZCTA5 13628,516657,75339,G6350,B5,S,27890690944957,3619994,Deferiet village,1747098,203228,G4110,C1,A,516657,75339
221704257879837,13630,ZCTA5 13630,118683670,1000622,G6350,B5,S,NA,NA,NA,NA,NA,NA,NA,NA,108373085,839590
221704257879837,13630,ZCTA5 13630,118683670,1000622,G6350,B5,S,280903775399233,3620049,DeKalb Junction CDP,10310585,161032,G4210,U2,S,10310585,161032
2217026265990941,13632,ZCTA5 13632,4329571,0,G6350,B5,S,28090690931464,3620302,Depauville CDP,25439637,0,G4210,U1,S,4329571,0
221704257879838,13633,ZCTA5 13633,47586962,4364087,G6350,B5,S,NA,NA,NA,NA,NA,NA,NA,NA,47586962,4364087
221704257879841,13634,ZCTA5 13634,125262815,3589948,G6350,B5,S,NA,NA,NA,NA,NA,NA,NA,NA,123539137,3450086
221704257879841,13634,ZCTA5 13634,125262815,3589948,G6350,B5,S,27890690944958,3620500,Dexter village,1723678,139862,G4110,C1,A,1723678,139862
221704257879842,13635,ZCTA5 13635,121079931,2960872,G6350,B5,S,NA,NA,NA,NA,NA,NA,NA,NA,118684511,2865594
221704257879842,13635,ZCTA5 13635,121079931,2960872,G6350,B5,S,280905083671838,3623635,Edwards CDP,2395420,95278,G4210,U1,S,2395420,95278
221704257879844,13636,ZCTA5 13636,8763742,0,G6350,B5,S,NA,NA,NA,NA,NA,NA,NA,NA,6750066,0
221704257879844,13636,ZCTA5 13636,8763742,0,G6350,B5,S,27890690944959,3624075,Ellisburg village,2593307,0,G4110,C1,A,2013676,0
221704257879845,13637,ZCTA5 13637,91105101,55143,G6350,B5,S,NA,NA,NA,NA,NA,NA,NA,NA,81547661,55143
221704257879845,13637,ZCTA5 13637,91105101,55143,G6350,B5,S,28090690931463,3611671,Calcium CDP,14523031,4035,G4210,U1,S,7441977,0
221704257879845,13637,ZCTA5 13637,91105101,55143,G6350,B5,S,27890690944960,3624823,Evans Mills village,2115463,0,G4110,C1,A,2115463,0
221704257879846,13638,ZCTA5 13638,2090045,225530,G6350,B5,S,NA,NA,NA,NA,NA,NA,NA,NA,969095,201111
221704257879846,13638,ZCTA5 13638,2090045,225530,G6350,B5,S,280903717135768,3625571,Felts Mills CDP,1516723,35453,G4210,U1,S,1120950,24419
221704257879847,13639,ZCTA5 13639,8738216,15653,G6350,B5,S,NA,NA,NA,NA,NA,NA,NA,NA,8738216,15653
221704257879848,13640,ZCTA5 13640,31905314,17054876,G6350,B5,S,NA,NA,NA,NA,NA,NA,NA,NA,31812498,15010279
221704257879848,13640,ZCTA5 13640,31905314,17054876,G6350,B5,S,280903717135778,3625934,Fishers Landing CDP,1168463,1446654,G4210,U1,S,82944,1187930
221704257879848,13640,ZCTA5 13640,31905314,17054876,G6350,B5,S,280903717135769,3673726,Thousand Island Park CDP,768704,856667,G4210,U1,S,9872,856667
221704257879849,13641,ZCTA5 13641,1060051,8901,G6350,B5,S,280903717135778,3625934,Fishers Landing CDP,1168463,1446654,G4210,U1,S,1060051,8901
221704257879850,13642,ZCTA5 13642,489683133,11011723,G6350,B5,S,NA,NA,NA,NA,NA,NA,NA,NA,471585902,10490480
221704257879850,13642,ZCTA5 13642,489683133,11011723,G6350,B5,S,27890690944950,3602286,Antwerp village,2598790,75433,G4110,C1,A,32408,0
221704257879850,13642,ZCTA5 13642,489683133,11011723,G6350,B5,S,27890698110990,3629597,Gouverneur village,5676076,225777,G4110,C1,A,5676076,225777
221704257879850,13642,ZCTA5 13642,489683133,11011723,G6350,B5,S,280903775335867,3631346,Hailesboro CDP,12172630,295466,G4210,U1,S,12139613,295466
221704257879850,13642,ZCTA5 13642,489683133,11011723,G6350,B5,S,27890698111000,3661621,Richville village,1912198,0,G4110,C1,A,249134,0
221704257879851,13643,ZCTA5 13643,112219,0,G6350,B5,S,28090690931466,3630136,Great Bend CDP,14999591,241315,G4210,U1,S,112219,0
2217026265990944,13645,ZCTA5 13645,33017,0,G6350,B5,S,280903775335867,3631346,Hailesboro CDP,12172630,295466,G4210,U1,S,33017,0
221704257879853,13646,ZCTA5 13646,272000889,64083246,G6350,B5,S,NA,NA,NA,NA,NA,NA,NA,NA,270484106,64083246
221704257879853,13646,ZCTA5 13646,272000889,64083246,G6350,B5,S,27890698110991,3631830,Hammond village,1516783,0,G4110,C1,A,1516783,0
221704257879855,13647,ZCTA5 13647,3711058,0,G6350,B5,S,280903775429355,3632006,Hannawa Falls CDP,13275479,821074,G4210,U1,S,3711058,0
221704257879859,13648,ZCTA5 13648,448865525,11006336,G6350,B5,S,NA,NA,NA,NA,NA,NA,NA,NA,448865525,11006336
2217026265990937,13649,ZCTA5 13649,6328073,0,G6350,B5,S,NA,NA,NA,NA,NA,NA,NA,NA,5752457,0
2217026265990937,13649,ZCTA5 13649,6328073,0,G6350,B5,S,2809015773719891,3600457,Akwesasne CDP,107775986,8295731,G4210,U2,S,575616,0
221704257879860,13650,ZCTA5 13650,106560208,5528853,G6350,B5,S,NA,NA,NA,NA,NA,NA,NA,NA,105200149,5528853
221704257879860,13650,ZCTA5 13650,106560208,5528853,G6350,B5,S,280903717135771,3634044,Henderson CDP,1360059,0,G4210,U1,S,1360059,0
221704257879861,13651,ZCTA5 13651,5514172,322222,G6350,B5,S,NA,NA,NA,NA,NA,NA,NA,NA,5514172,322222
221704257879863,13652,ZCTA5 13652,191779601,2630187,G6350,B5,S,NA,NA,NA,NA,NA,NA,NA,NA,190504992,2630187
221704257879863,13652,ZCTA5 13652,191779601,2630187,G6350,B5,S,280907120064143,3634165,Hermon CDP,1274609,0,G4210,U1,S,1274609,0
221704257879865,13654,ZCTA5 13654,170984533,8184663,G6350,B5,S,NA,NA,NA,NA,NA,NA,NA,NA,169014208,7908345
221704257879865,13654,ZCTA5 13654,170984533,8184663,G6350,B5,S,27890698110993,3634264,Heuvelton village,1970325,276318,G4110,C1,A,1970325,276318
221704257879866,13655,ZCTA5 13655,50527996,5557363,G6350,B5,S,2809015773719891,3600457,Akwesasne CDP,107775986,8295731,G4210,U2,S,50527996,5557363
221704257879867,13656,ZCTA5 13656,225704034,2605508,G6350,B5,S,NA,NA,NA,NA,NA,NA,NA,NA,201192585,2463766
221704257879867,13656,ZCTA5 13656,225704034,2605508,G6350,B5,S,28090690931464,3620302,Depauville CDP,25439637,0,G4210,U1,S,15529874,0
221704257879867,13656,ZCTA5 13656,225704034,2605508,G6350,B5,S,28090690931467,3640233,La Fargeville CDP,8583456,141742,G4210,U1,S,8583456,141742
221704257879867,13656,ZCTA5 13656,225704034,2605508,G6350,B5,S,280903717135775,3658739,Plessis CDP,895556,0,G4210,U1,S,398119,0
221704257879868,13658,ZCTA5 13658,206497226,5483896,G6350,B5,S,NA,NA,NA,NA,NA,NA,NA,NA,206497226,5483896
221704257879870,13659,ZCTA5 13659,145794189,236943,G6350,B5,S,NA,NA,NA,NA,NA,NA,NA,NA,144525707,236943
221704257879870,13659,ZCTA5 13659,145794189,236943,G6350,B5,S,280903717135774,3643533,Lorraine CDP,1268482,0,G4210,U1,S,1268482,0
221704257879871,13660,ZCTA5 13660,152342701,1513613,G6350,B5,S,NA,NA,NA,NA,NA,NA,NA,NA,142688549,1168224
221704257879871,13660,ZCTA5 13660,152342701,1513613,G6350,B5,S,280903775446819,3644479,Madrid CDP,9654152,345389,G4210,U1,S,9654152,345389
221704257879872,13661,ZCTA5 13661,117405100,11841351,G6350,B5,S,NA,NA,NA,NA,NA,NA,NA,NA,113222659,11746632
221704257879872,13661,ZCTA5 13661,117405100,11841351,G6350,B5,S,27890690944959,3624075,Ellisburg village,2593307,0,G4110,C1,A,579631,0
221704257879872,13661,ZCTA5 13661,117405100,11841351,G6350,B5,S,27890690944963,3645073,Mannsville village,2323671,84385,G4110,C1,A,2289270,84385
221704257879872,13661,ZCTA5 13661,117405100,11841351,G6350,B5,S,280903717135777,3657782,Pierrepont Manor CDP,2003872,10334,G4210,U1,S,1313540,10334
221704257879878,13662,ZCTA5 13662,231132291,68768246,G6350,B5,S,NA,NA,NA,NA,NA,NA,NA,NA,197761216,65917038
221704257879878,13662,ZCTA5 13662,231132291,68768246,G6350,B5,S,2809015773719891,3600457,Akwesasne CDP,107775986,8295731,G4210,U2,S,21637248,2332389
221704257879878,13662,ZCTA5 13662,231132291,68768246,G6350,B5,S,27890698110994,3646019,Massena village,11733827,518819,G4110,C1,A,11733827,518819
221704257879879,13664,ZCTA5 13664,2525278,101901,G6350,B5,S,27890698110995,3648571,Morristown village,2543525,101901,G4110,C1,A,2525278,101901
221704257879880,13665,ZCTA5 13665,93222396,349322,G6350,B5,S,NA,NA,NA,NA,NA,NA,NA,NA,89580315,349322
221704257879880,13665,ZCTA5 13665,93222396,349322,G6350,B5,S,28090690931468,3649605,Natural Bridge CDP,3642081,0,G4210,U1,S,3642081,0
221704257879881,13666,ZCTA5 13666,104065134,7783401,G6350,B5,S,NA,NA,NA,NA,NA,NA,NA,NA,103011019,7655976
221704257879881,13666,ZCTA5 13666,104065134,7783401,G6350,B5,S,280903775374074,3618817,Cranberry Lake CDP,50305058,751023,G4210,U1,S,1054115,127425
221704257879882,13667,ZCTA5 13667,121616548,1242076,G6350,B5,S,NA,NA,NA,NA,NA,NA,NA,NA,116201224,953237
221704257879882,13667,ZCTA5 13667,121616548,1242076,G6350,B5,S,28090698110503,3651319,Norfolk CDP,6999928,288839,G4210,U1,S,5415324,288839
221704257879884,13668,ZCTA5 13668,95232260,3152656,G6350,B5,S,NA,NA,NA,NA,NA,NA,NA,NA,88221999,2713972
221704257879884,13668,ZCTA5 13668,95232260,3152656,G6350,B5,S,28090698110503,3651319,Norfolk CDP,6999928,288839,G4210,U1,S,1584604,0
221704257879884,13668,ZCTA5 13668,95232260,3152656,G6350,B5,S,27890698110996,3654012,Norwood village,5425657,438684,G4110,C1,A,5425657,438684
221704257879891,13669,ZCTA5 13669,262831774,48271663,G6350,B5,S,NA,NA,NA,NA,NA,NA,NA,NA,249978531,40033165
221704257879891,13669,ZCTA5 13669,262831774,48271663,G6350,B5,S,27890698110995,3648571,Morristown village,2543525,101901,G4110,C1,A,18247,0
221704257879891,13669,ZCTA5 13669,262831774,48271663,G6350,B5,S,27890698110997,3654485,Ogdensburg city,12834996,8238498,G4110,C5,A,12834996,8238498
221704257879892,13670,ZCTA5 13670,205640536,3525643,G6350,B5,S,NA,NA,NA,NA,NA,NA,NA,NA,205640536,3525643
221704257879894,13672,ZCTA5 13672,371051585,4715727,G6350,B5,S,NA,NA,NA,NA,NA,NA,NA,NA,368052759,4715727
221704257879894,13672,ZCTA5 13672,371051585,4715727,G6350,B5,S,280903775440938,3656363,Parishville CDP,8529659,173039,G4210,U1,S,2998826,0
221704257879896,13673,ZCTA5 13673,105635130,104792,G6350,B5,S,NA,NA,NA,NA,NA,NA,NA,NA,103154499,104792
221704257879896,13673,ZCTA5 13673,105635130,104792,G6350,B5,S,27890690944964,3657551,Philadelphia village,2480631,0,G4110,C1,A,2480631,0
221704257879897,13674,ZCTA5 13674,135677,0,G6350,B5,S,280903717135777,3657782,Pierrepont Manor CDP,2003872,10334,G4210,U1,S,135677,0
221704257879898,13675,ZCTA5 13675,3878972,526746,G6350,B5,S,NA,NA,NA,NA,NA,NA,NA,NA,3496716,526746
221704257879898,13675,ZCTA5 13675,3878972,526746,G6350,B5,S,280903717135775,3658739,Plessis CDP,895556,0,G4210,U1,S,382256,0
221704257879903,13676,ZCTA5 13676,413632578,4263976,G6350,B5,S,NA,NA,NA,NA,NA,NA,NA,NA,387395311,1988373
221704257879903,13676,ZCTA5 13676,413632578,4263976,G6350,B5,S,280903775429355,3632006,Hannawa Falls CDP,13275479,821074,G4210,U1,S,8700042,821074
221704257879903,13676,ZCTA5 13676,413632578,4263976,G6350,B5,S,280903775440938,3656363,Parishville CDP,8529659,173039,G4210,U1,S,5530833,173039
221704257879903,13676,ZCTA5 13676,413632578,4263976,G6350,B5,S,27890698110998,3659564,Potsdam village,12736472,1281490,G4110,C1,A,12006392,1281490
221704257879905,13678,ZCTA5 13678,5699378,0,G6350,B5,S,NA,NA,NA,NA,NA,NA,NA,NA,5699378,0
221704257879907,13679,ZCTA5 13679,158298989,9989477,G6350,B5,S,NA,NA,NA,NA,NA,NA,NA,NA,153203394,8655811
221704257879907,13679,ZCTA5 13679,158298989,9989477,G6350,B5,S,28090690931469,3661016,Redwood CDP,5095595,1333666,G4210,U1,S,5095595,1333666
221704257879910,13680,ZCTA5 13680,99423600,885769,G6350,B5,S,NA,NA,NA,NA,NA,NA,NA,NA,98671021,816893
221704257879910,13680,ZCTA5 13680,99423600,885769,G6350,B5,S,27890698110999,3661159,Rensselaer Falls village,752579,68876,G4110,C1,A,752579,68876
221704257879911,13681,ZCTA5 13681,88176202,840201,G6350,B5,S,NA,NA,NA,NA,NA,NA,NA,NA,86513138,840201
221704257879911,13681,ZCTA5 13681,88176202,840201,G6350,B5,S,27890698111000,3661621,Richville village,1912198,0,G4110,C1,A,1663064,0
221704257879912,13682,ZCTA5 13682,89098008,117423,G6350,B5,S,NA,NA,NA,NA,NA,NA,NA,NA,88797506,117423
221704257879912,13682,ZCTA5 13682,89098008,117423,G6350,B5,S,280903717135773,3663330,Rodman CDP,413074,0,G4210,U1,S,300502,0
2217026265990931,13683,ZCTA5 13683,426470,0,G6350,B5,S,2809015773719891,3600457,Akwesasne CDP,107775986,8295731,G4210,U2,S,426470,0
221704257879913,13684,ZCTA5 13684,420279415,3747559,G6350,B5,S,NA,NA,NA,NA,NA,NA,NA,NA,420279415,3747559
221704257879914,13685,ZCTA5 13685,37062892,1873631,G6350,B5,S,NA,NA,NA,NA,NA,NA,NA,NA,31091154,1858945
221704257879914,13685,ZCTA5 13685,37062892,1873631,G6350,B5,S,27890690944965,3664408,Sackets Harbor village,5971738,14686,G4110,C1,A,5971738,14686
221704257879915,13687,ZCTA5 13687,196345208,22958406,G6350,B5,S,NA,NA,NA,NA,NA,NA,NA,NA,196345208,22958406
221704257879916,13690,ZCTA5 13690,140950988,3325558,G6350,B5,S,NA,NA,NA,NA,NA,NA,NA,NA,129715173,2224013
221704257879916,13690,ZCTA5 13690,140950988,3325558,G6350,B5,S,28090698110504,3670849,Star Lake CDP,11235815,1101545,G4210,U1,S,11235815,1101545
221704257879917,13691,ZCTA5 13691,183953059,8565412,G6350,B5,S,NA,NA,NA,NA,NA,NA,NA,NA,180277432,8408202
221704257879917,13691,ZCTA5 13691,183953059,8565412,G6350,B5,S,280903717135770,3655937,Oxbow CDP,1045459,34751,G4210,U1,S,289221,0
221704257879917,13691,ZCTA5 13691,183953059,8565412,G6350,B5,S,280903717135775,3658739,Plessis CDP,895556,0,G4210,U1,S,115181,0
221704257879917,13691,ZCTA5 13691,183953059,8565412,G6350,B5,S,27890690944966,3673517,Theresa village,3271225,157210,G4110,C1,A,3271225,157210
221704257879918,13692,ZCTA5 13692,758832,0,G6350,B5,S,280903717135769,3673726,Thousand Island Park CDP,768704,856667,G4210,U1,S,758832,0
221704257879920,13693,ZCTA5 13693,53482728,4369726,G6350,B5,S,NA,NA,NA,NA,NA,NA,NA,NA,53265402,4336672
221704257879920,13693,ZCTA5 13693,53482728,4369726,G6350,B5,S,280903717135776,3673737,Three Mile Bay CDP,732668,33054,G4210,U1,S,217326,33054
221704257879921,13694,ZCTA5 13694,46882606,10582820,G6350,B5,S,NA,NA,NA,NA,NA,NA,NA,NA,41236357,10097753
221704257879921,13694,ZCTA5 13694,46882606,10582820,G6350,B5,S,27890698111001,3677728,Waddington village,5646249,485067,G4110,C1,A,5646249,485067
221704257879922,13695,ZCTA5 13695,53759451,864201,G6350,B5,S,NA,NA,NA,NA,NA,NA,NA,NA,53759451,864201
221704257879923,13696,ZCTA5 13696,7331864,0,G6350,B5,S,NA,NA,NA,NA,NA,NA,NA,NA,7331864,0
221704257879925,13697,ZCTA5 13697,167980818,1057051,G6350,B5,S,NA,NA,NA,NA,NA,NA,NA,NA,162011523,998640
221704257879925,13697,ZCTA5 13697,167980818,1057051,G6350,B5,S,280903717135786,3682612,Winthrop CDP,7191685,58411,G4210,U1,S,5969295,58411
2217026265990920,13699,ZCTA5 13699,730080,0,G6350,B5,S,27890698110998,3659564,Potsdam village,12736472,1281490,G4110,C1,A,730080,0
221704257879927,13730,ZCTA5 13730,132842656,1889597,G6350,B5,S,NA,NA,NA,NA,NA,NA,NA,NA,128888772,1700369
221704257879927,13730,ZCTA5 13730,132842656,1889597,G6350,B5,S,27890742608660,3600342,Afton village,3953884,189228,G4110,C1,A,3953884,189228
221704257879929,13731,ZCTA5 13731,232656761,9641448,G6350,B5,S,NA,NA,NA,NA,NA,NA,NA,NA,229034840,9640219
221704257879929,13731,ZCTA5 13731,232656761,9641448,G6350,B5,S,280903926956258,3602121,Andes CDP,3621921,1229,G4210,U1,S,3621921,1229
221704257879930,13732,ZCTA5 13732,85262358,1914009,G6350,B5,S,NA,NA,NA,NA,NA,NA,NA,NA,75218071,1914009
221704257879930,13732,ZCTA5 13732,85262358,1914009,G6350,B5,S,28090740746713,3602308,Apalachin CDP,7448260,0,G4210,U1,S,7448260,0
221704257879930,13732,ZCTA5 13732,85262358,1914009,G6350,B5,S,2809015682463684,3673990,Tioga Terrace CDP,2596027,0,G4210,U1,S,2596027,0
221704257879933,13733,ZCTA5 13733,228577224,1560385,G6350,B5,S,NA,NA,NA,NA,NA,NA,NA,NA,225173606,1458173
221704257879933,13733,ZCTA5 13733,228577224,1560385,G6350,B5,S,27890742608669,3604033,Bainbridge village,3403618,102212,G4110,C1,A,3403618,102212
221704257879934,13734,ZCTA5 13734,103453886,1736028,G6350,B5,S,NA,NA,NA,NA,NA,NA,NA,NA,103453886,1736028
221704257879935,13736,ZCTA5 13736,158295176,96003,G6350,B5,S,NA,NA,NA,NA,NA,NA,NA,NA,158295176,96003
2217026265990914,13738,ZCTA5 13738,484825,0,G6350,B5,S,280903926956196,3606937,Blodgett Mills CDP,5630685,0,G4210,U1,S,484825,0
221704257879938,13739,ZCTA5 13739,101563702,213046,G6350,B5,S,NA,NA,NA,NA,NA,NA,NA,NA,98153461,196812
221704257879938,13739,ZCTA5 13739,101563702,213046,G6350,B5,S,280903926956304,3607025,Bloomville CDP,3410241,16234,G4210,U1,S,3410241,16234
221704257879939,13740,ZCTA5 13740,93019510,104247,G6350,B5,S,NA,NA,NA,NA,NA,NA,NA,NA,93019510,104247
221704257879940,13743,ZCTA5 13743,156138635,264142,G6350,B5,S,NA,NA,NA,NA,NA,NA,NA,NA,155010187,264142
221704257879940,13743,ZCTA5 13743,156138635,264142,G6350,B5,S,27890740747567,3612210,Candor village,1128448,0,G4110,C1,A,1128448,0
221704257879941,13744,ZCTA5 13744,26299162,10155,G6350,B5,S,NA,NA,NA,NA,NA,NA,NA,NA,26299162,10155
221704257879942,13746,ZCTA5 13746,86875086,946461,G6350,B5,S,NA,NA,NA,NA,NA,NA,NA,NA,86875086,946461
2217026265990945,13747,ZCTA5 13747,341681,0,G6350,B5,S,NA,NA,NA,NA,NA,NA,NA,NA,341681,0
221704257879943,13748,ZCTA5 13748,34974454,1027070,G6350,B5,S,NA,NA,NA,NA,NA,NA,NA,NA,34974454,1027070
221704257879946,13750,ZCTA5 13750,61638262,371152,G6350,B5,S,NA,NA,NA,NA,NA,NA,NA,NA,61155102,371152
221704257879946,13750,ZCTA5 13750,61638262,371152,G6350,B5,S,280903926956391,3619774,Davenport Center CDP,8036849,104185,G4210,U1,S,483160,0
221704257879947,13751,ZCTA5 13751,8457667,106629,G6350,B5,S,NA,NA,NA,NA,NA,NA,NA,NA,4709767,51498
221704257879947,13751,ZCTA5 13751,8457667,106629,G6350,B5,S,280903926956391,3619774,Davenport Center CDP,8036849,104185,G4210,U1,S,3747900,55131
221704257879949,13752,ZCTA5 13752,141000679,7081210,G6350,B5,S,NA,NA,NA,NA,NA,NA,NA,NA,141000679,7081210
221704257879954,13753,ZCTA5 13753,253642468,1668997,G6350,B5,S,NA,NA,NA,NA,NA,NA,NA,NA,245416643,1536933
221704257879954,13753,ZCTA5 13753,253642468,1668997,G6350,B5,S,27890727044963,3620126,Delhi village,8225825,132064,G4110,C1,A,8225825,132064
221704257879956,13754,ZCTA5 13754,201785228,4756205,G6350,B5,S,NA,NA,NA,NA,NA,NA,NA,NA,198514408,4618439
221704257879956,13754,ZCTA5 13754,201785228,4756205,G6350,B5,S,27890727044964,3620346,Deposit village,3270820,137766,G4110,C1,A,3270820,137766
221704257879957,13755,ZCTA5 13755,135054946,1370956,G6350,B5,S,NA,NA,NA,NA,NA,NA,NA,NA,124750696,1166574
221704257879957,13755,ZCTA5 13755,135054946,1370956,G6350,B5,S,280903926956468,3620852,Downsville CDP,11376185,205276,G4210,U1,S,10304250,204382
221704257879958,13756,ZCTA5 13756,116538327,1568032,G6350,B5,S,NA,NA,NA,NA,NA,NA,NA,NA,116538327,1568032
221704257879959,13757,ZCTA5 13757,92226500,224682,G6350,B5,S,NA,NA,NA,NA,NA,NA,NA,NA,91223866,222100
221704257879959,13757,ZCTA5 13757,92226500,224682,G6350,B5,S,280903926956391,3619774,Davenport Center CDP,8036849,104185,G4210,U1,S,1002634,2582
221704257879963,13760,ZCTA5 13760,127682829,1304889,G6350,B5,S,NA,NA,NA,NA,NA,NA,NA,NA,106549581,1204036
221704257879963,13760,ZCTA5 13760,127682829,1304889,G6350,B5,S,2809015682463671,3618993,Crest View Heights CDP,3165020,7198,G4210,U1,S,3165020,7198
221704257879963,13760,ZCTA5 13760,127682829,1304889,G6350,B5,S,27890738294075,3624515,Endicott village,8272082,10399,G4110,C1,A,8272082,10399
221704257879963,13760,ZCTA5 13760,127682829,1304889,G6350,B5,S,28090738290006,3624526,Endwell CDP,9696146,83256,G4210,U1,S,9696146,83256
221704257879964,13774,ZCTA5 13774,15656987,260503,G6350,B5,S,NA,NA,NA,NA,NA,NA,NA,NA,15656987,260503
221704257879966,13775,ZCTA5 13775,126081361,946112,G6350,B5,S,NA,NA,NA,NA,NA,NA,NA,NA,125203694,928911
221704257879966,13775,ZCTA5 13775,126081361,946112,G6350,B5,S,27890727044966,3627221,Franklin village,877667,17201,G4110,C1,A,877667,17201
221704257879967,13776,ZCTA5 13776,16324875,2152,G6350,B5,S,NA,NA,NA,NA,NA,NA,NA,NA,13728031,2152
221704257879967,13776,ZCTA5 13776,16324875,2152,G6350,B5,S,27890734369533,3628959,Gilbertsville village,2596844,0,G4110,C1,A,2596844,0
221704257879969,13777,ZCTA5 13777,19659172,0,G6350,B5,S,NA,NA,NA,NA,NA,NA,NA,NA,17781960,0
221704257879969,13777,ZCTA5 13777,19659172,0,G6350,B5,S,280903939462740,3629058,Glen Aubrey CDP,2555090,0,G4210,U1,S,1877212,0
221704257879974,13778,ZCTA5 13778,247384675,1584586,G6350,B5,S,NA,NA,NA,NA,NA,NA,NA,NA,243154438,1487198
221704257879974,13778,ZCTA5 13778,247384675,1584586,G6350,B5,S,27890742608670,3630411,Greene village,2765341,97388,G4110,C1,A,2765341,97388
221704257879974,13778,ZCTA5 13778,247384675,1584586,G6350,B5,S,280903926956109,3668088,Smithville Flats CDP,3682896,0,G4210,U1,S,1464896,0
221704257879975,13780,ZCTA5 13780,58983291,611805,G6350,B5,S,NA,NA,NA,NA,NA,NA,NA,NA,55523696,306245
221704257879975,13780,ZCTA5 13780,58983291,611805,G6350,B5,S,280903926956156,3631137,Guilford CDP,3459595,305560,G4210,U1,S,3459595,305560
221704257879976,13782,ZCTA5 13782,92947581,244333,G6350,B5,S,NA,NA,NA,NA,NA,NA,NA,NA,91875646,243439
221704257879976,13782,ZCTA5 13782,92947581,244333,G6350,B5,S,280903926956468,3620852,Downsville CDP,11376185,205276,G4210,U1,S,1071935,894
221704257879980,13783,ZCTA5 13783,291463557,5246874,G6350,B5,S,NA,NA,NA,NA,NA,NA,NA,NA,287406658,4910042
221704257879980,13783,ZCTA5 13783,291463557,5246874,G6350,B5,S,27890727044967,3631940,Hancock village,4056899,336832,G4110,C1,A,4056899,336832
221704257879981,13784,ZCTA5 13784,2667475,0,G6350,B5,S,NA,NA,NA,NA,NA,NA,NA,NA,2667475,0
221704257879982,13786,ZCTA5 13786,20108080,99459,G6350,B5,S,NA,NA,NA,NA,NA,NA,NA,NA,20108080,99459
221704257879983,13787,ZCTA5 13787,157412445,1655624,G6350,B5,S,NA,NA,NA,NA,NA,NA,NA,NA,157412445,1655624
221704257879985,13788,ZCTA5 13788,89508863,121326,G6350,B5,S,NA,NA,NA,NA,NA,NA,NA,NA,88219399,103275
221704257879985,13788,ZCTA5 13788,89508863,121326,G6350,B5,S,27890727044968,3634979,Hobart village,1289464,18051,G4110,C1,A,1289464,18051
221704257879990,13790,ZCTA5 13790,70418424,641674,G6350,B5,S,NA,NA,NA,NA,NA,NA,NA,NA,58618811,341261
221704257879990,13790,ZCTA5 13790,70418424,641674,G6350,B5,S,27890738294074,3606607,Binghamton city,27141216,1675760,G4110,C5,A,10120,0
221704257879990,13790,ZCTA5 13790,70418424,641674,G6350,B5,S,27890738294076,3638748,Johnson City village,11789493,300413,G4110,C1,A,11789493,300413
221704257880002,13795,ZCTA5 13795,61896895,889250,G6350,B5,S,NA,NA,NA,NA,NA,NA,NA,NA,61896895,889250
221704257880007,13796,ZCTA5 13796,63273669,390623,G6350,B5,S,NA,NA,NA,NA,NA,NA,NA,NA,62941095,390623
221704257880007,13796,ZCTA5 13796,63273669,390623,G6350,B5,S,27890734369534,3641520,Laurens village,332574,0,G4110,C1,A,332574,0
221704257880008,13797,ZCTA5 13797,87055017,257598,G6350,B5,S,NA,NA,NA,NA,NA,NA,NA,NA,84614933,257598
221704257880008,13797,ZCTA5 13797,87055017,257598,G6350,B5,S,27890738294077,3642642,Lisle village,2425304,0,G4110,C1,A,2425304,0
221704257880008,13797,ZCTA5 13797,87055017,257598,G6350,B5,S,27890738294079,3681831,Whitney Point village,2700154,181915,G4110,C1,A,14780,0
221704257880010,13801,ZCTA5 13801,166349642,1511130,G6350,B5,S,NA,NA,NA,NA,NA,NA,NA,NA,166276267,1511130
221704257880010,13801,ZCTA5 13801,166349642,1511130,G6350,B5,S,280903926956109,3668088,Smithville Flats CDP,3682896,0,G4210,U1,S,73375,0
221704257880011,13802,ZCTA5 13802,27758557,56025,G6350,B5,S,NA,NA,NA,NA,NA,NA,NA,NA,27758557,56025
221704257880014,13803,ZCTA5 13803,242139185,774249,G6350,B5,S,NA,NA,NA,NA,NA,NA,NA,NA,239213549,769066
221704257880014,13803,ZCTA5 13803,242139185,774249,G6350,B5,S,27890722549867,3645392,Marathon village,2925636,5183,G4110,C1,A,2925636,5183
221704257880015,13804,ZCTA5 13804,27187123,72541,G6350,B5,S,NA,NA,NA,NA,NA,NA,NA,NA,27187123,72541
221704257880016,13806,ZCTA5 13806,10209912,13776,G6350,B5,S,NA,NA,NA,NA,NA,NA,NA,NA,10209912,13776
221704257880017,13807,ZCTA5 13807,55600343,708135,G6350,B5,S,NA,NA,NA,NA,NA,NA,NA,NA,53773281,708135
221704257880017,13807,ZCTA5 13807,55600343,708135,G6350,B5,S,2809015504388219,3632597,Hartwick Seminary CDP,5082095,0,G4210,U1,S,728255,0
221704257880017,13807,ZCTA5 13807,55600343,708135,G6350,B5,S,27890734369535,3647229,Milford village,1098807,0,G4110,C1,A,1098807,0
221704257880019,13808,ZCTA5 13808,95137172,207938,G6350,B5,S,NA,NA,NA,NA,NA,NA,NA,NA,93205982,187255
221704257880019,13808,ZCTA5 13808,95137172,207938,G6350,B5,S,27890734369536,3648483,Morris village,1931190,20683,G4110,C1,A,1931190,20683
221704257880020,13809,ZCTA5 13809,87225147,0,G6350,B5,S,NA,NA,NA,NA,NA,NA,NA,NA,87225147,0
221704257880022,13810,ZCTA5 13810,98423873,474869,G6350,B5,S,NA,NA,NA,NA,NA,NA,NA,NA,94502939,474869
221704257880022,13810,ZCTA5 13810,98423873,474869,G6350,B5,S,2809015504388234,3649143,Mount Vision CDP,3920934,0,G4210,U1,S,3920934,0
221704257880023,13811,ZCTA5 13811,161146682,388696,G6350,B5,S,NA,NA,NA,NA,NA,NA,NA,NA,158588297,388696
221704257880023,13811,ZCTA5 13811,161146682,388696,G6350,B5,S,27890740747568,3649902,Newark Valley village,2558385,0,G4110,C1,A,2558385,0
221704257880025,13812,ZCTA5 13812,81114934,2372802,G6350,B5,S,NA,NA,NA,NA,NA,NA,NA,NA,79772188,2372802
221704257880025,13812,ZCTA5 13812,81114934,2372802,G6350,B5,S,27890740747569,3651110,Nichols village,1342746,0,G4110,C1,A,1342746,0
221704257880026,13813,ZCTA5 13813,74894424,671416,G6350,B5,S,NA,NA,NA,NA,NA,NA,NA,NA,74894424,671416
2217026265990918,13814,ZCTA5 13814,72420,0,G6350,B5,S,NA,NA,NA,NA,NA,NA,NA,NA,72420,0
221704257880040,13815,ZCTA5 13815,280294032,951156,G6350,B5,S,NA,NA,NA,NA,NA,NA,NA,NA,274791867,951156
221704257880040,13815,ZCTA5 13815,280294032,951156,G6350,B5,S,27890742608672,3653979,Norwich city,5502165,0,G4110,C5,A,5502165,0
221704257880070,13820,ZCTA5 13820,277995861,1630850,G6350,B5,S,NA,NA,NA,NA,NA,NA,NA,NA,254417980,1382953
221704257880070,13820,ZCTA5 13820,277995861,1630850,G6350,B5,S,280903926956391,3619774,Davenport Center CDP,8036849,104185,G4210,U1,S,2803155,46472
221704257880070,13820,ZCTA5 13820,277995861,1630850,G6350,B5,S,27890734369537,3654881,Oneonta city,11295615,9943,G4110,C5,A,11295615,9943
221704257880070,13820,ZCTA5 13820,277995861,1630850,G6350,B5,S,27890734369538,3655618,Otego village,3002942,0,G4110,C1,A,14567,0
221704257880070,13820,ZCTA5 13820,277995861,1630850,G6350,B5,S,28090734367279,3679796,West End CDP,9464544,191482,G4210,U1,S,9464544,191482
221704257880073,13825,ZCTA5 13825,146595728,409502,G6350,B5,S,NA,NA,NA,NA,NA,NA,NA,NA,142473852,409502
221704257880073,13825,ZCTA5 13825,146595728,409502,G6350,B5,S,27890734369538,3655618,Otego village,3002942,0,G4110,C1,A,2988375,0
221704257880073,13825,ZCTA5 13825,146595728,409502,G6350,B5,S,2809015504388221,3679070,Wells Bridge CDP,2342041,0,G4210,U1,S,1133501,0
221704257880074,13826,ZCTA5 13826,4427194,617040,G6350,B5,S,NA,NA,NA,NA,NA,NA,NA,NA,4427194,617040
221704257880085,13827,ZCTA5 13827,234873358,2571046,G6350,B5,S,NA,NA,NA,NA,NA,NA,NA,NA,228273891,1971966
221704257880085,13827,ZCTA5 13827,234873358,2571046,G6350,B5,S,27890740747570,3655882,Owego village,6599467,599080,G4110,C1,A,6599467,599080
221704257880087,13830,ZCTA5 13830,283556209,2036840,G6350,B5,S,NA,NA,NA,NA,NA,NA,NA,NA,278968045,2036840
221704257880087,13830,ZCTA5 13830,283556209,2036840,G6350,B5,S,27890742608673,3655948,Oxford village,4588164,0,G4110,C1,A,4588164,0
221704257880088,13832,ZCTA5 13832,53054376,109131,G6350,B5,S,NA,NA,NA,NA,NA,NA,NA,NA,53054376,109131
221704257880090,13833,ZCTA5 13833,95372583,388601,G6350,B5,S,NA,NA,NA,NA,NA,NA,NA,NA,95372583,388601
221704257880091,13834,ZCTA5 13834,6815644,97857,G6350,B5,S,NA,NA,NA,NA,NA,NA,NA,NA,6453408,97857
221704257880091,13834,ZCTA5 13834,6815644,97857,G6350,B5,S,2809015504388233,3659443,Portlandville CDP,595738,11659,G4210,U1,S,362236,0
221704257880095,13835,ZCTA5 13835,113464073,99237,G6350,B5,S,NA,NA,NA,NA,NA,NA,NA,NA,113464073,99237
221704257880096,13838,ZCTA5 13838,22333560,348565,G6350,B5,S,NA,NA,NA,NA,NA,NA,NA,NA,16169685,236794
221704257880096,13838,ZCTA5 13838,22333560,348565,G6350,B5,S,27890727044970,3667334,Sidney village,6163875,111771,G4110,C1,A,6163875,111771
221704257880099,13839,ZCTA5 13839,131068871,430214,G6350,B5,S,NA,NA,NA,NA,NA,NA,NA,NA,131068871,430214
221704257880100,13841,ZCTA5 13841,23825847,958127,G6350,B5,S,NA,NA,NA,NA,NA,NA,NA,NA,21681222,958127
221704257880100,13841,ZCTA5 13841,23825847,958127,G6350,B5,S,280903926956109,3668088,Smithville Flats CDP,3682896,0,G4210,U1,S,2144625,0
221704257880101,13842,ZCTA5 13842,35701877,338793,G6350,B5,S,NA,NA,NA,NA,NA,NA,NA,NA,35701877,338793
221704257880102,13843,ZCTA5 13843,134732545,742450,G6350,B5,S,NA,NA,NA,NA,NA,NA,NA,NA,134732545,742450
221704257880103,13844,ZCTA5 13844,73385969,106370,G6350,B5,S,NA,NA,NA,NA,NA,NA,NA,NA,73385969,106370
221704257880105,13846,ZCTA5 13846,17729155,87534,G6350,B5,S,NA,NA,NA,NA,NA,NA,NA,NA,17729155,87534
221704257880106,13847,ZCTA5 13847,102123,0,G6350,B5,S,NA,NA,NA,NA,NA,NA,NA,NA,102123,0
221704257880109,13849,ZCTA5 13849,186582976,1694228,G6350,B5,S,NA,NA,NA,NA,NA,NA,NA,NA,183898296,1567671
221704257880109,13849,ZCTA5 13849,186582976,1694228,G6350,B5,S,27890734369539,3676001,Unadilla village,2684680,126557,G4110,C1,A,2684680,126557
221704257880111,13850,ZCTA5 13850,132253174,2166104,G6350,B5,S,NA,NA,NA,NA,NA,NA,NA,NA,132088913,2166104
221704257880111,13850,ZCTA5 13850,132253174,2166104,G6350,B5,S,280903939478353,3606644,Binghamton University CDP,2008507,0,G4210,U2,S,164261,0
221704257880113,13856,ZCTA5 13856,465425091,18443013,G6350,B5,S,NA,NA,NA,NA,NA,NA,NA,NA,461430410,18292324
221704257880113,13856,ZCTA5 13856,465425091,18443013,G6350,B5,S,27890727044972,3678036,Walton village,3994681,150689,G4110,C1,A,3994681,150689
221704257880114,13859,ZCTA5 13859,1279799,0,G6350,B5,S,NA,NA,NA,NA,NA,NA,NA,NA,71259,0
221704257880114,13859,ZCTA5 13859,1279799,0,G6350,B5,S,2809015504388221,3679070,Wells Bridge CDP,2342041,0,G4210,U1,S,1208540,0
221704257880115,13860,ZCTA5 13860,8928030,13715,G6350,B5,S,NA,NA,NA,NA,NA,NA,NA,NA,8928030,13715
221704257880116,13861,ZCTA5 13861,9806553,44221,G6350,B5,S,NA,NA,NA,NA,NA,NA,NA,NA,9806553,44221
221704257880117,13862,ZCTA5 13862,133191022,5513081,G6350,B5,S,NA,NA,NA,NA,NA,NA,NA,NA,129827770,5331166
221704257880117,13862,ZCTA5 13862,133191022,5513081,G6350,B5,S,280903939462740,3629058,Glen Aubrey CDP,2555090,0,G4210,U1,S,677878,0
221704257880117,13862,ZCTA5 13862,133191022,5513081,G6350,B5,S,27890738294079,3681831,Whitney Point village,2700154,181915,G4110,C1,A,2685374,181915
221704257880118,13863,ZCTA5 13863,31938517,666819,G6350,B5,S,NA,NA,NA,NA,NA,NA,NA,NA,31938517,666819
221704257880119,13864,ZCTA5 13864,66757039,14637,G6350,B5,S,NA,NA,NA,NA,NA,NA,NA,NA,66757039,14637
221704257880122,13865,ZCTA5 13865,277959512,3237791,G6350,B5,S,NA,NA,NA,NA,NA,NA,NA,NA,275112078,3063423
221704257880122,13865,ZCTA5 13865,277959512,3237791,G6350,B5,S,27890738294080,3682524,Windsor village,2847434,174368,G4110,C1,A,2847434,174368
221704257880131,13901,ZCTA5 13901,59560023,2190212,G6350,B5,S,NA,NA,NA,NA,NA,NA,NA,NA,48037285,1155128
221704257880131,13901,ZCTA5 13901,59560023,2190212,G6350,B5,S,27890738294074,3606607,Binghamton city,27141216,1675760,G4110,C5,A,3556888,472312
221704257880131,13901,ZCTA5 13901,59560023,2190212,G6350,B5,S,280903926956067,3615121,Chenango Bridge CDP,6342875,371972,G4210,U1,S,6342875,371972
221704257880131,13901,ZCTA5 13901,59560023,2190212,G6350,B5,S,27890738294078,3659245,Port Dickinson village,1622975,190800,G4110,C1,A,1622975,190800
221704257880133,13902,ZCTA5 13902,1844246,0,G6350,B5,S,280903939478353,3606644,Binghamton University CDP,2008507,0,G4210,U2,S,1844246,0
221704257880134,13903,ZCTA5 13903,102192363,1200237,G6350,B5,S,NA,NA,NA,NA,NA,NA,NA,NA,93584634,457674
221704257880134,13903,ZCTA5 13903,102192363,1200237,G6350,B5,S,27890738294074,3606607,Binghamton city,27141216,1675760,G4110,C5,A,8607729,742563
221704257880135,13904,ZCTA5 13904,61505736,297820,G6350,B5,S,NA,NA,NA,NA,NA,NA,NA,NA,56410743,163753
221704257880135,13904,ZCTA5 13904,61505736,297820,G6350,B5,S,27890738294074,3606607,Binghamton city,27141216,1675760,G4110,C5,A,5094993,134067
221704257880138,13905,ZCTA5 13905,73158042,670248,G6350,B5,S,NA,NA,NA,NA,NA,NA,NA,NA,63286556,343430
221704257880138,13905,ZCTA5 13905,73158042,670248,G6350,B5,S,27890738294074,3606607,Binghamton city,27141216,1675760,G4110,C5,A,9871486,326818
221704257880140,14001,ZCTA5 14001,167075712,419077,G6350,B5,S,NA,NA,NA,NA,NA,NA,NA,NA,161865945,419077
221704257880140,14001,ZCTA5 14001,167075712,419077,G6350,B5,S,27890115740541,3600441,Akron village,5209767,0,G4110,C1,A,5209767,0
221704257880147,14004,ZCTA5 14004,125892947,855620,G6350,B5,S,NA,NA,NA,NA,NA,NA,NA,NA,108433129,844446
221704257880147,14004,ZCTA5 14004,125892947,855620,G6350,B5,S,27890115740542,3601088,Alden village,7040219,0,G4110,C1,A,7040219,0
221704257880147,14004,ZCTA5 14004,125892947,855620,G6350,B5,S,28090115740570,3675121,Town Line CDP,11969965,11174,G4210,U1,S,10419599,11174
221704257880148,14005,ZCTA5 14005,82973200,274054,G6350,B5,S,NA,NA,NA,NA,NA,NA,NA,NA,81840735,274054
221704257880148,14005,ZCTA5 14005,82973200,274054,G6350,B5,S,27890116179965,3601154,Alexander village,1132465,0,G4110,C1,A,1132465,0
221704257880153,14006,ZCTA5 14006,72841422,1463930,G6350,B5,S,NA,NA,NA,NA,NA,NA,NA,NA,52682164,1463930
221704257880153,14006,ZCTA5 14006,72841422,1463930,G6350,B5,S,27890115740543,3602198,Angola village,3669096,0,G4110,C1,A,3669096,0
221704257880153,14006,ZCTA5 14006,72841422,1463930,G6350,B5,S,28090115740544,3602220,Angola on the Lake CDP,6590978,0,G4210,U1,S,6590978,0
221704257880153,14006,ZCTA5 14006,72841422,1463930,G6350,B5,S,28090115740561,3640486,Lake Erie Beach CDP,9899184,0,G4210,U1,S,9899184,0
221704257880155,14008,ZCTA5 14008,64258332,2124069,G6350,B5,S,NA,NA,NA,NA,NA,NA,NA,NA,64258332,2124069
221704257880157,14009,ZCTA5 14009,189588778,655561,G6350,B5,S,NA,NA,NA,NA,NA,NA,NA,NA,182466162,647249
221704257880157,14009,ZCTA5 14009,189588778,655561,G6350,B5,S,27890109410629,3602407,Arcade village,6861862,8312,G4110,C1,A,6861862,8312
221704257880157,14009,ZCTA5 14009,189588778,655561,G6350,B5,S,28090493911842,3684044,Yorkshire CDP,4778096,26720,G4210,U1,S,260754,0
221704257880163,14011,ZCTA5 14011,176427543,95156,G6350,B5,S,NA,NA,NA,NA,NA,NA,NA,NA,172047883,95156
221704257880163,14011,ZCTA5 14011,176427543,95156,G6350,B5,S,27890109410630,3603001,Attica village,4379660,0,G4110,C1,A,4379660,0
221704257880164,14012,ZCTA5 14012,86856947,3335122,G6350,B5,S,NA,NA,NA,NA,NA,NA,NA,NA,85769589,3335122
221704257880164,14012,ZCTA5 14012,86856947,3335122,G6350,B5,S,27890494564906,3604440,Barker village,1087358,0,G4110,C1,A,1087358,0
221704257880169,14013,ZCTA5 14013,89589077,627434,G6350,B5,S,NA,NA,NA,NA,NA,NA,NA,NA,89589077,627434
221704257880174,14020,ZCTA5 14020,171692233,952281,G6350,B5,S,NA,NA,NA,NA,NA,NA,NA,NA,158236229,742750
221704257880174,14020,ZCTA5 14020,171692233,952281,G6350,B5,S,27890116179966,3604715,Batavia city,13456004,209531,G4110,C5,A,13456004,209531
221704257880176,14024,ZCTA5 14024,162763702,1094879,G6350,B5,S,NA,NA,NA,NA,NA,NA,NA,NA,136360415,1093087
221704257880176,14024,ZCTA5 14024,162763702,1094879,G6350,B5,S,280903926957243,3606904,Bliss CDP,25360655,0,G4210,U1,S,25360655,0
221704257880176,14024,ZCTA5 14024,162763702,1094879,G6350,B5,S,280903926957109,3657815,Pike CDP,4513557,1792,G4210,U1,S,1042632,1792
221704257880177,14025,ZCTA5 14025,54386123,0,G6350,B5,S,NA,NA,NA,NA,NA,NA,NA,NA,54386123,0
221704257880178,14026,ZCTA5 14026,2253828,0,G6350,B5,S,NA,NA,NA,NA,NA,NA,NA,NA,2253828,0
2217026265990935,14027,ZCTA5 14027,2595931,0,G6350,B5,S,NA,NA,NA,NA,NA,NA,NA,NA,2595931,0
221704257880179,14028,ZCTA5 14028,35918090,1325263,G6350,B5,S,NA,NA,NA,NA,NA,NA,NA,NA,26359362,272691
221704257880179,14028,ZCTA5 14028,35918090,1325263,G6350,B5,S,28090494564911,3650221,Newfane CDP,13735039,0,G4210,U1,S,1881887,0
221704257880179,14028,ZCTA5 14028,35918090,1325263,G6350,B5,S,28090494564914,3654540,Olcott CDP,9395593,1927275,G4210,U1,S,7676841,1052572
2217026265990917,14029,ZCTA5 14029,4616555,0,G6350,B5,S,NA,NA,NA,NA,NA,NA,NA,NA,4616555,0
221704257880181,14030,ZCTA5 14030,54782360,558665,G6350,B5,S,NA,NA,NA,NA,NA,NA,NA,NA,54340469,558665
221704257880181,14030,ZCTA5 14030,54782360,558665,G6350,B5,S,28090493911842,3684044,Yorkshire CDP,4778096,26720,G4210,U1,S,441891,0
221704257880182,14031,ZCTA5 14031,50126254,596140,G6350,B5,S,NA,NA,NA,NA,NA,NA,NA,NA,41985603,428283
221704257880182,14031,ZCTA5 14031,50126254,596140,G6350,B5,S,280903939460726,3615814,Clarence CDP,7365867,167857,G4210,U1,S,7365867,167857
221704257880182,14031,ZCTA5 14031,50126254,596140,G6350,B5,S,28090115740549,3615836,Clarence Center CDP,5848098,0,G4210,U1,S,590311,0
221704257880182,14031,ZCTA5 14031,50126254,596140,G6350,B5,S,28090115740557,3632391,Harris Hill CDP,10463349,0,G4210,U1,S,184473,0
221704257880183,14032,ZCTA5 14032,61938699,0,G6350,B5,S,NA,NA,NA,NA,NA,NA,NA,NA,56680912,0
221704257880183,14032,ZCTA5 14032,61938699,0,G6350,B5,S,28090115740549,3615836,Clarence Center CDP,5848098,0,G4210,U1,S,5257787,0
221704257880184,14033,ZCTA5 14033,45040693,36518,G6350,B5,S,NA,NA,NA,NA,NA,NA,NA,NA,45040693,36518
221704257880186,14034,ZCTA5 14034,62525432,23322,G6350,B5,S,NA,NA,NA,NA,NA,NA,NA,NA,62525432,23322
221704257880187,14035,ZCTA5 14035,1780591,0,G6350,B5,S,NA,NA,NA,NA,NA,NA,NA,NA,1780591,0
221704257880190,14036,ZCTA5 14036,138881375,501422,G6350,B5,S,NA,NA,NA,NA,NA,NA,NA,NA,136304051,501422
221704257880190,14036,ZCTA5 14036,138881375,501422,G6350,B5,S,27890116179968,3618201,Corfu village,2577324,0,G4110,C1,A,2577324,0
221704257880191,14037,ZCTA5 14037,46091151,24036,G6350,B5,S,NA,NA,NA,NA,NA,NA,NA,NA,46091151,24036
221704257880193,14039,ZCTA5 14039,5192637,0,G6350,B5,S,NA,NA,NA,NA,NA,NA,NA,NA,5192637,0
221704257880195,14040,ZCTA5 14040,77851611,507893,G6350,B5,S,NA,NA,NA,NA,NA,NA,NA,NA,77851611,507893
221704257880197,14041,ZCTA5 14041,3295726,55001,G6350,B5,S,NA,NA,NA,NA,NA,NA,NA,NA,3295726,55001
221704257880237,14042,ZCTA5 14042,120982530,747109,G6350,B5,S,NA,NA,NA,NA,NA,NA,NA,NA,111913796,647348
221704257880237,14042,ZCTA5 14042,120982530,747109,G6350,B5,S,27890493911827,3620115,Delevan village,2574425,0,G4110,C1,A,2574425,0
221704257880237,14042,ZCTA5 14042,120982530,747109,G6350,B5,S,280903717135783,3642345,Lime Lake CDP,6158277,688971,G4210,U1,S,3912562,73041
221704257880237,14042,ZCTA5 14042,120982530,747109,G6350,B5,S,28090493911842,3684044,Yorkshire CDP,4778096,26720,G4210,U1,S,2581747,26720
221704257880240,14043,ZCTA5 14043,23533646,40835,G6350,B5,S,NA,NA,NA,NA,NA,NA,NA,NA,2982909,0
221704257880240,14043,ZCTA5 14043,23533646,40835,G6350,B5,S,28090115740548,3615000,Cheektowaga CDP,65724372,146522,G4210,U1,S,7375554,40835
221704257880240,14043,ZCTA5 14043,23533646,40835,G6350,B5,S,27890115740550,3620313,Depew village,13147772,0,G4110,C1,A,12884504,0
221704257880240,14043,ZCTA5 14043,23533646,40835,G6350,B5,S,27890115740562,3641135,Lancaster village,6989269,87440,G4110,C1,A,290679,0
221704257880244,14047,ZCTA5 14047,34039158,2591445,G6350,B5,S,NA,NA,NA,NA,NA,NA,NA,NA,28757194,2576340
221704257880244,14047,ZCTA5 14047,34039158,2591445,G6350,B5,S,2809015922354781,3634528,Highland-on-the-Lake CDP,5281964,15105,G4210,U1,S,5281964,15105
221704257880250,14048,ZCTA5 14048,59494906,18793628,G6350,B5,S,NA,NA,NA,NA,NA,NA,NA,NA,47781675,18740192
221704257880250,14048,ZCTA5 14048,59494906,18793628,G6350,B5,S,27890494238165,3621105,Dunkirk city,11774799,53436,G4110,C5,A,11713231,53436
221704257880252,14051,ZCTA5 14051,40135545,148885,G6350,B5,S,NA,NA,NA,NA,NA,NA,NA,NA,40135545,148885
221704257880253,14052,ZCTA5 14052,158585691,210602,G6350,B5,S,NA,NA,NA,NA,NA,NA,NA,NA,144699060,165058
221704257880253,14052,ZCTA5 14052,158585691,210602,G6350,B5,S,28090115740545,3606574,Billington Heights CDP,8179508,17619,G4210,U1,S,7383331,17619
221704257880253,14052,ZCTA5 14052,158585691,210602,G6350,B5,S,27890115740551,3621589,East Aurora village,6503300,27925,G4110,C1,A,6503300,27925
221704257880254,14054,ZCTA5 14054,73299474,48554,G6350,B5,S,NA,NA,NA,NA,NA,NA,NA,NA,73299474,48554
221704257880255,14055,ZCTA5 14055,81259693,88591,G6350,B5,S,NA,NA,NA,NA,NA,NA,NA,NA,81259693,88591
2217026265990912,14056,ZCTA5 14056,696221,0,G6350,B5,S,NA,NA,NA,NA,NA,NA,NA,NA,696221,0
221704257880257,14057,ZCTA5 14057,119652467,41263,G6350,B5,S,NA,NA,NA,NA,NA,NA,NA,NA,105164479,41263
221704257880257,14057,ZCTA5 14057,119652467,41263,G6350,B5,S,28090115740552,3623404,Eden CDP,14487988,0,G4210,U1,S,14487988,0
221704257880258,14058,ZCTA5 14058,105778985,84526,G6350,B5,S,NA,NA,NA,NA,NA,NA,NA,NA,103145623,84526
221704257880258,14058,ZCTA5 14058,105778985,84526,G6350,B5,S,27890116179969,3623745,Elba village,2633362,0,G4110,C1,A,2633362,0
221704257880259,14059,ZCTA5 14059,69799583,10290,G6350,B5,S,NA,NA,NA,NA,NA,NA,NA,NA,52741364,10290
221704257880259,14059,ZCTA5 14059,69799583,10290,G6350,B5,S,28090115740545,3606574,Billington Heights CDP,8179508,17619,G4210,U1,S,796177,0
221704257880259,14059,ZCTA5 14059,69799583,10290,G6350,B5,S,28090115740553,3624141,Elma Center CDP,16260999,0,G4210,U1,S,16260999,0
221704257880259,14059,ZCTA5 14059,69799583,10290,G6350,B5,S,28090115740571,3680907,West Seneca CDP,55391223,141572,G4210,U1,S,1043,0
221704257880260,14060,ZCTA5 14060,50273262,264629,G6350,B5,S,NA,NA,NA,NA,NA,NA,NA,NA,50273262,264629
221704257880261,14061,ZCTA5 14061,270072,0,G6350,B5,S,27890115740554,3625428,Farnham village,3125649,0,G4110,C1,A,270072,0
221704257880263,14062,ZCTA5 14062,182705006,836332,G6350,B5,S,NA,NA,NA,NA,NA,NA,NA,NA,179971195,836332
221704257880263,14062,ZCTA5 14062,182705006,836332,G6350,B5,S,280906261812687,3626649,Forestville CDP,2733811,0,G4210,U1,S,2733811,0
221704257880264,14063,ZCTA5 14063,131710733,773688,G6350,B5,S,NA,NA,NA,NA,NA,NA,NA,NA,118345180,773688
221704257880264,14063,ZCTA5 14063,131710733,773688,G6350,B5,S,27890494238165,3621105,Dunkirk city,11774799,53436,G4110,C5,A,61568,0
221704257880264,14063,ZCTA5 14063,131710733,773688,G6350,B5,S,27890494238168,3627419,Fredonia village,13303985,0,G4110,C1,A,13303985,0
221704257880265,14065,ZCTA5 14065,94444343,299568,G6350,B5,S,NA,NA,NA,NA,NA,NA,NA,NA,94444343,299568
221704257880266,14066,ZCTA5 14066,96240929,346450,G6350,B5,S,NA,NA,NA,NA,NA,NA,NA,NA,91340386,346450
221704257880266,14066,ZCTA5 14066,96240929,346450,G6350,B5,S,27890109410632,3627969,Gainesville village,2216770,0,G4110,C1,A,2216770,0
221704257880266,14066,ZCTA5 14066,96240929,346450,G6350,B5,S,280903926957109,3657815,Pike CDP,4513557,1792,G4210,U1,S,2683773,0
221704257880267,14067,ZCTA5 14067,127737558,322264,G6350,B5,S,NA,NA,NA,NA,NA,NA,NA,NA,119658957,190373
221704257880267,14067,ZCTA5 14067,127737558,322264,G6350,B5,S,28090494564907,3628431,Gasport CDP,8078601,131891,G4210,U1,S,8078601,131891
221704257880270,14068,ZCTA5 14068,9559910,131968,G6350,B5,S,NA,NA,NA,NA,NA,NA,NA,NA,9559910,131968
221704257880271,14069,ZCTA5 14069,19635113,31308,G6350,B5,S,NA,NA,NA,NA,NA,NA,NA,NA,19635113,31308
221704257880272,14070,ZCTA5 14070,131519114,883343,G6350,B5,S,NA,NA,NA,NA,NA,NA,NA,NA,127393751,841536
221704257880272,14070,ZCTA5 14070,131519114,883343,G6350,B5,S,27890115740555,3629630,Gowanda village,4125363,41807,G4110,C1,A,4125363,41807
221704257880274,14072,ZCTA5 14072,72926985,1901802,G6350,B5,S,NA,NA,NA,NA,NA,NA,NA,NA,68055051,1901802
221704257880274,14072,ZCTA5 14072,72926985,1901802,G6350,B5,S,280903717135766,3629894,Grandyle Village CDP,4871934,955179,G4210,U1,S,4871934,0
221704257880277,14075,ZCTA5 14075,102139014,1015369,G6350,B5,S,NA,NA,NA,NA,NA,NA,NA,NA,82425114,1015369
221704257880277,14075,ZCTA5 14075,102139014,1015369,G6350,B5,S,27890115740556,3631643,Hamburg village,6421437,0,G4110,C1,A,6421437,0
221704257880277,14075,ZCTA5 14075,102139014,1015369,G6350,B5,S,28090115740563,3651583,North Boston CDP,10691746,0,G4210,U1,S,10691746,0
221704257880277,14075,ZCTA5 14075,102139014,1015369,G6350,B5,S,280903717135765,3678124,Wanakah CDP,3119395,0,G4210,U1,S,2600717,0
221704257880278,14080,ZCTA5 14080,135846106,132592,G6350,B5,S,NA,NA,NA,NA,NA,NA,NA,NA,125475642,132592
221704257880278,14080,ZCTA5 14080,135846106,132592,G6350,B5,S,28090115740558,3635111,Holland CDP,10370464,0,G4210,U1,S,10370464,0
221704257880279,14081,ZCTA5 14081,82967080,2335185,G6350,B5,S,NA,NA,NA,NA,NA,NA,NA,NA,78673053,2227461
221704257880279,14081,ZCTA5 14081,82967080,2335185,G6350,B5,S,27890115740554,3625428,Farnham village,3125649,0,G4110,C1,A,2855577,0
221704257880279,14081,ZCTA5 14081,82967080,2335185,G6350,B5,S,280903939461091,3672246,Sunset Bay CDP,1717844,107724,G4210,U1,S,1438450,107724
221704257880280,14082,ZCTA5 14082,27456156,223703,G6350,B5,S,NA,NA,NA,NA,NA,NA,NA,NA,27456156,223703
2217026265990932,14083,ZCTA5 14083,1602859,0,G6350,B5,S,NA,NA,NA,NA,NA,NA,NA,NA,1602859,0
221704257880281,14085,ZCTA5 14085,19991357,934792,G6350,B5,S,NA,NA,NA,NA,NA,NA,NA,NA,19472679,934792
221704257880281,14085,ZCTA5 14085,19991357,934792,G6350,B5,S,280903717135765,3678124,Wanakah CDP,3119395,0,G4210,U1,S,518678,0
221704257880283,14086,ZCTA5 14086,86373310,370972,G6350,B5,S,NA,NA,NA,NA,NA,NA,NA,NA,78097066,283532
221704257880283,14086,ZCTA5 14086,86373310,370972,G6350,B5,S,27890115740550,3620313,Depew village,13147772,0,G4110,C1,A,27288,0
221704257880283,14086,ZCTA5 14086,86373310,370972,G6350,B5,S,27890115740562,3641135,Lancaster village,6989269,87440,G4110,C1,A,6698590,87440
221704257880283,14086,ZCTA5 14086,86373310,370972,G6350,B5,S,28090115740570,3675121,Town Line CDP,11969965,11174,G4210,U1,S,1550366,0
221704257880284,14091,ZCTA5 14091,57754827,21135,G6350,B5,S,NA,NA,NA,NA,NA,NA,NA,NA,57754827,21135
221704257880285,14092,ZCTA5 14092,54929052,6340237,G6350,B5,S,NA,NA,NA,NA,NA,NA,NA,NA,52088818,5979763
221704257880285,14092,ZCTA5 14092,54929052,6340237,G6350,B5,S,27890494564908,3642147,Lewiston village,2840234,360474,G4110,C1,A,2840234,360474
221704257880292,14094,ZCTA5 14094,315081480,519388,G6350,B5,S,NA,NA,NA,NA,NA,NA,NA,NA,267835267,364833
221704257880292,14094,ZCTA5 14094,315081480,519388,G6350,B5,S,27890494564909,3643082,Lockport city,21755323,118484,G4110,C5,A,21755323,118484
221704257880292,14094,ZCTA5 14094,315081480,519388,G6350,B5,S,28090494564916,3660609,Rapids CDP,9437845,0,G4210,U1,S,9437845,0
221704257880292,14094,ZCTA5 14094,315081480,519388,G6350,B5,S,28090494564917,3669386,South Lockport CDP,16053045,36071,G4210,U1,S,16053045,36071
221704257880293,14098,ZCTA5 14098,120307283,0,G6350,B5,S,NA,NA,NA,NA,NA,NA,NA,NA,117653869,0
221704257880293,14098,ZCTA5 14098,120307283,0,G6350,B5,S,27890106179045,3643918,Lyndonville village,2653414,0,G4110,C1,A,2653414,0
221704257880295,14101,ZCTA5 14101,118177356,1711741,G6350,B5,S,NA,NA,NA,NA,NA,NA,NA,NA,113393562,660037
221704257880295,14101,ZCTA5 14101,118177356,1711741,G6350,B5,S,280903717135783,3642345,Lime Lake CDP,6158277,688971,G4210,U1,S,2245715,615930
221704257880295,14101,ZCTA5 14101,118177356,1711741,G6350,B5,S,280903717135784,3644226,Machias CDP,2538079,435774,G4210,U1,S,2538079,435774
221704257880296,14102,ZCTA5 14102,8714959,0,G6350,B5,S,NA,NA,NA,NA,NA,NA,NA,NA,8714959,0
221704257880299,14103,ZCTA5 14103,204315639,1281083,G6350,B5,S,NA,NA,NA,NA,NA,NA,NA,NA,195771834,1080077
221704257880299,14103,ZCTA5 14103,204315639,1281083,G6350,B5,S,27890106179046,3646415,Medina village,8543805,201006,G4110,C1,A,8543805,201006
221704257880300,14105,ZCTA5 14105,133713364,808362,G6350,B5,S,NA,NA,NA,NA,NA,NA,NA,NA,131455307,808362
221704257880300,14105,ZCTA5 14105,133713364,808362,G6350,B5,S,27890494564910,3646998,Middleport village,2258057,0,G4110,C1,A,2258057,0
221704257880302,14108,ZCTA5 14108,64296147,0,G6350,B5,S,NA,NA,NA,NA,NA,NA,NA,NA,52442995,0
221704257880302,14108,ZCTA5 14108,64296147,0,G6350,B5,S,28090494564911,3650221,Newfane CDP,13735039,0,G4210,U1,S,11853152,0
221704257880303,14109,ZCTA5 14109,598033,0,G6350,B5,S,2809015922650592,3651088,Niagara University CDP,598033,0,G4210,U1,S,598033,0
221704257880305,14111,ZCTA5 14111,92119734,447040,G6350,B5,S,NA,NA,NA,NA,NA,NA,NA,NA,90045027,447040
221704257880305,14111,ZCTA5 14111,92119734,447040,G6350,B5,S,27890115740564,3651792,North Collins village,2074707,0,G4110,C1,A,2074707,0
221704257880306,14112,ZCTA5 14112,91795,0,G6350,B5,S,NA,NA,NA,NA,NA,NA,NA,NA,91795,0
221704257880307,14113,ZCTA5 14113,55783592,80560,G6350,B5,S,NA,NA,NA,NA,NA,NA,NA,NA,55783592,80560
221704257880308,14120,ZCTA5 14120,84477674,1313447,G6350,B5,S,NA,NA,NA,NA,NA,NA,NA,NA,58337228,477035
221704257880308,14120,ZCTA5 14120,84477674,1313447,G6350,B5,S,27890494564913,3653682,North Tonawanda city,26140446,2076404,G4110,C5,A,26140446,836412
221704257880309,14125,ZCTA5 14125,101591239,2093481,G6350,B5,S,NA,NA,NA,NA,NA,NA,NA,NA,99880527,2093481
221704257880309,14125,ZCTA5 14125,101591239,2093481,G6350,B5,S,27890116179972,3654155,Oakfield village,1710712,0,G4110,C1,A,1710712,0
221704257880310,14126,ZCTA5 14126,1718752,874703,G6350,B5,S,28090494564914,3654540,Olcott CDP,9395593,1927275,G4210,U1,S,1718752,874703
221704257880312,14127,ZCTA5 14127,105461481,227511,G6350,B5,S,NA,NA,NA,NA,NA,NA,NA,NA,101982392,121539
221704257880312,14127,ZCTA5 14127,105461481,227511,G6350,B5,S,27890115740565,3655266,Orchard Park village,3479089,105972,G4110,C1,A,3479089,105972
221704257880313,14129,ZCTA5 14129,79522298,795347,G6350,B5,S,NA,NA,NA,NA,NA,NA,NA,NA,76976260,784387
221704257880313,14129,ZCTA5 14129,79522298,795347,G6350,B5,S,280904755831678,3657287,Perrysburg CDP,2546038,10960,G4210,U1,S,2546038,10960
221704257880314,14130,ZCTA5 14130,787152,0,G6350,B5,S,280903926957109,3657815,Pike CDP,4513557,1792,G4210,U1,S,787152,0
221704257880315,14131,ZCTA5 14131,108396996,1938108,G6350,B5,S,NA,NA,NA,NA,NA,NA,NA,NA,93104803,1938108
221704257880315,14131,ZCTA5 14131,108396996,1938108,G6350,B5,S,28090494564915,3660598,Ransomville CDP,15292193,0,G4210,U1,S,15292193,0
221704257880316,14132,ZCTA5 14132,74309313,0,G6350,B5,S,NA,NA,NA,NA,NA,NA,NA,NA,67489412,0
221704257880316,14132,ZCTA5 14132,74309313,0,G6350,B5,S,280903939212894,3664958,Sanborn CDP,6819901,0,G4210,U1,S,6819901,0
221704257880317,14134,ZCTA5 14134,1817949,0,G6350,B5,S,NA,NA,NA,NA,NA,NA,NA,NA,1817949,0
221704257880318,14135,ZCTA5 14135,1969663,0,G6350,B5,S,NA,NA,NA,NA,NA,NA,NA,NA,1969663,0
221704257880321,14136,ZCTA5 14136,62953213,10843314,G6350,B5,S,NA,NA,NA,NA,NA,NA,NA,NA,59696630,10836671
221704257880321,14136,ZCTA5 14136,62953213,10843314,G6350,B5,S,27890494238177,3667411,Silver Creek village,2977189,6643,G4110,C1,A,2977189,6643
221704257880321,14136,ZCTA5 14136,62953213,10843314,G6350,B5,S,280903939461091,3672246,Sunset Bay CDP,1717844,107724,G4210,U1,S,279394,0
221704257880322,14138,ZCTA5 14138,121029997,1219702,G6350,B5,S,NA,NA,NA,NA,NA,NA,NA,NA,118425116,1219702
221704257880322,14138,ZCTA5 14138,121029997,1219702,G6350,B5,S,27890493911840,3668891,South Dayton village,2604881,0,G4110,C1,A,2604881,0
221704257880323,14139,ZCTA5 14139,64377258,102172,G6350,B5,S,NA,NA,NA,NA,NA,NA,NA,NA,64377258,102172
221704257880324,14141,ZCTA5 14141,187220224,385547,G6350,B5,S,NA,NA,NA,NA,NA,NA,NA,NA,177688524,361030
221704257880324,14141,ZCTA5 14141,187220224,385547,G6350,B5,S,27890115740567,3670442,Springville village,9531700,24517,G4110,C1,A,9531700,24517
221704257880325,14143,ZCTA5 14143,40056039,128201,G6350,B5,S,NA,NA,NA,NA,NA,NA,NA,NA,40056039,128201
221704257880326,14145,ZCTA5 14145,68109922,63832,G6350,B5,S,NA,NA,NA,NA,NA,NA,NA,NA,56720675,63832
221704257880326,14145,ZCTA5 14145,68109922,63832,G6350,B5,S,280903926957179,3671817,Strykersville CDP,11389247,0,G4210,U1,S,11389247,0
221704257880329,14150,ZCTA5 14150,38502605,134998,G6350,B5,S,27890115740568,3674166,Tonawanda city,9850438,745856,G4110,C5,A,9850438,61612
221704257880329,14150,ZCTA5 14150,38502605,134998,G6350,B5,S,28090115740569,3675021,Tonawanda Town CDP,44804913,3998029,G4210,U2,S,28652167,73386
2217026265990915,14166,ZCTA5 14166,255767,0,G6350,B5,S,NA,NA,NA,NA,NA,NA,NA,NA,255767,0
221704257880330,14167,ZCTA5 14167,91279780,9927,G6350,B5,S,NA,NA,NA,NA,NA,NA,NA,NA,91279780,9927
221704257880331,14168,ZCTA5 14168,827654,0,G6350,B5,S,NA,NA,NA,NA,NA,NA,NA,NA,827654,0
221704257880332,14169,ZCTA5 14169,367924,0,G6350,B5,S,NA,NA,NA,NA,NA,NA,NA,NA,367924,0
221704257880333,14170,ZCTA5 14170,34739848,144185,G6350,B5,S,NA,NA,NA,NA,NA,NA,NA,NA,34739848,144185
221704257880334,14171,ZCTA5 14171,128842615,429186,G6350,B5,S,NA,NA,NA,NA,NA,NA,NA,NA,124874408,422417
221704257880334,14171,ZCTA5 14171,128842615,429186,G6350,B5,S,280903939462021,3681138,West Valley CDP,3968207,6769,G4210,U1,S,3968207,6769
221704257880336,14172,ZCTA5 14172,68221408,5328476,G6350,B5,S,NA,NA,NA,NA,NA,NA,NA,NA,66115498,4835101
221704257880336,14172,ZCTA5 14172,68221408,5328476,G6350,B5,S,27890494564918,3682359,Wilson village,2105910,493375,G4110,C1,A,2105910,493375
221704257880338,14173,ZCTA5 14173,1493704,0,G6350,B5,S,28090493911842,3684044,Yorkshire CDP,4778096,26720,G4210,U1,S,1493704,0
221704257880340,14174,ZCTA5 14174,60188737,11298171,G6350,B5,S,NA,NA,NA,NA,NA,NA,NA,NA,57389383,10636451
221704257880340,14174,ZCTA5 14174,60188737,11298171,G6350,B5,S,27890494564919,3684143,Youngstown village,2799354,661720,G4110,C1,A,2799354,661720
221704257880341,14201,ZCTA5 14201,2852729,160385,G6350,B5,S,27890115740547,3611000,Buffalo city,104577537,31344742,G4110,C5,A,2852729,160385
221704257880342,14202,ZCTA5 14202,2254406,999560,G6350,B5,S,27890115740547,3611000,Buffalo city,104577537,31344742,G4110,C5,A,2254406,999560
221704257880343,14203,ZCTA5 14203,7253149,3038844,G6350,B5,S,27890115740547,3611000,Buffalo city,104577537,31344742,G4110,C5,A,7253149,3038844
221704257880346,14204,ZCTA5 14204,4638568,21976,G6350,B5,S,27890115740547,3611000,Buffalo city,104577537,31344742,G4110,C5,A,4638568,21976
221704257880349,14206,ZCTA5 14206,12838940,0,G6350,B5,S,27890115740547,3611000,Buffalo city,104577537,31344742,G4110,C5,A,9140215,0
221704257880349,14206,ZCTA5 14206,12838940,0,G6350,B5,S,28090115740548,3615000,Cheektowaga CDP,65724372,146522,G4210,U1,S,2646709,0
221704257880349,14206,ZCTA5 14206,12838940,0,G6350,B5,S,27890115740566,3667686,Sloan village,2020127,16234,G4110,C1,A,712426,0
221704257880349,14206,ZCTA5 14206,12838940,0,G6350,B5,S,28090115740571,3680907,West Seneca CDP,55391223,141572,G4210,U1,S,339590,0
221704257880350,14207,ZCTA5 14207,10115470,49346,G6350,B5,S,27890115740547,3611000,Buffalo city,104577537,31344742,G4110,C5,A,7519101,49346
221704257880350,14207,ZCTA5 14207,10115470,49346,G6350,B5,S,28090115740569,3675021,Tonawanda Town CDP,44804913,3998029,G4210,U2,S,2596369,0
221704257880353,14208,ZCTA5 14208,3006861,0,G6350,B5,S,27890115740547,3611000,Buffalo city,104577537,31344742,G4110,C5,A,3006861,0
221704257880354,14209,ZCTA5 14209,2465626,0,G6350,B5,S,27890115740547,3611000,Buffalo city,104577537,31344742,G4110,C5,A,2465626,0
221704257880355,14210,ZCTA5 14210,8148076,324546,G6350,B5,S,27890115740547,3611000,Buffalo city,104577537,31344742,G4110,C5,A,7598456,324546
221704257880355,14210,ZCTA5 14210,8148076,324546,G6350,B5,S,28090115740571,3680907,West Seneca CDP,55391223,141572,G4210,U1,S,549620,0
221704257880357,14211,ZCTA5 14211,10199074,17591,G6350,B5,S,27890115740547,3611000,Buffalo city,104577537,31344742,G4110,C5,A,8208898,17591
221704257880357,14211,ZCTA5 14211,10199074,17591,G6350,B5,S,28090115740548,3615000,Cheektowaga CDP,65724372,146522,G4210,U1,S,1990176,0
221704257880358,14212,ZCTA5 14212,5460308,16234,G6350,B5,S,27890115740547,3611000,Buffalo city,104577537,31344742,G4110,C5,A,4152607,0
221704257880358,14212,ZCTA5 14212,5460308,16234,G6350,B5,S,27890115740566,3667686,Sloan village,2020127,16234,G4110,C1,A,1307701,16234
221704257880360,14213,ZCTA5 14213,4962233,151775,G6350,B5,S,27890115740547,3611000,Buffalo city,104577537,31344742,G4110,C5,A,4962233,151775
221704257880361,14214,ZCTA5 14214,8621196,5659,G6350,B5,S,27890115740547,3611000,Buffalo city,104577537,31344742,G4110,C5,A,8621196,5659
221704257880364,14215,ZCTA5 14215,12337324,0,G6350,B5,S,27890115740547,3611000,Buffalo city,104577537,31344742,G4110,C5,A,9719222,0
221704257880364,14215,ZCTA5 14215,12337324,0,G6350,B5,S,28090115740548,3615000,Cheektowaga CDP,65724372,146522,G4210,U1,S,2618102,0
221704257880365,14216,ZCTA5 14216,7149314,105582,G6350,B5,S,27890115740547,3611000,Buffalo city,104577537,31344742,G4110,C5,A,7149314,105582
221704257880368,14217,ZCTA5 14217,8296003,0,G6350,B5,S,27890115740559,3639232,Kenmore village,3718719,0,G4110,C1,A,3703953,0
221704257880368,14217,ZCTA5 14217,8296003,0,G6350,B5,S,28090115740569,3675021,Tonawanda Town CDP,44804913,3998029,G4210,U2,S,4592050,0
221704257880370,14218,ZCTA5 14218,20985758,927507,G6350,B5,S,NA,NA,NA,NA,NA,NA,NA,NA,723078,578099
221704257880370,14218,ZCTA5 14218,20985758,927507,G6350,B5,S,27890115740547,3611000,Buffalo city,104577537,31344742,G4110,C5,A,1966221,221159
221704257880370,14218,ZCTA5 14218,20985758,927507,G6350,B5,S,27890115740560,3640189,Lackawanna city,16958231,128249,G4110,C5,A,16163945,128249
221704257880370,14218,ZCTA5 14218,20985758,927507,G6350,B5,S,28090115740571,3680907,West Seneca CDP,55391223,141572,G4210,U1,S,2132514,0
221704257880372,14219,ZCTA5 14219,17989800,855940,G6350,B5,S,NA,NA,NA,NA,NA,NA,NA,NA,14285393,855940
221704257880372,14219,ZCTA5 14219,17989800,855940,G6350,B5,S,27890115740546,3606849,Blasdell village,2910121,0,G4110,C1,A,2910121,0
221704257880372,14219,ZCTA5 14219,17989800,855940,G6350,B5,S,27890115740560,3640189,Lackawanna city,16958231,128249,G4110,C5,A,794286,0
221704257880374,14220,ZCTA5 14220,9928567,127183,G6350,B5,S,27890115740547,3611000,Buffalo city,104577537,31344742,G4110,C5,A,9163233,126599
221704257880374,14220,ZCTA5 14220,9928567,127183,G6350,B5,S,28090115740571,3680907,West Seneca CDP,55391223,141572,G4210,U1,S,765334,584
221704257880380,14221,ZCTA5 14221,60580084,295333,G6350,B5,S,NA,NA,NA,NA,NA,NA,NA,NA,46517762,270529
221704257880380,14221,ZCTA5 14221,60580084,295333,G6350,B5,S,28090115740548,3615000,Cheektowaga CDP,65724372,146522,G4210,U1,S,555813,0
221704257880380,14221,ZCTA5 14221,60580084,295333,G6350,B5,S,28090115740557,3632391,Harris Hill CDP,10463349,0,G4210,U1,S,10278876,0
221704257880380,14221,ZCTA5 14221,60580084,295333,G6350,B5,S,27890115740572,3682084,Williamsville village,3258137,24804,G4110,C1,A,3227633,24804
221704257880381,14222,ZCTA5 14222,3233300,0,G6350,B5,S,27890115740547,3611000,Buffalo city,104577537,31344742,G4110,C5,A,3233300,0
221704257880382,14223,ZCTA5 14223,8955392,0,G6350,B5,S,27890115740547,3611000,Buffalo city,104577537,31344742,G4110,C5,A,17302,0
221704257880382,14223,ZCTA5 14223,8955392,0,G6350,B5,S,27890115740559,3639232,Kenmore village,3718719,0,G4110,C1,A,14766,0
221704257880382,14223,ZCTA5 14223,8955392,0,G6350,B5,S,28090115740569,3675021,Tonawanda Town CDP,44804913,3998029,G4210,U2,S,8923324,0
221704257880389,14224,ZCTA5 14224,52435114,140988,G6350,B5,S,NA,NA,NA,NA,NA,NA,NA,NA,781807,0
221704257880389,14224,ZCTA5 14224,52435114,140988,G6350,B5,S,28090115740548,3615000,Cheektowaga CDP,65724372,146522,G4210,U1,S,102403,0
221704257880389,14224,ZCTA5 14224,52435114,140988,G6350,B5,S,28090115740571,3680907,West Seneca CDP,55391223,141572,G4210,U1,S,51550904,140988
221704257880394,14225,ZCTA5 14225,29743122,105687,G6350,B5,S,NA,NA,NA,NA,NA,NA,NA,NA,191102,0
221704257880394,14225,ZCTA5 14225,29743122,105687,G6350,B5,S,27890115740547,3611000,Buffalo city,104577537,31344742,G4110,C5,A,14056,0
221704257880394,14225,ZCTA5 14225,29743122,105687,G6350,B5,S,28090115740548,3615000,Cheektowaga CDP,65724372,146522,G4210,U1,S,29271480,105687
221704257880394,14225,ZCTA5 14225,29743122,105687,G6350,B5,S,27890115740550,3620313,Depew village,13147772,0,G4110,C1,A,235980,0
221704257880394,14225,ZCTA5 14225,29743122,105687,G6350,B5,S,27890115740572,3682084,Williamsville village,3258137,24804,G4110,C1,A,30504,0
221704257880395,14226,ZCTA5 14226,17847014,3829,G6350,B5,S,NA,NA,NA,NA,NA,NA,NA,NA,10431669,0
221704257880395,14226,ZCTA5 14226,17847014,3829,G6350,B5,S,28090115740548,3615000,Cheektowaga CDP,65724372,146522,G4210,U1,S,6653,0
221704257880395,14226,ZCTA5 14226,17847014,3829,G6350,B5,S,280903717135764,3623701,Eggertsville CDP,7408692,3829,G4210,U1,S,7408692,3829
221704257880396,14227,ZCTA5 14227,21209700,0,G6350,B5,S,28090115740548,3615000,Cheektowaga CDP,65724372,146522,G4210,U1,S,21157482,0
221704257880396,14227,ZCTA5 14227,21209700,0,G6350,B5,S,28090115740571,3680907,West Seneca CDP,55391223,141572,G4210,U1,S,52218,0
221704257880397,14228,ZCTA5 14228,41250461,582939,G6350,B5,S,NA,NA,NA,NA,NA,NA,NA,NA,40415514,445066
221704257880397,14228,ZCTA5 14228,41250461,582939,G6350,B5,S,280903939473357,3676280,University at Buffalo CDP,3496629,231575,G4210,U2,S,834947,137873
2217026265990922,14260,ZCTA5 14260,640891,0,G6350,B5,S,280903939473357,3676280,University at Buffalo CDP,3496629,231575,G4210,U2,S,640891,0
221704257880398,14261,ZCTA5 14261,2857929,93702,G6350,B5,S,NA,NA,NA,NA,NA,NA,NA,NA,837138,0
221704257880398,14261,ZCTA5 14261,2857929,93702,G6350,B5,S,280903939473357,3676280,University at Buffalo CDP,3496629,231575,G4210,U2,S,2020791,93702
221704257880399,14301,ZCTA5 14301,5355303,219591,G6350,B5,S,27890494564912,3651055,Niagara Falls city,36482615,7100859,G4110,C5,A,5355303,219591
221704257880400,14302,ZCTA5 14302,35992,0,G6350,B5,S,27890494564912,3651055,Niagara Falls city,36482615,7100859,G4110,C5,A,35992,0
221704257880402,14303,ZCTA5 14303,7027240,1352393,G6350,B5,S,27890494564912,3651055,Niagara Falls city,36482615,7100859,G4110,C5,A,7027240,1352393
221704257880403,14304,ZCTA5 14304,55797828,2876814,G6350,B5,S,NA,NA,NA,NA,NA,NA,NA,NA,42821987,2876814
221704257880403,14304,ZCTA5 14304,55797828,2876814,G6350,B5,S,27890494564912,3651055,Niagara Falls city,36482615,7100859,G4110,C5,A,12975841,0
221704257880404,14305,ZCTA5 14305,20295343,250773,G6350,B5,S,NA,NA,NA,NA,NA,NA,NA,NA,9498199,0
221704257880404,14305,ZCTA5 14305,20295343,250773,G6350,B5,S,27890494564912,3651055,Niagara Falls city,36482615,7100859,G4110,C5,A,10797144,250773
221704257880406,14411,ZCTA5 14411,291932837,750698,G6350,B5,S,NA,NA,NA,NA,NA,NA,NA,NA,284371128,750698
221704257880406,14411,ZCTA5 14411,291932837,750698,G6350,B5,S,27890106179043,3601033,Albion village,7561709,0,G4110,C1,A,7561709,0
2217026265990940,14413,ZCTA5 14413,3090992,0,G6350,B5,S,NA,NA,NA,NA,NA,NA,NA,NA,3090992,0
221704257880407,14414,ZCTA5 14414,101701138,143170,G6350,B5,S,NA,NA,NA,NA,NA,NA,NA,NA,89607457,143170
221704257880407,14414,ZCTA5 14414,101701138,143170,G6350,B5,S,27890102201055,3603353,Avon village,8148997,0,G4110,C1,A,8148997,0
221704257880407,14414,ZCTA5 14414,101701138,143170,G6350,B5,S,280903717135791,3621600,East Avon CDP,3399338,0,G4210,U1,S,3399338,0
221704257880407,14414,ZCTA5 14414,101701138,143170,G6350,B5,S,280903717135792,3669364,South Lima CDP,2289686,0,G4210,U1,S,545346,0
221704257880408,14415,ZCTA5 14415,4292461,0,G6350,B5,S,NA,NA,NA,NA,NA,NA,NA,NA,4292461,0
221704257880409,14416,ZCTA5 14416,104390111,138389,G6350,B5,S,NA,NA,NA,NA,NA,NA,NA,NA,102482362,138389
221704257880409,14416,ZCTA5 14416,104390111,138389,G6350,B5,S,27890116179967,3606046,Bergen village,1907749,0,G4110,C1,A,1907749,0
221704257880410,14418,ZCTA5 14418,97406534,96315,G6350,B5,S,NA,NA,NA,NA,NA,NA,NA,NA,97406534,96315
221704257880411,14420,ZCTA5 14420,152811797,307885,G6350,B5,S,NA,NA,NA,NA,NA,NA,NA,NA,123650538,185203
221704257880411,14420,ZCTA5 14420,152811797,307885,G6350,B5,S,27890104615813,3608466,Brockport village,5631325,122682,G4110,C1,A,5631325,122682
221704257880411,14420,ZCTA5 14420,152811797,307885,G6350,B5,S,280903939199620,3615946,Clarkson CDP,23592181,0,G4210,U1,S,23529934,0
221704257880412,14422,ZCTA5 14422,85914560,314115,G6350,B5,S,NA,NA,NA,NA,NA,NA,NA,NA,85914560,314115
221704257880413,14423,ZCTA5 14423,125063352,621133,G6350,B5,S,NA,NA,NA,NA,NA,NA,NA,NA,117294290,621133
221704257880413,14423,ZCTA5 14423,125063352,621133,G6350,B5,S,27890102201056,3611704,Caledonia village,5434655,0,G4110,C1,A,5434655,0
221704257880413,14423,ZCTA5 14423,125063352,621133,G6350,B5,S,280903717135803,3627133,Fowlerville CDP,2334407,0,G4210,U1,S,2334407,0
221704257880417,14424,ZCTA5 14424,335371937,450359,G6350,B5,S,NA,NA,NA,NA,NA,NA,NA,NA,321817210,279740
221704257880417,14424,ZCTA5 14424,335371937,450359,G6350,B5,S,27890105673484,3612144,Canandaigua city,11811298,691411,G4110,C5,A,11811298,170619
221704257880417,14424,ZCTA5 14424,335371937,450359,G6350,B5,S,280903939460956,3619308,Crystal Beach CDP,1765245,526106,G4210,U1,S,1743429,0
221704257880418,14425,ZCTA5 14425,50652867,0,G6350,B5,S,NA,NA,NA,NA,NA,NA,NA,NA,50652867,0
221704257880419,14427,ZCTA5 14427,87190962,713359,G6350,B5,S,NA,NA,NA,NA,NA,NA,NA,NA,83677834,713359
221704257880419,14427,ZCTA5 14427,87190962,713359,G6350,B5,S,27890109410631,3612771,Castile village,3513128,0,G4110,C1,A,3513128,0
221704257880422,14428,ZCTA5 14428,120208448,899460,G6350,B5,S,NA,NA,NA,NA,NA,NA,NA,NA,117125153,853668
221704257880422,14428,ZCTA5 14428,120208448,899460,G6350,B5,S,27890104615815,3615638,Churchville village,3083295,45792,G4110,C1,A,3083295,45792
221704257880423,14432,ZCTA5 14432,101855966,10695,G6350,B5,S,NA,NA,NA,NA,NA,NA,NA,NA,96845942,10695
221704257880423,14432,ZCTA5 14432,101855966,10695,G6350,B5,S,27890105673485,3616375,Clifton Springs village,3839636,0,G4110,C1,A,3839636,0
221704257880423,14432,ZCTA5 14432,101855966,10695,G6350,B5,S,280903926955851,3659322,Port Gibson CDP,3207665,83831,G4210,U1,S,1170388,0
221704257880424,14433,ZCTA5 14433,173023426,1090099,G6350,B5,S,NA,NA,NA,NA,NA,NA,NA,NA,167330250,936887
221704257880424,14433,ZCTA5 14433,173023426,1090099,G6350,B5,S,27890108826014,3616573,Clyde village,5693176,153212,G4110,C1,A,5693176,153212
221704257880425,14435,ZCTA5 14435,94392158,3933515,G6350,B5,S,NA,NA,NA,NA,NA,NA,NA,NA,86999135,19531
221704257880425,14435,ZCTA5 14435,94392158,3933515,G6350,B5,S,280903717135793,3617607,Conesus CDP,2742085,0,G4210,U1,S,2742085,0
221704257880425,14435,ZCTA5 14435,94392158,3933515,G6350,B5,S,280903717135814,3617622,Conesus Lake CDP,11296168,13079331,G4210,U2,S,4650938,3913984
221704257880427,14437,ZCTA5 14437,305431632,123186,G6350,B5,S,NA,NA,NA,NA,NA,NA,NA,NA,294926683,123186
221704257880427,14437,ZCTA5 14437,305431632,123186,G6350,B5,S,280903717135789,3611550,Byersville CDP,1321047,0,G4210,U1,S,46767,0
221704257880427,14437,ZCTA5 14437,305431632,123186,G6350,B5,S,280903717135809,3619411,Cumminsville CDP,339272,0,G4210,U1,S,339272,0
221704257880427,14437,ZCTA5 14437,305431632,123186,G6350,B5,S,27890102201057,3619664,Dansville village,6753953,0,G4110,C1,A,6753953,0
221704257880427,14437,ZCTA5 14437,305431632,123186,G6350,B5,S,280903717135795,3631022,Groveland Station CDP,1518687,0,G4210,U2,S,431027,0
221704257880427,14437,ZCTA5 14437,305431632,123186,G6350,B5,S,280903717135813,3640175,Kysorville CDP,2112362,0,G4210,U1,S,2112362,0
221704257880427,14437,ZCTA5 14437,305431632,123186,G6350,B5,S,280903717135808,3683063,Woodsville CDP,821568,0,G4210,U1,S,821568,0
221704257880431,14441,ZCTA5 14441,1017570,14641,G6350,B5,S,NA,NA,NA,NA,NA,NA,NA,NA,291163,0
221704257880431,14441,ZCTA5 14441,1017570,14641,G6350,B5,S,27890109996695,3620896,Dresden village,781586,14641,G4110,C1,A,726407,14641
221704257880476,14445,ZCTA5 14445,5053236,18485,G6350,B5,S,NA,NA,NA,NA,NA,NA,NA,NA,1684762,9176
221704257880476,14445,ZCTA5 14445,5053236,18485,G6350,B5,S,27890104615817,3622865,East Rochester village,3405735,9379,G4110,C1,A,3368474,9309
221704257880507,14450,ZCTA5 14450,82970144,787884,G6350,B5,S,NA,NA,NA,NA,NA,NA,NA,NA,78878238,692324
221704257880507,14450,ZCTA5 14450,82970144,787884,G6350,B5,S,27890104615818,3625076,Fairport village,4091906,95560,G4110,C1,A,4091906,95560
2217026265990926,14453,ZCTA5 14453,828367,0,G6350,B5,S,NA,NA,NA,NA,NA,NA,NA,NA,828367,0
221704257880512,14454,ZCTA5 14454,123298966,3063541,G6350,B5,S,NA,NA,NA,NA,NA,NA,NA,NA,113428744,11903
221704257880512,14454,ZCTA5 14454,123298966,3063541,G6350,B5,S,280903717135814,3617622,Conesus Lake CDP,11296168,13079331,G4210,U2,S,2723456,3051638
221704257880512,14454,ZCTA5 14454,123298966,3063541,G6350,B5,S,27890102201058,3628618,Geneseo village,7379703,0,G4110,C1,A,7132990,0
221704257880512,14454,ZCTA5 14454,123298966,3063541,G6350,B5,S,280903717135810,3641036,Lakeville CDP,1728462,0,G4210,U1,S,13776,0
221704257880597,14456,ZCTA5 14456,200218107,435166,G6350,B5,S,NA,NA,NA,NA,NA,NA,NA,NA,188882519,423703
221704257880597,14456,ZCTA5 14456,200218107,435166,G6350,B5,S,27890105673486,3628640,Geneva city,10914565,4225907,G4110,C5,A,10778732,11463
221704257880597,14456,ZCTA5 14456,200218107,435166,G6350,B5,S,280903926955806,3631533,Hall CDP,2649234,0,G4210,U1,S,556856,0
221704257880598,14462,ZCTA5 14462,31057654,0,G6350,B5,S,NA,NA,NA,NA,NA,NA,NA,NA,29969994,0
221704257880598,14462,ZCTA5 14462,31057654,0,G6350,B5,S,280903717135795,3631022,Groveland Station CDP,1518687,0,G4210,U2,S,1087660,0
2217026265990916,14463,ZCTA5 14463,2092378,0,G6350,B5,S,280903926955806,3631533,Hall CDP,2649234,0,G4210,U1,S,2092378,0
221704257880667,14464,ZCTA5 14464,77831822,1907570,G6350,B5,S,NA,NA,NA,NA,NA,NA,NA,NA,59312454,1907570
221704257880667,14464,ZCTA5 14464,77831822,1907570,G6350,B5,S,280903939115527,3631786,Hamlin CDP,19895321,0,G4210,U1,S,18519368,0
221704257880683,14466,ZCTA5 14466,45391045,1170593,G6350,B5,S,NA,NA,NA,NA,NA,NA,NA,NA,40566670,1170593
221704257880683,14466,ZCTA5 14466,45391045,1170593,G6350,B5,S,280903717135794,3633128,Hemlock CDP,4824375,0,G4210,U1,S,4824375,0
221704257880685,14467,ZCTA5 14467,26617112,672078,G6350,B5,S,NA,NA,NA,NA,NA,NA,NA,NA,26617112,672078
221704257880700,14468,ZCTA5 14468,136358428,8362034,G6350,B5,S,NA,NA,NA,NA,NA,NA,NA,NA,130293673,8362034
221704257880700,14468,ZCTA5 14468,136358428,8362034,G6350,B5,S,280903939199620,3615946,Clarkson CDP,23592181,0,G4210,U1,S,62247,0
221704257880700,14468,ZCTA5 14468,136358428,8362034,G6350,B5,S,280903939115527,3631786,Hamlin CDP,19895321,0,G4210,U1,S,1375953,0
221704257880700,14468,ZCTA5 14468,136358428,8362034,G6350,B5,S,27890104615822,3634847,Hilton village,4626555,0,G4110,C1,A,4626555,0
221704257880701,14469,ZCTA5 14469,170873427,198566,G6350,B5,S,NA,NA,NA,NA,NA,NA,NA,NA,167260071,198566
221704257880701,14469,ZCTA5 14469,170873427,198566,G6350,B5,S,27890105673483,3606945,Bloomfield village,3613356,0,G4110,C1,A,3613356,0
221704257880702,14470,ZCTA5 14470,168543905,102380,G6350,B5,S,NA,NA,NA,NA,NA,NA,NA,NA,165259497,102380
221704257880702,14470,ZCTA5 14470,168543905,102380,G6350,B5,S,27890106179044,3635155,Holley village,3284408,0,G4110,C1,A,3284408,0
221704257880703,14471,ZCTA5 14471,67591870,7379089,G6350,B5,S,NA,NA,NA,NA,NA,NA,NA,NA,64368209,7379089
221704257880703,14471,ZCTA5 14471,67591870,7379089,G6350,B5,S,280903939460935,3635353,Honeoye CDP,3223661,0,G4210,U1,S,3223661,0
221704257880722,14472,ZCTA5 14472,114223941,736446,G6350,B5,S,NA,NA,NA,NA,NA,NA,NA,NA,107637238,602939
221704257880722,14472,ZCTA5 14472,114223941,736446,G6350,B5,S,27890104615824,3635364,Honeoye Falls village,6586703,133507,G4110,C1,A,6586703,133507
221704257880723,14475,ZCTA5 14475,4483129,0,G6350,B5,S,NA,NA,NA,NA,NA,NA,NA,NA,4483129,0
221704257880724,14476,ZCTA5 14476,62017947,88355,G6350,B5,S,NA,NA,NA,NA,NA,NA,NA,NA,62017947,88355
221704257880741,14477,ZCTA5 14477,70465726,309799,G6350,B5,S,NA,NA,NA,NA,NA,NA,NA,NA,70465726,309799
221704257880760,14478,ZCTA5 14478,35111370,0,G6350,B5,S,NA,NA,NA,NA,NA,NA,NA,NA,34059561,0
221704257880760,14478,ZCTA5 14478,35111370,0,G6350,B5,S,280903939461625,3639463,Keuka Park CDP,2156317,1449031,G4210,U1,S,1051809,0
221704257880762,14479,ZCTA5 14479,4341927,136019,G6350,B5,S,NA,NA,NA,NA,NA,NA,NA,NA,4341927,136019
221704257880764,14480,ZCTA5 14480,3310468,0,G6350,B5,S,NA,NA,NA,NA,NA,NA,NA,NA,872035,0
221704257880764,14480,ZCTA5 14480,3310468,0,G6350,B5,S,280903717135814,3617622,Conesus Lake CDP,11296168,13079331,G4210,U2,S,841735,0
221704257880764,14480,ZCTA5 14480,3310468,0,G6350,B5,S,280903717135810,3641036,Lakeville CDP,1728462,0,G4210,U1,S,1596698,0
221704257880768,14481,ZCTA5 14481,58040129,0,G6350,B5,S,NA,NA,NA,NA,NA,NA,NA,NA,56014085,0
221704257880768,14481,ZCTA5 14481,58040129,0,G6350,B5,S,280903717135790,3619510,Cuylerville CDP,1091481,0,G4210,U1,S,1091481,0
221704257880768,14481,ZCTA5 14481,58040129,0,G6350,B5,S,27890102201059,3641872,Leicester village,934563,0,G4110,C1,A,934563,0
221704257880802,14482,ZCTA5 14482,157796658,521109,G6350,B5,S,NA,NA,NA,NA,NA,NA,NA,NA,150828418,519627
221704257880802,14482,ZCTA5 14482,157796658,521109,G6350,B5,S,27890116179970,3642026,Le Roy village,6968240,1482,G4110,C1,A,6968240,1482
221704257880806,14485,ZCTA5 14485,87396446,117186,G6350,B5,S,NA,NA,NA,NA,NA,NA,NA,NA,83911880,117186
221704257880806,14485,ZCTA5 14485,87396446,117186,G6350,B5,S,27890102201060,3642323,Lima village,3484566,0,G4110,C1,A,3484566,0
221704257880807,14486,ZCTA5 14486,15173464,0,G6350,B5,S,NA,NA,NA,NA,NA,NA,NA,NA,12958148,0
221704257880807,14486,ZCTA5 14486,15173464,0,G6350,B5,S,280903717135802,3642609,Linwood CDP,2405057,0,G4210,U1,S,2215316,0
221704257880819,14487,ZCTA5 14487,85290757,6113709,G6350,B5,S,NA,NA,NA,NA,NA,NA,NA,NA,75610343,0
221704257880819,14487,ZCTA5 14487,85290757,6113709,G6350,B5,S,280903717135814,3617622,Conesus Lake CDP,11296168,13079331,G4210,U2,S,3080039,6113709
221704257880819,14487,ZCTA5 14487,85290757,6113709,G6350,B5,S,280903717135810,3641036,Lakeville CDP,1728462,0,G4210,U1,S,117988,0
221704257880819,14487,ZCTA5 14487,85290757,6113709,G6350,B5,S,27890102201061,3642950,Livonia village,2622679,0,G4110,C1,A,2622679,0
221704257880819,14487,ZCTA5 14487,85290757,6113709,G6350,B5,S,280903717135796,3642972,Livonia Center CDP,2115368,0,G4210,U1,S,2115368,0
221704257880819,14487,ZCTA5 14487,85290757,6113709,G6350,B5,S,280903717135792,3669364,South Lima CDP,2289686,0,G4210,U1,S,1744340,0
221704257880862,14489,ZCTA5 14489,180385336,895395,G6350,B5,S,NA,NA,NA,NA,NA,NA,NA,NA,168437987,696328
221704257880862,14489,ZCTA5 14489,180385336,895395,G6350,B5,S,280905647163632,3643962,Lyons CDP,11947349,199067,G4210,U1,S,11947349,199067
221704257880955,14502,ZCTA5 14502,92741329,520036,G6350,B5,S,NA,NA,NA,NA,NA,NA,NA,NA,81396759,413999
221704257880955,14502,ZCTA5 14502,92741329,520036,G6350,B5,S,2809015922372936,3628138,Gananda CDP,9425097,32209,G4210,U1,S,6616645,32209
221704257880955,14502,ZCTA5 14502,92741329,520036,G6350,B5,S,280909097424639,3644149,Macedon CDP,5636703,73828,G4210,U1,S,4727925,73828
221704257880960,14504,ZCTA5 14504,3061257,0,G6350,B5,S,NA,NA,NA,NA,NA,NA,NA,NA,232346,0
221704257880960,14504,ZCTA5 14504,3061257,0,G6350,B5,S,27890105673487,3644853,Manchester village,2955425,0,G4110,C1,A,2828911,0
221704257880999,14505,ZCTA5 14505,102531044,266736,G6350,B5,S,NA,NA,NA,NA,NA,NA,NA,NA,94624050,251512
221704257880999,14505,ZCTA5 14505,102531044,266736,G6350,B5,S,280903939154608,3645634,Marion CDP,7906994,15224,G4210,U1,S,7906994,15224
221704257881002,14506,ZCTA5 14506,8028952,10676,G6350,B5,S,NA,NA,NA,NA,NA,NA,NA,NA,8028952,10676
221704257881028,14507,ZCTA5 14507,81332805,96352,G6350,B5,S,NA,NA,NA,NA,NA,NA,NA,NA,81332805,96352
221704257881037,14510,ZCTA5 14510,194788144,325322,G6350,B5,S,NA,NA,NA,NA,NA,NA,NA,NA,188997092,325322
221704257881037,14510,ZCTA5 14510,194788144,325322,G6350,B5,S,27890102201058,3628618,Geneseo village,7379703,0,G4110,C1,A,246713,0
221704257881037,14510,ZCTA5 14510,194788144,325322,G6350,B5,S,27890102201062,3648945,Mount Morris village,5303317,0,G4110,C1,A,5303317,0
221704257881037,14510,ZCTA5 14510,194788144,325322,G6350,B5,S,280903717135797,3675726,Tuscarora CDP,241022,0,G4210,U1,S,241022,0
221704257881038,14511,ZCTA5 14511,7202349,107585,G6350,B5,S,NA,NA,NA,NA,NA,NA,NA,NA,7202349,107585
221704257881045,14512,ZCTA5 14512,268528691,174,G6350,B5,S,NA,NA,NA,NA,NA,NA,NA,NA,266031907,174
221704257881045,14512,ZCTA5 14512,268528691,174,G6350,B5,S,27890105673488,3649429,Naples village,2496784,0,G4110,C1,A,2496784,0
221704257881104,14513,ZCTA5 14513,117164734,195984,G6350,B5,S,NA,NA,NA,NA,NA,NA,NA,NA,102955582,184014
221704257881104,14513,ZCTA5 14513,117164734,195984,G6350,B5,S,27890108826017,3649891,Newark village,14035204,11970,G4110,C1,A,14035204,11970
221704257881104,14513,ZCTA5 14513,117164734,195984,G6350,B5,S,280903926955851,3659322,Port Gibson CDP,3207665,83831,G4210,U1,S,173948,0
221704257881105,14514,ZCTA5 14514,14609195,38420,G6350,B5,S,NA,NA,NA,NA,NA,NA,NA,NA,14609195,38420
2217026265990923,14515,ZCTA5 14515,45589,0,G6350,B5,S,NA,NA,NA,NA,NA,NA,NA,NA,45589,0
221704257881166,14516,ZCTA5 14516,75127049,4638701,G6350,B5,S,NA,NA,NA,NA,NA,NA,NA,NA,70749145,4638701
221704257881166,14516,ZCTA5 14516,75127049,4638701,G6350,B5,S,280903939153457,3653462,North Rose CDP,4377904,0,G4210,U1,S,4377904,0
221704257881188,14517,ZCTA5 14517,95796026,0,G6350,B5,S,NA,NA,NA,NA,NA,NA,NA,NA,91993115,0
221704257881188,14517,ZCTA5 14517,95796026,0,G6350,B5,S,280903717135789,3611550,Byersville CDP,1321047,0,G4210,U1,S,1274280,0
221704257881188,14517,ZCTA5 14517,95796026,0,G6350,B5,S,27890102201063,3654078,Nunda village,2528631,0,G4110,C1,A,2528631,0
221704257881202,14519,ZCTA5 14519,108834024,238461,G6350,B5,S,NA,NA,NA,NA,NA,NA,NA,NA,98396076,238461
221704257881202,14519,ZCTA5 14519,108834024,238461,G6350,B5,S,280903939161208,3655002,Ontario CDP,10437948,0,G4210,U1,S,10437948,0
221704257881205,14521,ZCTA5 14521,99544051,56217,G6350,B5,S,NA,NA,NA,NA,NA,NA,NA,NA,98514387,56217
221704257881205,14521,ZCTA5 14521,99544051,56217,G6350,B5,S,27890116897509,3655816,Ovid village,1029664,0,G4110,C1,A,1029664,0
221704257881226,14522,ZCTA5 14522,117945483,690921,G6350,B5,S,NA,NA,NA,NA,NA,NA,NA,NA,113482509,607090
221704257881226,14522,ZCTA5 14522,117945483,690921,G6350,B5,S,280909097424639,3644149,Macedon CDP,5636703,73828,G4210,U1,S,908778,0
221704257881226,14522,ZCTA5 14522,117945483,690921,G6350,B5,S,27890108826018,3656187,Palmyra village,3488424,0,G4110,C1,A,3488424,0
221704257881226,14522,ZCTA5 14522,117945483,690921,G6350,B5,S,280903926955851,3659322,Port Gibson CDP,3207665,83831,G4210,U1,S,65772,83831
221704257881229,14525,ZCTA5 14525,122399622,6098,G6350,B5,S,NA,NA,NA,NA,NA,NA,NA,NA,112456178,6098
221704257881229,14525,ZCTA5 14525,122399622,6098,G6350,B5,S,280903717135802,3642609,Linwood CDP,2405057,0,G4210,U1,S,189741,0
221704257881229,14525,ZCTA5 14525,122399622,6098,G6350,B5,S,280903926955698,3656781,Pavilion CDP,9753703,0,G4210,U1,S,9753703,0
221704257881239,14526,ZCTA5 14526,42418137,83710,G6350,B5,S,NA,NA,NA,NA,NA,NA,NA,NA,42380876,83640
221704257881239,14526,ZCTA5 14526,42418137,83710,G6350,B5,S,27890104615817,3622865,East Rochester village,3405735,9379,G4110,C1,A,37261,70
221704257881284,14527,ZCTA5 14527,349407818,1723104,G6350,B5,S,NA,NA,NA,NA,NA,NA,NA,NA,342031635,159089
221704257881284,14527,ZCTA5 14527,349407818,1723104,G6350,B5,S,27890109996695,3620896,Dresden village,781586,14641,G4110,C1,A,55179,0
221704257881284,14527,ZCTA5 14527,349407818,1723104,G6350,B5,S,280903939461625,3639463,Keuka Park CDP,2156317,1449031,G4210,U1,S,1104508,1449031
221704257881284,14527,ZCTA5 14527,349407818,1723104,G6350,B5,S,27890109996697,3657177,Penn Yan village,6216496,145419,G4110,C1,A,6216496,114984
221704257881285,14529,ZCTA5 14529,2779074,0,G6350,B5,S,NA,NA,NA,NA,NA,NA,NA,NA,2779074,0
221704257881358,14530,ZCTA5 14530,130901959,1037342,G6350,B5,S,NA,NA,NA,NA,NA,NA,NA,NA,124848100,748453
221704257881358,14530,ZCTA5 14530,130901959,1037342,G6350,B5,S,27890109410633,3657243,Perry village,6053859,288889,G4110,C1,A,6053859,288889
221704257881386,14532,ZCTA5 14532,106757132,891910,G6350,B5,S,NA,NA,NA,NA,NA,NA,NA,NA,103760932,891910
221704257881386,14532,ZCTA5 14532,106757132,891910,G6350,B5,S,27890105673489,3657518,Phelps village,2996200,0,G4110,C1,A,2996200,0
221704257881391,14533,ZCTA5 14533,75118240,19315,G6350,B5,S,NA,NA,NA,NA,NA,NA,NA,NA,63342422,19315
221704257881391,14533,ZCTA5 14533,75118240,19315,G6350,B5,S,280903717135804,3630807,Greigsville CDP,1840112,0,G4210,U1,S,1840112,0
221704257881391,14533,ZCTA5 14533,75118240,19315,G6350,B5,S,280903717135805,3657804,Piffard CDP,2418293,0,G4210,U1,S,2418293,0
221704257881391,14533,ZCTA5 14533,75118240,19315,G6350,B5,S,280903717135812,3661236,Retsof CDP,1166993,0,G4210,U1,S,517174,0
221704257881391,14533,ZCTA5 14533,75118240,19315,G6350,B5,S,280903717135806,3677783,Wadsworth CDP,1325160,0,G4210,U1,S,1325160,0
221704257881391,14533,ZCTA5 14533,75118240,19315,G6350,B5,S,280903717135807,3684011,York CDP,7133085,0,G4210,U1,S,5675079,0
221704257881418,14534,ZCTA5 14534,83771828,806833,G6350,B5,S,NA,NA,NA,NA,NA,NA,NA,NA,81948326,754576
221704257881418,14534,ZCTA5 14534,83771828,806833,G6350,B5,S,27890104615828,3658354,Pittsford village,1823502,52257,G4110,C1,A,1823502,52257
221704257881439,14536,ZCTA5 14536,47343580,446853,G6350,B5,S,NA,NA,NA,NA,NA,NA,NA,NA,47343580,446853
221704257881440,14537,ZCTA5 14537,1797557,0,G6350,B5,S,280903926955851,3659322,Port Gibson CDP,3207665,83831,G4210,U1,S,1797557,0
221704257881441,14539,ZCTA5 14539,649819,0,G6350,B5,S,280903717135812,3661236,Retsof CDP,1166993,0,G4210,U1,S,649819,0
221704257881550,14541,ZCTA5 14541,124123036,493092,G6350,B5,S,NA,NA,NA,NA,NA,NA,NA,NA,122546803,493092
221704257881550,14541,ZCTA5 14541,124123036,493092,G6350,B5,S,280903926955929,3663429,Romulus CDP,1576233,0,G4210,U1,S,1576233,0
221704257881551,14542,ZCTA5 14542,133728,0,G6350,B5,S,NA,NA,NA,NA,NA,NA,NA,NA,133728,0
221704257881567,14543,ZCTA5 14543,65116293,916240,G6350,B5,S,NA,NA,NA,NA,NA,NA,NA,NA,65116293,916240
221704257881574,14544,ZCTA5 14544,77995384,64787,G6350,B5,S,NA,NA,NA,NA,NA,NA,NA,NA,76221396,64787
221704257881574,14544,ZCTA5 14544,77995384,64787,G6350,B5,S,280903939460956,3619308,Crystal Beach CDP,1765245,526106,G4210,U1,S,21816,0
221704257881574,14544,ZCTA5 14544,77995384,64787,G6350,B5,S,27890105673490,3664199,Rushville village,1752172,0,G4110,C1,A,1752172,0
221704257881575,14545,ZCTA5 14545,1190721,0,G6350,B5,S,NA,NA,NA,NA,NA,NA,NA,NA,764703,0
221704257881575,14545,ZCTA5 14545,1190721,0,G6350,B5,S,280903717135811,3665926,Scottsburg CDP,426018,0,G4210,U1,S,426018,0
221704257881594,14546,ZCTA5 14546,93529815,824827,G6350,B5,S,NA,NA,NA,NA,NA,NA,NA,NA,90725432,811669
221704257881594,14546,ZCTA5 14546,93529815,824827,G6350,B5,S,27890104615831,3665959,Scottsville village,2804383,13158,G4110,C1,A,2804383,13158
221704257881643,14548,ZCTA5 14548,74204629,0,G6350,B5,S,NA,NA,NA,NA,NA,NA,NA,NA,72445107,0
221704257881643,14548,ZCTA5 14548,74204629,0,G6350,B5,S,27890105673487,3644853,Manchester village,2955425,0,G4110,C1,A,126514,0
221704257881643,14548,ZCTA5 14548,74204629,0,G6350,B5,S,27890105673491,3667257,Shortsville village,1633008,0,G4110,C1,A,1633008,0
221704257881645,14549,ZCTA5 14549,502181,0,G6350,B5,S,NA,NA,NA,NA,NA,NA,NA,NA,502181,0
221704257881676,14550,ZCTA5 14550,56136646,2936519,G6350,B5,S,NA,NA,NA,NA,NA,NA,NA,NA,53670161,2866539
221704257881676,14550,ZCTA5 14550,56136646,2936519,G6350,B5,S,27890109410635,3667466,Silver Springs village,2466485,69980,G4110,C1,A,2466485,69980
221704257881726,14551,ZCTA5 14551,113074562,256449,G6350,B5,S,NA,NA,NA,NA,NA,NA,NA,NA,110637537,256449
221704257881726,14551,ZCTA5 14551,113074562,256449,G6350,B5,S,27890108826020,3668209,Sodus village,2437025,0,G4110,C1,A,2437025,0
221704257881732,14555,ZCTA5 14555,7487360,4498955,G6350,B5,S,NA,NA,NA,NA,NA,NA,NA,NA,3691020,4483455
221704257881732,14555,ZCTA5 14555,7487360,4498955,G6350,B5,S,27890108826021,3668242,Sodus Point village,3796340,15500,G4110,C1,A,3796340,15500
2217026265990949,14556,ZCTA5 14556,6019437,0,G6350,B5,S,NA,NA,NA,NA,NA,NA,NA,NA,6019437,0
2217026265990938,14557,ZCTA5 14557,1928919,0,G6350,B5,S,NA,NA,NA,NA,NA,NA,NA,NA,1928919,0
221704257881735,14559,ZCTA5 14559,113264415,764792,G6350,B5,S,NA,NA,NA,NA,NA,NA,NA,NA,109684405,681328
221704257881735,14559,ZCTA5 14559,113264415,764792,G6350,B5,S,27890104615832,3670189,Spencerport village,3580010,83464,G4110,C1,A,3580010,83464
221704257881736,14560,ZCTA5 14560,101092939,10072036,G6350,B5,S,NA,NA,NA,NA,NA,NA,NA,NA,97360278,10072036
221704257881736,14560,ZCTA5 14560,101092939,10072036,G6350,B5,S,280903717135800,3670464,Springwater CDP,3447095,0,G4210,U1,S,3447095,0
221704257881736,14560,ZCTA5 14560,101092939,10072036,G6350,B5,S,280903717135801,3678982,Websters Crossing CDP,285566,0,G4210,U1,S,285566,0
221704257881737,14561,ZCTA5 14561,129526566,0,G6350,B5,S,NA,NA,NA,NA,NA,NA,NA,NA,124312440,0
221704257881737,14561,ZCTA5 14561,129526566,0,G6350,B5,S,280903926955770,3629520,Gorham CDP,5214126,0,G4210,U1,S,5214126,0
221704257881762,14564,ZCTA5 14564,109456363,315030,G6350,B5,S,NA,NA,NA,NA,NA,NA,NA,NA,105917275,315030
221704257881762,14564,ZCTA5 14564,109456363,315030,G6350,B5,S,27890105673492,3677376,Victor village,3539088,0,G4110,C1,A,3539088,0
221704257881766,14568,ZCTA5 14568,63367591,28852,G6350,B5,S,NA,NA,NA,NA,NA,NA,NA,NA,56762076,28852
221704257881766,14568,ZCTA5 14568,63367591,28852,G6350,B5,S,2809015922372936,3628138,Gananda CDP,9425097,32209,G4210,U1,S,2808452,0
221704257881766,14568,ZCTA5 14568,63367591,28852,G6350,B5,S,2809015922374015,3678091,Walworth CDP,3797063,0,G4210,U1,S,3797063,0
221704257881798,14569,ZCTA5 14569,193516150,1282601,G6350,B5,S,NA,NA,NA,NA,NA,NA,NA,NA,182882163,1282601
221704257881798,14569,ZCTA5 14569,193516150,1282601,G6350,B5,S,27890109410636,3678333,Warsaw village,10633987,0,G4110,C1,A,10633987,0
221704257881811,14571,ZCTA5 14571,44129021,1304054,G6350,B5,S,NA,NA,NA,NA,NA,NA,NA,NA,44129021,1304054
221704257881841,14572,ZCTA5 14572,193917996,1496879,G6350,B5,S,NA,NA,NA,NA,NA,NA,NA,NA,190992359,1347098
221704257881841,14572,ZCTA5 14572,193917996,1496879,G6350,B5,S,27890107946322,3678850,Wayland village,2925637,149781,G4110,C1,A,2925637,149781
221704257881965,14580,ZCTA5 14580,110459800,5387958,G6350,B5,S,NA,NA,NA,NA,NA,NA,NA,NA,104754735,5387357
221704257881965,14580,ZCTA5 14580,110459800,5387958,G6350,B5,S,27890104615834,3678960,Webster village,5705065,601,G4110,C1,A,5705065,601
221704257881966,14585,ZCTA5 14585,284016,0,G6350,B5,S,NA,NA,NA,NA,NA,NA,NA,NA,284016,0
221704257881978,14586,ZCTA5 14586,28567398,376978,G6350,B5,S,NA,NA,NA,NA,NA,NA,NA,NA,28567398,376978
221704257881988,14588,ZCTA5 14588,690117,0,G6350,B5,S,NA,NA,NA,NA,NA,NA,NA,NA,690117,0
221704257882030,14589,ZCTA5 14589,113792864,77393,G6350,B5,S,NA,NA,NA,NA,NA,NA,NA,NA,97774504,67618
221704257882030,14589,ZCTA5 14589,113792864,77393,G6350,B5,S,280903939128447,3659993,Pultneyville CDP,6072150,222,G4210,U1,S,6072150,222
221704257882030,14589,ZCTA5 14589,113792864,77393,G6350,B5,S,280903939158786,3682029,Williamson CDP,9946210,9553,G4210,U1,S,9946210,9553
221704257882152,14590,ZCTA5 14590,167043480,6691603,G6350,B5,S,NA,NA,NA,NA,NA,NA,NA,NA,161999151,6642013
221704257882152,14590,ZCTA5 14590,167043480,6691603,G6350,B5,S,27890108826022,3682678,Wolcott village,5044329,49590,G4110,C1,A,5044329,49590
221704257882160,14591,ZCTA5 14591,90338391,64307,G6350,B5,S,NA,NA,NA,NA,NA,NA,NA,NA,88606055,64307
221704257882160,14591,ZCTA5 14591,90338391,64307,G6350,B5,S,27890109410637,3683371,Wyoming village,1732336,0,G4110,C1,A,1732336,0
221704257882161,14592,ZCTA5 14592,1458006,0,G6350,B5,S,280903717135807,3684011,York CDP,7133085,0,G4210,U1,S,1458006,0
221704257882196,14604,ZCTA5 14604,884544,44962,G6350,B5,S,27890104615829,3663000,Rochester city,92634700,3640302,G4110,C5,A,884544,44962
221704257882265,14605,ZCTA5 14605,4622036,44049,G6350,B5,S,27890104615829,3663000,Rochester city,92634700,3640302,G4110,C5,A,4622036,44049
221704257882290,14606,ZCTA5 14606,24406637,148965,G6350,B5,S,NA,NA,NA,NA,NA,NA,NA,NA,8234019,48470
221704257882290,14606,ZCTA5 14606,24406637,148965,G6350,B5,S,280903717135787,3628453,Gates CDP,5126600,30655,G4210,U2,S,2569798,18695
221704257882290,14606,ZCTA5 14606,24406637,148965,G6350,B5,S,280903717135788,3652040,North Gates CDP,6890957,66653,G4210,U1,S,6663335,66653
221704257882290,14606,ZCTA5 14606,24406637,148965,G6350,B5,S,27890104615829,3663000,Rochester city,92634700,3640302,G4110,C5,A,6939485,15147
221704257882292,14607,ZCTA5 14607,4440639,0,G6350,B5,S,27890104615829,3663000,Rochester city,92634700,3640302,G4110,C5,A,4440639,0
221704257882323,14608,ZCTA5 14608,4552289,100469,G6350,B5,S,27890104615829,3663000,Rochester city,92634700,3640302,G4110,C5,A,4552289,100469
221704257882390,14609,ZCTA5 14609,19157922,2092190,G6350,B5,S,NA,NA,NA,NA,NA,NA,NA,NA,575314,112276
221704257882390,14609,ZCTA5 14609,19157922,2092190,G6350,B5,S,28090104615811,3608257,Brighton CDP,39904827,497538,G4210,U1,S,431222,33952
221704257882390,14609,ZCTA5 14609,19157922,2092190,G6350,B5,S,28090104615826,3637737,Irondequoit CDP,38877925,4696476,G4210,U1,S,8979869,1945060
221704257882390,14609,ZCTA5 14609,19157922,2092190,G6350,B5,S,27890104615829,3663000,Rochester city,92634700,3640302,G4110,C5,A,9171517,902
221704257882401,14610,ZCTA5 14610,10886646,87355,G6350,B5,S,NA,NA,NA,NA,NA,NA,NA,NA,171912,0
221704257882401,14610,ZCTA5 14610,10886646,87355,G6350,B5,S,28090104615811,3608257,Brighton CDP,39904827,497538,G4210,U1,S,5929212,0
221704257882401,14610,ZCTA5 14610,10886646,87355,G6350,B5,S,27890104615829,3663000,Rochester city,92634700,3640302,G4110,C5,A,4785522,87355
221704257882459,14611,ZCTA5 14611,7589363,31505,G6350,B5,S,27890104615829,3663000,Rochester city,92634700,3640302,G4110,C5,A,7589363,31505
221704257882565,14612,ZCTA5 14612,44595147,6599968,G6350,B5,S,NA,NA,NA,NA,NA,NA,NA,NA,39015548,5588359
221704257882565,14612,ZCTA5 14612,44595147,6599968,G6350,B5,S,27890104615829,3663000,Rochester city,92634700,3640302,G4110,C5,A,5579599,1011609
221704257882573,14613,ZCTA5 14613,4908866,172619,G6350,B5,S,27890104615829,3663000,Rochester city,92634700,3640302,G4110,C5,A,4908866,172619
221704257882576,14614,ZCTA5 14614,573276,92443,G6350,B5,S,27890104615829,3663000,Rochester city,92634700,3640302,G4110,C5,A,573276,92443
221704257882630,14615,ZCTA5 14615,15407228,110596,G6350,B5,S,NA,NA,NA,NA,NA,NA,NA,NA,8574605,0
221704257882630,14615,ZCTA5 14615,15407228,110596,G6350,B5,S,27890104615829,3663000,Rochester city,92634700,3640302,G4110,C5,A,6832623,110596
221704257882673,14616,ZCTA5 14616,15207352,0,G6350,B5,S,NA,NA,NA,NA,NA,NA,NA,NA,14782828,0
221704257882673,14616,ZCTA5 14616,15207352,0,G6350,B5,S,27890104615829,3663000,Rochester city,92634700,3640302,G4110,C5,A,424524,0
221704257882700,14617,ZCTA5 14617,20502967,1601552,G6350,B5,S,28090104615826,3637737,Irondequoit CDP,38877925,4696476,G4210,U1,S,17787538,769339
221704257882700,14617,ZCTA5 14617,20502967,1601552,G6350,B5,S,27890104615829,3663000,Rochester city,92634700,3640302,G4110,C5,A,2715429,832213
221704257882752,14618,ZCTA5 14618,24844552,50326,G6350,B5,S,NA,NA,NA,NA,NA,NA,NA,NA,7944161,46881
221704257882752,14618,ZCTA5 14618,24844552,50326,G6350,B5,S,28090104615811,3608257,Brighton CDP,39904827,497538,G4210,U1,S,15503874,3445
221704257882752,14618,ZCTA5 14618,24844552,50326,G6350,B5,S,2809015922650449,3649715,Nazareth College CDP,568273,0,G4210,U1,S,568273,0
221704257882752,14618,ZCTA5 14618,24844552,50326,G6350,B5,S,27890104615829,3663000,Rochester city,92634700,3640302,G4110,C5,A,205701,0
221704257882752,14618,ZCTA5 14618,24844552,50326,G6350,B5,S,2809015922650862,3664606,St. John Fisher College CDP,622543,0,G4210,U1,S,622543,0
221704257882753,14619,ZCTA5 14619,3715727,13673,G6350,B5,S,27890104615829,3663000,Rochester city,92634700,3640302,G4110,C5,A,3715727,13673
221704257882782,14620,ZCTA5 14620,11488631,236836,G6350,B5,S,28090104615811,3608257,Brighton CDP,39904827,497538,G4210,U1,S,3246249,5620
221704257882782,14620,ZCTA5 14620,11488631,236836,G6350,B5,S,27890104615829,3663000,Rochester city,92634700,3640302,G4110,C5,A,8242382,231216
221704257882825,14621,ZCTA5 14621,10514754,292214,G6350,B5,S,28090104615826,3637737,Irondequoit CDP,38877925,4696476,G4210,U1,S,1339548,0
221704257882825,14621,ZCTA5 14621,10514754,292214,G6350,B5,S,27890104615829,3663000,Rochester city,92634700,3640302,G4110,C5,A,9175206,292214
221704257882859,14622,ZCTA5 14622,11492103,1982077,G6350,B5,S,28090104615826,3637737,Irondequoit CDP,38877925,4696476,G4210,U1,S,10770970,1982077
221704257882859,14622,ZCTA5 14622,11492103,1982077,G6350,B5,S,27890104615829,3663000,Rochester city,92634700,3640302,G4110,C5,A,721133,0
221704257882905,14623,ZCTA5 14623,50572200,1220504,G6350,B5,S,NA,NA,NA,NA,NA,NA,NA,NA,30928520,494156
221704257882905,14623,ZCTA5 14623,50572200,1220504,G6350,B5,S,28090104615811,3608257,Brighton CDP,39904827,497538,G4210,U1,S,12300820,422500
221704257882905,14623,ZCTA5 14623,50572200,1220504,G6350,B5,S,27890104615829,3663000,Rochester city,92634700,3640302,G4110,C5,A,2210421,286597
221704257882905,14623,ZCTA5 14623,50572200,1220504,G6350,B5,S,2809015922650860,3663014,Rochester Institute of Technology CDP,5132439,17251,G4210,U1,S,5132439,17251
221704257882977,14624,ZCTA5 14624,70840321,318347,G6350,B5,S,NA,NA,NA,NA,NA,NA,NA,NA,64791386,288690
221704257882977,14624,ZCTA5 14624,70840321,318347,G6350,B5,S,280903717135787,3628453,Gates CDP,5126600,30655,G4210,U2,S,2556802,11960
221704257882977,14624,ZCTA5 14624,70840321,318347,G6350,B5,S,27890104615829,3663000,Rochester city,92634700,3640302,G4110,C5,A,3492133,17697
221704257883013,14625,ZCTA5 14625,19764641,520909,G6350,B5,S,NA,NA,NA,NA,NA,NA,NA,NA,17271191,488888
221704257883013,14625,ZCTA5 14625,19764641,520909,G6350,B5,S,28090104615811,3608257,Brighton CDP,39904827,497538,G4210,U1,S,2493450,32021
221704257883046,14626,ZCTA5 14626,34640985,146396,G6350,B5,S,NA,NA,NA,NA,NA,NA,NA,NA,22949059,146396
221704257883046,14626,ZCTA5 14626,34640985,146396,G6350,B5,S,28090104615821,3630279,Greece CDP,11326697,0,G4210,U1,S,11326697,0
221704257883046,14626,ZCTA5 14626,34640985,146396,G6350,B5,S,280903717135788,3652040,North Gates CDP,6890957,66653,G4210,U1,S,227622,0
221704257883046,14626,ZCTA5 14626,34640985,146396,G6350,B5,S,27890104615829,3663000,Rochester city,92634700,3640302,G4110,C5,A,137607,0
221704257883049,14627,ZCTA5 14627,524560,184929,G6350,B5,S,27890104615829,3663000,Rochester city,92634700,3640302,G4110,C5,A,524560,184929
2217026265990919,14642,ZCTA5 14642,182271,0,G6350,B5,S,27890104615829,3663000,Rochester city,92634700,3640302,G4110,C5,A,182271,0
221704257883212,14701,ZCTA5 14701,239741949,720568,G6350,B5,S,NA,NA,NA,NA,NA,NA,NA,NA,203083841,323709
221704257883212,14701,ZCTA5 14701,239741949,720568,G6350,B5,S,280903926955623,3611440,Busti CDP,5863102,0,G4210,U1,S,5863102,0
221704257883212,14701,ZCTA5 14701,239741949,720568,G6350,B5,S,27890494238163,3613288,Celoron village,1936436,0,G4110,C1,A,1196946,0
221704257883212,14701,ZCTA5 14701,239741949,720568,G6350,B5,S,27890494238166,3625164,Falconer village,2794447,0,G4110,C1,A,21400,0
221704257883212,14701,ZCTA5 14701,239741949,720568,G6350,B5,S,27890494238170,3638264,Jamestown city,23049709,396859,G4110,C5,A,23049709,396859
221704257883212,14701,ZCTA5 14701,239741949,720568,G6350,B5,S,28090494238171,3638275,Jamestown West CDP,6526951,0,G4210,U2,S,6526951,0
221704257883246,14706,ZCTA5 14706,210057333,1666393,G6350,B5,S,NA,NA,NA,NA,NA,NA,NA,NA,206220224,1635776
221704257883246,14706,ZCTA5 14706,210057333,1666393,G6350,B5,S,27890493911825,3601286,Allegany village,2008354,18572,G4110,C1,A,2003824,18572
221704257883246,14706,ZCTA5 14706,210057333,1666393,G6350,B5,S,28090493911838,3664551,St. Bonaventure CDP,4936912,394813,G4210,U1,S,1833285,12045
221704257883291,14707,ZCTA5 14707,2265988,0,G6350,B5,S,NA,NA,NA,NA,NA,NA,NA,NA,2265988,0
221704257883312,14708,ZCTA5 14708,23429099,6284,G6350,B5,S,NA,NA,NA,NA,NA,NA,NA,NA,23429099,6284
221704257883325,14709,ZCTA5 14709,134468527,128306,G6350,B5,S,NA,NA,NA,NA,NA,NA,NA,NA,128895195,128306
221704257883325,14709,ZCTA5 14709,134468527,128306,G6350,B5,S,27890114795294,3602176,Angelica village,5573332,0,G4110,C1,A,5573332,0
221704257883392,14710,ZCTA5 14710,137822466,147055,G6350,B5,S,NA,NA,NA,NA,NA,NA,NA,NA,137822344,147055
221704257883392,14710,ZCTA5 14710,137822466,147055,G6350,B5,S,27890494238174,3656231,Panama village,5720365,15489,G4110,C1,A,122,0
221704257883408,14711,ZCTA5 14711,106614752,1099065,G6350,B5,S,NA,NA,NA,NA,NA,NA,NA,NA,102604834,1029304
221704257883408,14711,ZCTA5 14711,106614752,1099065,G6350,B5,S,280903926955437,3605562,Belfast CDP,4009918,69761,G4210,U1,S,4009918,69761
221704257883426,14712,ZCTA5 14712,66758706,187070,G6350,B5,S,NA,NA,NA,NA,NA,NA,NA,NA,65672505,187070
221704257883426,14712,ZCTA5 14712,66758706,187070,G6350,B5,S,27890494238160,3605848,Bemus Point village,1086201,0,G4110,C1,A,1086201,0
221704257883440,14714,ZCTA5 14714,30584707,77140,G6350,B5,S,NA,NA,NA,NA,NA,NA,NA,NA,30584707,77140
221704257883490,14715,ZCTA5 14715,118253685,73994,G6350,B5,S,NA,NA,NA,NA,NA,NA,NA,NA,114314048,73994
221704257883490,14715,ZCTA5 14715,118253685,73994,G6350,B5,S,27890114795296,3607190,Bolivar village,2063530,0,G4110,C1,A,2063530,0
221704257883490,14715,ZCTA5 14715,118253685,73994,G6350,B5,S,27890114795301,3661434,Richburg village,2331433,0,G4110,C1,A,1876107,0
221704257883537,14716,ZCTA5 14716,30647003,111308,G6350,B5,S,NA,NA,NA,NA,NA,NA,NA,NA,26073361,111308
221704257883537,14716,ZCTA5 14716,30647003,111308,G6350,B5,S,27890494238161,3608488,Brocton village,4581468,0,G4110,C1,A,4573642,0
221704257883548,14717,ZCTA5 14717,89178465,2991822,G6350,B5,S,NA,NA,NA,NA,NA,NA,NA,NA,89178465,2991822
221704257883562,14718,ZCTA5 14718,90668778,1080422,G6350,B5,S,NA,NA,NA,NA,NA,NA,NA,NA,88478784,518249
221704257883562,14718,ZCTA5 14718,90668778,1080422,G6350,B5,S,27890494238162,3612749,Cassadaga village,2189994,562173,G4110,C1,A,2189994,562173
221704257883628,14719,ZCTA5 14719,261943509,1589906,G6350,B5,S,NA,NA,NA,NA,NA,NA,NA,NA,259049406,1584077
221704257883628,14719,ZCTA5 14719,261943509,1589906,G6350,B5,S,27890493911826,3613024,Cattaraugus village,2894103,5829,G4110,C1,A,2894103,5829
221704257883630,14720,ZCTA5 14720,739490,0,G6350,B5,S,27890494238163,3613288,Celoron village,1936436,0,G4110,C1,A,739490,0
221704257883633,14721,ZCTA5 14721,8719193,0,G6350,B5,S,NA,NA,NA,NA,NA,NA,NA,NA,8719193,0
221704257883656,14722,ZCTA5 14722,935468,0,G6350,B5,S,280903939468256,3614058,Chautauqua CDP,1109444,0,G4210,U1,S,935468,0
221704257883701,14723,ZCTA5 14723,117624036,33957,G6350,B5,S,NA,NA,NA,NA,NA,NA,NA,NA,114095506,33957
221704257883701,14723,ZCTA5 14723,117624036,33957,G6350,B5,S,2809015922321786,3615187,Cherry Creek CDP,3528530,0,G4210,U1,S,3528530,0
221704257883729,14724,ZCTA5 14724,189853651,1523518,G6350,B5,S,NA,NA,NA,NA,NA,NA,NA,NA,189853651,1523518
221704257883768,14726,ZCTA5 14726,108568430,27825,G6350,B5,S,NA,NA,NA,NA,NA,NA,NA,NA,108568430,27825
221704257883838,14727,ZCTA5 14727,275976362,1991234,G6350,B5,S,NA,NA,NA,NA,NA,NA,NA,NA,272825729,1991234
221704257883838,14727,ZCTA5 14727,275976362,1991234,G6350,B5,S,27890114795298,3619356,Cuba village,3150633,0,G4110,C1,A,3150633,0
221704257883859,14728,ZCTA5 14728,73680679,121437,G6350,B5,S,NA,NA,NA,NA,NA,NA,NA,NA,73680679,121437
221704257883877,14729,ZCTA5 14729,76868722,544375,G6350,B5,S,NA,NA,NA,NA,NA,NA,NA,NA,76868722,544375
221704257883892,14731,ZCTA5 14731,117720373,151853,G6350,B5,S,NA,NA,NA,NA,NA,NA,NA,NA,115595829,116161
221704257883892,14731,ZCTA5 14731,117720373,151853,G6350,B5,S,27890493911829,3624020,Ellicottville village,2124544,35692,G4110,C1,A,2124544,35692
221704257883896,14732,ZCTA5 14732,199246,0,G6350,B5,S,NA,NA,NA,NA,NA,NA,NA,NA,199246,0
221704257883945,14733,ZCTA5 14733,69146106,482917,G6350,B5,S,NA,NA,NA,NA,NA,NA,NA,NA,66373059,482917
221704257883945,14733,ZCTA5 14733,69146106,482917,G6350,B5,S,27890494238166,3625164,Falconer village,2794447,0,G4110,C1,A,2773047,0
221704257883951,14735,ZCTA5 14735,203104244,1662176,G6350,B5,S,NA,NA,NA,NA,NA,NA,NA,NA,200645369,1662176
221704257883951,14735,ZCTA5 14735,203104244,1662176,G6350,B5,S,280901954945161,3625747,Fillmore CDP,2458875,0,G4210,U1,S,2458875,0
221704257883952,14736,ZCTA5 14736,11790901,0,G6350,B5,S,NA,NA,NA,NA,NA,NA,NA,NA,11790901,0
221704257883964,14737,ZCTA5 14737,275545446,769704,G6350,B5,S,NA,NA,NA,NA,NA,NA,NA,NA,272696421,769704
221704257883964,14737,ZCTA5 14737,275545446,769704,G6350,B5,S,27890493911830,3627331,Franklinville village,2849025,0,G4110,C1,A,2849025,0
221704257884048,14738,ZCTA5 14738,168288180,578003,G6350,B5,S,NA,NA,NA,NA,NA,NA,NA,NA,159632774,540296
221704257884048,14738,ZCTA5 14738,168288180,578003,G6350,B5,S,28090494238169,3627672,Frewsburg CDP,8655406,37707,G4210,U1,S,8655406,37707
221704257884156,14739,ZCTA5 14739,209977712,169575,G6350,B5,S,NA,NA,NA,NA,NA,NA,NA,NA,202496021,169575
221704257884156,14739,ZCTA5 14739,209977712,169575,G6350,B5,S,28090114795299,3627694,Friendship CDP,7481691,0,G4210,U1,S,7481691,0
221704257884198,14740,ZCTA5 14740,65951282,12952,G6350,B5,S,NA,NA,NA,NA,NA,NA,NA,NA,65951282,12952
221704257884211,14741,ZCTA5 14741,161322046,316721,G6350,B5,S,NA,NA,NA,NA,NA,NA,NA,NA,161322046,316721
221704257884212,14742,ZCTA5 14742,326251,0,G6350,B5,S,NA,NA,NA,NA,NA,NA,NA,NA,326251,0
221704257884295,14743,ZCTA5 14743,116825503,78914,G6350,B5,S,NA,NA,NA,NA,NA,NA,NA,NA,116825503,78914
221704257884296,14744,ZCTA5 14744,51470662,396187,G6350,B5,S,NA,NA,NA,NA,NA,NA,NA,NA,44423857,370981
221704257884296,14744,ZCTA5 14744,51470662,396187,G6350,B5,S,28090114795300,3635771,Houghton CDP,7046805,25206,G4210,U1,S,7046805,25206
221704257884368,14747,ZCTA5 14747,114906827,339714,G6350,B5,S,NA,NA,NA,NA,NA,NA,NA,NA,109615732,339714
221704257884368,14747,ZCTA5 14747,114906827,339714,G6350,B5,S,280903926955586,3639243,Kennedy CDP,5291095,0,G4210,U1,S,5291095,0
221704257884381,14748,ZCTA5 14748,43464041,372668,G6350,B5,S,NA,NA,NA,NA,NA,NA,NA,NA,43464041,372668
221704257884402,14750,ZCTA5 14750,29169010,0,G6350,B5,S,NA,NA,NA,NA,NA,NA,NA,NA,24092701,0
221704257884402,14750,ZCTA5 14750,29169010,0,G6350,B5,S,27890494238172,3641069,Lakewood village,5076309,0,G4110,C1,A,5076309,0
221704257884403,14752,ZCTA5 14752,646283,0,G6350,B5,S,NA,NA,NA,NA,NA,NA,NA,NA,646283,0
221704257884410,14753,ZCTA5 14753,92645495,683737,G6350,B5,S,NA,NA,NA,NA,NA,NA,NA,NA,88276634,656787
221704257884410,14753,ZCTA5 14753,92645495,683737,G6350,B5,S,280904270810101,3642378,Limestone CDP,4368861,26950,G4210,U1,S,4368861,26950
221704257884417,14754,ZCTA5 14754,50983625,25441,G6350,B5,S,NA,NA,NA,NA,NA,NA,NA,NA,50983625,25441
221704257884433,14755,ZCTA5 14755,191427927,406031,G6350,B5,S,NA,NA,NA,NA,NA,NA,NA,NA,188832667,406031
221704257884433,14755,ZCTA5 14755,191427927,406031,G6350,B5,S,27890493911833,3642829,Little Valley village,2595260,0,G4110,C1,A,2595260,0
221704257884434,14756,ZCTA5 14756,60730,0,G6350,B5,S,NA,NA,NA,NA,NA,NA,NA,NA,60730,0
221704257884465,14757,ZCTA5 14757,113193461,225468,G6350,B5,S,NA,NA,NA,NA,NA,NA,NA,NA,107798483,219247
221704257884465,14757,ZCTA5 14757,113193461,225468,G6350,B5,S,280903939468256,3614058,Chautauqua CDP,1109444,0,G4210,U1,S,173976,0
221704257884465,14757,ZCTA5 14757,113193461,225468,G6350,B5,S,27890494238173,3646239,Mayville village,5221002,6221,G4110,C1,A,5221002,6221
221704257884636,14760,ZCTA5 14760,168519615,2093647,G6350,B5,S,NA,NA,NA,NA,NA,NA,NA,NA,134824353,886103
221704257884636,14760,ZCTA5 14760,168519615,2093647,G6350,B5,S,27890493911834,3654716,Olean city,15279909,690403,G4110,C5,A,15279909,690403
221704257884636,14760,ZCTA5 14760,168519615,2093647,G6350,B5,S,28090493911838,3664551,St. Bonaventure CDP,4936912,394813,G4210,U1,S,1917844,382768
221704257884636,14760,ZCTA5 14760,168519615,2093647,G6350,B5,S,28090493911841,3680632,Weston Mills CDP,18255811,189845,G4210,U1,S,16497509,134373
221704257884648,14767,ZCTA5 14767,142904867,572506,G6350,B5,S,NA,NA,NA,NA,NA,NA,NA,NA,137184624,557017
221704257884648,14767,ZCTA5 14767,142904867,572506,G6350,B5,S,27890494238174,3656231,Panama village,5720365,15489,G4110,C1,A,5720243,15489
221704257884657,14769,ZCTA5 14769,23281870,15320952,G6350,B5,S,NA,NA,NA,NA,NA,NA,NA,NA,23274044,15320952
221704257884657,14769,ZCTA5 14769,23281870,15320952,G6350,B5,S,27890494238161,3608488,Brocton village,4581468,0,G4110,C1,A,7826,0
221704257884658,14770,ZCTA5 14770,75609555,732414,G6350,B5,S,NA,NA,NA,NA,NA,NA,NA,NA,72614240,732414
221704257884658,14770,ZCTA5 14770,75609555,732414,G6350,B5,S,27890493911836,3659498,Portville village,2077309,0,G4110,C1,A,2077309,0
221704257884658,14770,ZCTA5 14770,75609555,732414,G6350,B5,S,28090493911841,3680632,Weston Mills CDP,18255811,189845,G4210,U1,S,918006,0
221704257884685,14772,ZCTA5 14772,198465791,749919,G6350,B5,S,NA,NA,NA,NA,NA,NA,NA,NA,187173584,720526
221704257884685,14772,ZCTA5 14772,198465791,749919,G6350,B5,S,280904762879164,3622843,East Randolph CDP,2872502,1775,G4210,U1,S,2872502,1775
221704257884685,14772,ZCTA5 14772,198465791,749919,G6350,B5,S,280904762879262,3660576,Randolph CDP,8419705,27618,G4210,U1,S,8419705,27618
221704257884686,14774,ZCTA5 14774,666285,0,G6350,B5,S,NA,NA,NA,NA,NA,NA,NA,NA,210959,0
221704257884686,14774,ZCTA5 14774,666285,0,G6350,B5,S,27890114795301,3661434,Richburg village,2331433,0,G4110,C1,A,455326,0
221704257884687,14775,ZCTA5 14775,139496761,5591638,G6350,B5,S,NA,NA,NA,NA,NA,NA,NA,NA,135943699,5591638
221704257884687,14775,ZCTA5 14775,139496761,5591638,G6350,B5,S,28090494238175,3661874,Ripley CDP,3553062,0,G4210,U1,S,3553062,0
221704257884688,14777,ZCTA5 14777,19699687,121073,G6350,B5,S,NA,NA,NA,NA,NA,NA,NA,NA,18180341,121073
221704257884688,14777,ZCTA5 14777,19699687,121073,G6350,B5,S,280903926955480,3664155,Rushford CDP,1519346,0,G4210,U1,S,1519346,0
221704257884689,14778,ZCTA5 14778,1190313,0,G6350,B5,S,27890493911825,3601286,Allegany village,2008354,18572,G4110,C1,A,4530,0
221704257884689,14778,ZCTA5 14778,1190313,0,G6350,B5,S,28090493911838,3664551,St. Bonaventure CDP,4936912,394813,G4210,U1,S,1185783,0
221704257884745,14779,ZCTA5 14779,359482120,5079168,G6350,B5,S,NA,NA,NA,NA,NA,NA,NA,NA,343958224,4452981
221704257884745,14779,ZCTA5 14779,359482120,5079168,G6350,B5,S,27890493911839,3664749,Salamanca city,15523896,626187,G4110,C5,A,15523896,626187
221704257884747,14781,ZCTA5 14781,187843906,223972,G6350,B5,S,NA,NA,NA,NA,NA,NA,NA,NA,185740485,223972
221704257884747,14781,ZCTA5 14781,187843906,223972,G6350,B5,S,27890494238176,3666949,Sherman village,2103421,0,G4110,C1,A,2103421,0
221704257884748,14782,ZCTA5 14782,140461984,60703,G6350,B5,S,NA,NA,NA,NA,NA,NA,NA,NA,136256507,60703
221704257884748,14782,ZCTA5 14782,140461984,60703,G6350,B5,S,27890494238178,3667488,Sinclairville village,4205477,0,G4110,C1,A,4205477,0
221704257884749,14783,ZCTA5 14783,37169299,14999704,G6350,B5,S,NA,NA,NA,NA,NA,NA,NA,NA,37169299,14999704
221704257884818,14784,ZCTA5 14784,71156602,839751,G6350,B5,S,NA,NA,NA,NA,NA,NA,NA,NA,71156602,839751
2217026265990930,14785,ZCTA5 14785,501659,0,G6350,B5,S,NA,NA,NA,NA,NA,NA,NA,NA,501659,0
221704257884823,14787,ZCTA5 14787,110467586,10269425,G6350,B5,S,NA,NA,NA,NA,NA,NA,NA,NA,100667360,10269425
221704257884823,14787,ZCTA5 14787,110467586,10269425,G6350,B5,S,27890494238179,3679939,Westfield village,9800226,0,G4110,C1,A,9800226,0
221704257884824,14788,ZCTA5 14788,840296,55472,G6350,B5,S,28090493911841,3680632,Weston Mills CDP,18255811,189845,G4210,U1,S,840296,55472
221704257884853,14801,ZCTA5 14801,271730758,1031006,G6350,B5,S,NA,NA,NA,NA,NA,NA,NA,NA,266828474,1031006
221704257884853,14801,ZCTA5 14801,271730758,1031006,G6350,B5,S,27890107946306,3600276,Addison village,4902284,0,G4110,C1,A,4902284,0
221704257884858,14802,ZCTA5 14802,2946169,0,G6350,B5,S,NA,NA,NA,NA,NA,NA,NA,NA,53787,0
221704257884858,14802,ZCTA5 14802,2946169,0,G6350,B5,S,27890114795292,3601198,Alfred village,3081683,0,G4110,C1,A,2892382,0
221704257884859,14803,ZCTA5 14803,72713878,264069,G6350,B5,S,NA,NA,NA,NA,NA,NA,NA,NA,72524577,264069
221704257884859,14803,ZCTA5 14803,72713878,264069,G6350,B5,S,27890114795292,3601198,Alfred village,3081683,0,G4110,C1,A,189301,0
221704257884860,14804,ZCTA5 14804,140303468,195509,G6350,B5,S,NA,NA,NA,NA,NA,NA,NA,NA,138982236,195509
221704257884860,14804,ZCTA5 14804,140303468,195509,G6350,B5,S,27890107946307,3601440,Almond village,1461648,0,G4110,C1,A,1321232,0
221704257884868,14805,ZCTA5 14805,76183515,1550755,G6350,B5,S,NA,NA,NA,NA,NA,NA,NA,NA,76183515,1550755
221704257884879,14806,ZCTA5 14806,158080739,459599,G6350,B5,S,NA,NA,NA,NA,NA,NA,NA,NA,155488218,420234
221704257884879,14806,ZCTA5 14806,158080739,459599,G6350,B5,S,27890114795293,3602143,Andover village,2592521,39365,G4110,C1,A,2592521,39365
221704257884927,14807,ZCTA5 14807,189139931,609154,G6350,B5,S,NA,NA,NA,NA,NA,NA,NA,NA,187341752,609154
221704257884927,14807,ZCTA5 14807,189139931,609154,G6350,B5,S,27890107946308,3602583,Arkport village,1798179,0,G4110,C1,A,1798179,0
221704257884928,14808,ZCTA5 14808,7002200,0,G6350,B5,S,NA,NA,NA,NA,NA,NA,NA,NA,7002200,0
221704257884933,14809,ZCTA5 14809,147261093,319379,G6350,B5,S,NA,NA,NA,NA,NA,NA,NA,NA,143826978,313865
221704257884933,14809,ZCTA5 14809,147261093,319379,G6350,B5,S,27890107946309,3603331,Avoca village,3434115,5514,G4110,C1,A,3434115,5514
221704257885145,14810,ZCTA5 14810,312260192,1054992,G6350,B5,S,NA,NA,NA,NA,NA,NA,NA,NA,304043627,1054077
221704257885145,14810,ZCTA5 14810,312260192,1054992,G6350,B5,S,27890107946310,3604759,Bath village,8216565,915,G4110,C1,A,8216565,915
221704257885189,14812,ZCTA5 14812,197954880,241597,G6350,B5,S,NA,NA,NA,NA,NA,NA,NA,NA,197954880,241597
221704257885227,14813,ZCTA5 14813,156735413,409020,G6350,B5,S,NA,NA,NA,NA,NA,NA,NA,NA,154156214,404850
221704257885227,14813,ZCTA5 14813,156735413,409020,G6350,B5,S,27890114795295,3605815,Belmont village,2579199,4170,G4110,C1,A,2579199,4170
221704257885246,14814,ZCTA5 14814,21426399,289048,G6350,B5,S,NA,NA,NA,NA,NA,NA,NA,NA,15464671,241190
221704257885246,14814,ZCTA5 14814,21426399,289048,G6350,B5,S,28090100833073,3606464,Big Flats CDP,43222933,200374,G4210,U1,S,5961728,47858
221704257885248,14815,ZCTA5 14815,46937025,3471678,G6350,B5,S,NA,NA,NA,NA,NA,NA,NA,NA,46937025,3471678
221704257885249,14816,ZCTA5 14816,9749786,79581,G6350,B5,S,NA,NA,NA,NA,NA,NA,NA,NA,6896473,48921
221704257885249,14816,ZCTA5 14816,9749786,79581,G6350,B5,S,280903939464985,3608004,Breesport CDP,4217984,31123,G4210,U1,S,2853313,30660
221704257885250,14817,ZCTA5 14817,105572969,256638,G6350,B5,S,NA,NA,NA,NA,NA,NA,NA,NA,104763024,249839
221704257885250,14817,ZCTA5 14817,105572969,256638,G6350,B5,S,2809015682381970,3610077,Brooktondale CDP,632148,6799,G4210,U1,S,632148,6799
221704257885250,14817,ZCTA5 14817,105572969,256638,G6350,B5,S,2809015682381966,3667631,Slaterville Springs CDP,681096,643,G4210,U1,S,177797,0
221704257885251,14818,ZCTA5 14818,99748833,14142,G6350,B5,S,NA,NA,NA,NA,NA,NA,NA,NA,97257582,14142
221704257885251,14818,ZCTA5 14818,99748833,14142,G6350,B5,S,27890106776460,3611132,Burdett village,2491251,0,G4110,C1,A,2491251,0
221704257885258,14819,ZCTA5 14819,99332529,147322,G6350,B5,S,NA,NA,NA,NA,NA,NA,NA,NA,99332529,147322
221704257885281,14820,ZCTA5 14820,72357710,33731,G6350,B5,S,NA,NA,NA,NA,NA,NA,NA,NA,72357710,33731
221704257885283,14821,ZCTA5 14821,144658104,352672,G6350,B5,S,NA,NA,NA,NA,NA,NA,NA,NA,139941369,352672
221704257885283,14821,ZCTA5 14821,144658104,352672,G6350,B5,S,280903939467323,3611935,Campbell CDP,4562083,0,G4210,U1,S,4562083,0
221704257885283,14821,ZCTA5 14821,144658104,352672,G6350,B5,S,27890107946320,3665354,Savona village,2692543,0,G4110,C1,A,154652,0
221704257885286,14822,ZCTA5 14822,103165369,446659,G6350,B5,S,NA,NA,NA,NA,NA,NA,NA,NA,100414066,446659
221704257885286,14822,ZCTA5 14822,103165369,446659,G6350,B5,S,27890114795297,3612177,Canaseraga village,2751303,0,G4110,C1,A,2751303,0
221704257885291,14823,ZCTA5 14823,245717536,44261,G6350,B5,S,NA,NA,NA,NA,NA,NA,NA,NA,243299341,44261
221704257885291,14823,ZCTA5 14823,245717536,44261,G6350,B5,S,27890107946311,3612254,Canisteo village,2418195,0,G4110,C1,A,2418195,0
221704257885331,14824,ZCTA5 14824,52930579,8426,G6350,B5,S,NA,NA,NA,NA,NA,NA,NA,NA,52930579,8426
221704257885341,14825,ZCTA5 14825,43423712,10603,G6350,B5,S,NA,NA,NA,NA,NA,NA,NA,NA,43423712,10603
221704257885687,14826,ZCTA5 14826,153001676,24953,G6350,B5,S,NA,NA,NA,NA,NA,NA,NA,NA,149112905,24953
221704257885687,14826,ZCTA5 14826,153001676,24953,G6350,B5,S,27890107946312,3616727,Cohocton village,3888771,0,G4110,C1,A,3888771,0
221704257885688,14827,ZCTA5 14827,233078,0,G6350,B5,S,280903939467795,3618036,Coopers Plains CDP,2134656,0,G4210,U1,S,233078,0
221704257885844,14830,ZCTA5 14830,234712349,2331362,G6350,B5,S,NA,NA,NA,NA,NA,NA,NA,NA,224515800,1857456
221704257885844,14830,ZCTA5 14830,234712349,2331362,G6350,B5,S,27890107946313,3618256,Corning city,7986917,459014,G4110,C5,A,7986917,459014
221704257885844,14830,ZCTA5 14830,234712349,2331362,G6350,B5,S,27890107946319,3662061,Riverside village,780844,14892,G4110,C1,A,612436,14892
221704257885844,14830,ZCTA5 14830,234712349,2331362,G6350,B5,S,27890107946321,3668847,South Corning village,1597196,0,G4110,C1,A,1597196,0
221704257885869,14836,ZCTA5 14836,78516952,117757,G6350,B5,S,NA,NA,NA,NA,NA,NA,NA,NA,76561950,117757
221704257885869,14836,ZCTA5 14836,78516952,117757,G6350,B5,S,280903717135798,3619587,Dalton CDP,1955002,0,G4210,U1,S,1955002,0
221704257886009,14837,ZCTA5 14837,203925763,3554933,G6350,B5,S,NA,NA,NA,NA,NA,NA,NA,NA,201071604,3554933
221704257886009,14837,ZCTA5 14837,203925763,3554933,G6350,B5,S,27890109996696,3621050,Dundee village,2854159,0,G4110,C1,A,2854159,0
221704257886019,14838,ZCTA5 14838,103278207,528445,G6350,B5,S,NA,NA,NA,NA,NA,NA,NA,NA,99977791,503377
221704257886019,14838,ZCTA5 14838,103278207,528445,G6350,B5,S,280903939464985,3608004,Breesport CDP,4217984,31123,G4210,U1,S,1364671,463
221704257886019,14838,ZCTA5 14838,103278207,528445,G6350,B5,S,280903939728928,3624625,Erin CDP,1935745,24605,G4210,U1,S,1935745,24605
221704257886058,14839,ZCTA5 14839,94401604,10792,G6350,B5,S,NA,NA,NA,NA,NA,NA,NA,NA,94401604,10792
221704257886094,14840,ZCTA5 14840,151846791,419117,G6350,B5,S,NA,NA,NA,NA,NA,NA,NA,NA,150952938,366677
221704257886094,14840,ZCTA5 14840,151846791,419117,G6350,B5,S,27890107946315,3631852,Hammondsport village,893853,52440,G4110,C1,A,893853,52440
221704257886114,14841,ZCTA5 14841,52245949,0,G6350,B5,S,NA,NA,NA,NA,NA,NA,NA,NA,52245949,0
221704257886156,14842,ZCTA5 14842,40711834,17366,G6350,B5,S,NA,NA,NA,NA,NA,NA,NA,NA,40711834,17366
221704257886387,14843,ZCTA5 14843,247947419,929520,G6350,B5,S,NA,NA,NA,NA,NA,NA,NA,NA,238044552,929520
221704257886387,14843,ZCTA5 14843,247947419,929520,G6350,B5,S,27890107946307,3601440,Almond village,1461648,0,G4110,C1,A,140416,0
221704257886387,14843,ZCTA5 14843,247947419,929520,G6350,B5,S,27890107946316,3635672,Hornell city,8491569,0,G4110,C5,A,8491569,0
221704257886387,14843,ZCTA5 14843,247947419,929520,G6350,B5,S,27890107946317,3653055,North Hornell village,1270882,0,G4110,C1,A,1270882,0
221704257886524,14845,ZCTA5 14845,202495144,1044068,G6350,B5,S,NA,NA,NA,NA,NA,NA,NA,NA,160421536,899353
221704257886524,14845,ZCTA5 14845,202495144,1044068,G6350,B5,S,28090100833073,3606464,Big Flats CDP,43222933,200374,G4210,U1,S,26313791,32445
221704257886524,14845,ZCTA5 14845,202495144,1044068,G6350,B5,S,27890100833077,3635694,Horseheads village,10070798,38288,G4110,C1,A,9981547,38288
221704257886524,14845,ZCTA5 14845,202495144,1044068,G6350,B5,S,28090100833078,3635710,Horseheads North CDP,5727534,73982,G4210,U2,S,5727534,73982
221704257886524,14845,ZCTA5 14845,202495144,1044068,G6350,B5,S,280903939465807,3658189,Pine Valley CDP,3119113,35257,G4210,U1,S,50736,0
221704257886549,14846,ZCTA5 14846,89470815,642566,G6350,B5,S,NA,NA,NA,NA,NA,NA,NA,NA,89162366,642566
221704257886549,14846,ZCTA5 14846,89470815,642566,G6350,B5,S,280903717135799,3636156,Hunt CDP,308449,0,G4210,U1,S,308449,0
221704257886554,14847,ZCTA5 14847,104733827,89230,G6350,B5,S,NA,NA,NA,NA,NA,NA,NA,NA,103938671,84243
221704257886554,14847,ZCTA5 14847,104733827,89230,G6350,B5,S,27890116897506,3637528,Interlaken village,795156,4987,G4110,C1,A,795156,4987
221704257886755,14850,ZCTA5 14850,323269097,2323003,G6350,B5,S,NA,NA,NA,NA,NA,NA,NA,NA,249745846,1192042
221704257886755,14850,ZCTA5 14850,323269097,2323003,G6350,B5,S,27890699381620,3613079,Cayuga Heights village,4575841,3196,G4110,C1,A,4575841,3196
221704257886755,14850,ZCTA5 14850,323269097,2323003,G6350,B5,S,2809015682381971,3619609,Danby CDP,8949573,10083,G4210,U1,S,7783411,10083
221704257886755,14850,ZCTA5 14850,323269097,2323003,G6350,B5,S,2809015682381964,3622326,East Ithaca CDP,5552775,128893,G4210,U1,S,5552775,128893
221704257886755,14850,ZCTA5 14850,323269097,2323003,G6350,B5,S,28090699377390,3626561,Forest Home CDP,582814,50354,G4210,U1,S,582814,50354
221704257886755,14850,ZCTA5 14850,323269097,2323003,G6350,B5,S,27890699381624,3638077,Ithaca city,13957120,1766770,G4110,C5,A,12960094,598452
221704257886755,14850,ZCTA5 14850,323269097,2323003,G6350,B5,S,27890699381625,3641223,Lansing village,11940517,48816,G4110,C1,A,11940517,48816
221704257886755,14850,ZCTA5 14850,323269097,2323003,G6350,B5,S,28090699377392,3651915,Northeast Ithaca CDP,3805963,11461,G4210,U2,S,3805963,11461
221704257886755,14850,ZCTA5 14850,323269097,2323003,G6350,B5,S,28090699377393,3653853,Northwest Ithaca CDP,9203659,12531,G4210,U2,S,9203659,12531
221704257886755,14850,ZCTA5 14850,323269097,2323003,G6350,B5,S,28090699377394,3669199,South Hill CDP,15270487,245257,G4210,U1,S,15270487,245257
221704257886755,14850,ZCTA5 14850,323269097,2323003,G6350,B5,S,2809015682381968,3676969,Varna CDP,1847690,21918,G4210,U1,S,1847690,21918
221704257886756,14853,ZCTA5 14853,996673,37581,G6350,B5,S,27890699381624,3638077,Ithaca city,13957120,1766770,G4110,C5,A,996673,37581
221704257886757,14854,ZCTA5 14854,1130400,1790,G6350,B5,S,2809015682381967,3638209,Jacksonville CDP,9345074,28311,G4210,U1,S,1130400,1790
221704257886761,14855,ZCTA5 14855,75710412,84933,G6350,B5,S,NA,NA,NA,NA,NA,NA,NA,NA,75710412,84933
221704257886781,14856,ZCTA5 14856,447488,0,G6350,B5,S,NA,NA,NA,NA,NA,NA,NA,NA,447488,0
221704257886791,14858,ZCTA5 14858,94615832,856887,G6350,B5,S,NA,NA,NA,NA,NA,NA,NA,NA,94615832,856887
221704257886809,14859,ZCTA5 14859,81142170,175160,G6350,B5,S,NA,NA,NA,NA,NA,NA,NA,NA,81142170,175160
221704257886832,14860,ZCTA5 14860,52255661,8874320,G6350,B5,S,NA,NA,NA,NA,NA,NA,NA,NA,50828203,8869089
221704257886832,14860,ZCTA5 14860,52255661,8874320,G6350,B5,S,27890116897508,3643214,Lodi village,1427458,5231,G4110,C1,A,1427458,5231
221704257886877,14861,ZCTA5 14861,91839103,201711,G6350,B5,S,NA,NA,NA,NA,NA,NA,NA,NA,91839103,201711
221704257886890,14864,ZCTA5 14864,31386582,91908,G6350,B5,S,NA,NA,NA,NA,NA,NA,NA,NA,29743366,60216
221704257886890,14864,ZCTA5 14864,31386582,91908,G6350,B5,S,27890100833079,3647427,Millport village,901137,0,G4110,C1,A,901137,0
221704257886890,14864,ZCTA5 14864,31386582,91908,G6350,B5,S,280903939465807,3658189,Pine Valley CDP,3119113,35257,G4210,U1,S,742079,31692
221704257886945,14865,ZCTA5 14865,57361630,68491,G6350,B5,S,NA,NA,NA,NA,NA,NA,NA,NA,49554812,5929
221704257886945,14865,ZCTA5 14865,57361630,68491,G6350,B5,S,27890106776498,3648197,Montour Falls village,7791484,62562,G4110,C1,A,7791484,62562
221704257886945,14865,ZCTA5 14865,57361630,68491,G6350,B5,S,27890106776501,3678696,Watkins Glen village,4039736,992907,G4110,C1,A,15334,0
221704257886950,14867,ZCTA5 14867,175377443,369125,G6350,B5,S,NA,NA,NA,NA,NA,NA,NA,NA,172121128,366576
221704257886950,14867,ZCTA5 14867,175377443,369125,G6350,B5,S,28090699377391,3650243,Newfield CDP,3256315,2549,G4210,U1,S,3256315,2549
221704257886984,14869,ZCTA5 14869,48729905,16711,G6350,B5,S,NA,NA,NA,NA,NA,NA,NA,NA,45786187,16711
221704257886984,14869,ZCTA5 14869,48729905,16711,G6350,B5,S,27890106776499,3654452,Odessa village,2943718,0,G4110,C1,A,2943718,0
221704257887086,14870,ZCTA5 14870,166978852,1446477,G6350,B5,S,NA,NA,NA,NA,NA,NA,NA,NA,150276289,1229030
221704257887086,14870,ZCTA5 14870,166978852,1446477,G6350,B5,S,280903939467795,3618036,Coopers Plains CDP,2134656,0,G4210,U1,S,1901578,0
221704257887086,14870,ZCTA5 14870,166978852,1446477,G6350,B5,S,28090107946314,3628145,Gang Mills CDP,11332501,60084,G4210,U1,S,11332501,60084
221704257887086,14870,ZCTA5 14870,166978852,1446477,G6350,B5,S,27890107946318,3656088,Painted Post village,3300076,157363,G4110,C1,A,3300076,157363
221704257887086,14870,ZCTA5 14870,166978852,1446477,G6350,B5,S,27890107946319,3662061,Riverside village,780844,14892,G4110,C1,A,168408,0
221704257887087,14871,ZCTA5 14871,136912698,1021631,G6350,B5,S,NA,NA,NA,NA,NA,NA,NA,NA,132031827,946562
221704257887087,14871,ZCTA5 14871,136912698,1021631,G6350,B5,S,28090100833080,3669606,Southport CDP,16513353,566610,G4210,U1,S,4880871,75069
221704257887093,14872,ZCTA5 14872,15041679,20261,G6350,B5,S,NA,NA,NA,NA,NA,NA,NA,NA,12715381,16696
221704257887093,14872,ZCTA5 14872,15041679,20261,G6350,B5,S,280903939465807,3658189,Pine Valley CDP,3119113,35257,G4210,U1,S,2326298,3565
221704257887131,14873,ZCTA5 14873,191201106,363843,G6350,B5,S,NA,NA,NA,NA,NA,NA,NA,NA,186952422,363843
221704257887131,14873,ZCTA5 14873,191201106,363843,G6350,B5,S,280903939461424,3659708,Prattsburgh CDP,4248684,0,G4210,U1,S,4248684,0
221704257887132,14874,ZCTA5 14874,4100430,0,G6350,B5,S,NA,NA,NA,NA,NA,NA,NA,NA,4100430,0
221704257887164,14877,ZCTA5 14877,119076582,377011,G6350,B5,S,NA,NA,NA,NA,NA,NA,NA,NA,119076582,377011
221704257887171,14878,ZCTA5 14878,41423203,0,G6350,B5,S,NA,NA,NA,NA,NA,NA,NA,NA,41423203,0
221704257887218,14879,ZCTA5 14879,113918450,953048,G6350,B5,S,NA,NA,NA,NA,NA,NA,NA,NA,111380559,953048
221704257887218,14879,ZCTA5 14879,113918450,953048,G6350,B5,S,27890107946320,3665354,Savona village,2692543,0,G4110,C1,A,2537891,0
221704257887236,14880,ZCTA5 14880,135168559,155760,G6350,B5,S,NA,NA,NA,NA,NA,NA,NA,NA,131736296,155760
221704257887236,14880,ZCTA5 14880,135168559,155760,G6350,B5,S,280903926955532,3665761,Scio CDP,3432263,0,G4210,U1,S,3432263,0
221704257887237,14881,ZCTA5 14881,3972084,3080,G6350,B5,S,NA,NA,NA,NA,NA,NA,NA,NA,3468785,2437
221704257887237,14881,ZCTA5 14881,3972084,3080,G6350,B5,S,2809015682381966,3667631,Slaterville Springs CDP,681096,643,G4210,U1,S,503299,643
221704257887248,14882,ZCTA5 14882,84139708,16868873,G6350,B5,S,NA,NA,NA,NA,NA,NA,NA,NA,76989649,16861202
221704257887248,14882,ZCTA5 14882,84139708,16868873,G6350,B5,S,2809015682381963,3669342,South Lansing CDP,7150059,7671,G4210,U1,S,7150059,7671
221704257887282,14883,ZCTA5 14883,187943032,1279237,G6350,B5,S,NA,NA,NA,NA,NA,NA,NA,NA,180577260,1229867
221704257887282,14883,ZCTA5 14883,187943032,1279237,G6350,B5,S,2809015682381971,3619609,Danby CDP,8949573,10083,G4210,U1,S,1166162,0
221704257887282,14883,ZCTA5 14883,187943032,1279237,G6350,B5,S,27890740747571,3670167,Spencer village,2681206,35035,G4110,C1,A,2681206,35035
221704257887282,14883,ZCTA5 14883,187943032,1279237,G6350,B5,S,2809015682381969,3679697,West Danby CDP,3518404,14335,G4210,U1,S,3518404,14335
221704257887283,14884,ZCTA5 14884,58673650,836376,G6350,B5,S,NA,NA,NA,NA,NA,NA,NA,NA,58673650,836376
221704257887288,14885,ZCTA5 14885,110148914,0,G6350,B5,S,NA,NA,NA,NA,NA,NA,NA,NA,110148914,0
221704257887332,14886,ZCTA5 14886,194529766,590207,G6350,B5,S,NA,NA,NA,NA,NA,NA,NA,NA,182722273,552685
221704257887332,14886,ZCTA5 14886,194529766,590207,G6350,B5,S,2809015682381967,3638209,Jacksonville CDP,9345074,28311,G4210,U1,S,8214674,26521
221704257887332,14886,ZCTA5 14886,194529766,590207,G6350,B5,S,27890699381626,3675506,Trumansburg village,3592819,11001,G4110,C1,A,3592819,11001
221704257887367,14889,ZCTA5 14889,110436478,311852,G6350,B5,S,NA,NA,NA,NA,NA,NA,NA,NA,107123178,307458
221704257887367,14889,ZCTA5 14889,110436478,311852,G6350,B5,S,2809015619319856,3676881,Van Etten CDP,3313300,4394,G4210,U1,S,3313300,4394
221704257887495,14891,ZCTA5 14891,140883977,227157,G6350,B5,S,NA,NA,NA,NA,NA,NA,NA,NA,136859575,126951
221704257887495,14891,ZCTA5 14891,140883977,227157,G6350,B5,S,27890106776501,3678696,Watkins Glen village,4039736,992907,G4110,C1,A,4024402,100206
221704257887558,14892,ZCTA5 14892,109410187,1065977,G6350,B5,S,NA,NA,NA,NA,NA,NA,NA,NA,103493831,996978
221704257887558,14892,ZCTA5 14892,109410187,1065977,G6350,B5,S,27890740747572,3678806,Waverly village,5916356,68999,G4110,C1,A,5916356,68999
221704257887560,14893,ZCTA5 14893,200987,0,G6350,B5,S,NA,NA,NA,NA,NA,NA,NA,NA,200987,0
221704257887570,14894,ZCTA5 14894,31586423,122259,G6350,B5,S,NA,NA,NA,NA,NA,NA,NA,NA,30125301,99558
221704257887570,14894,ZCTA5 14894,31586423,122259,G6350,B5,S,27890100833082,3679081,Wellsburg village,1471379,22701,G4110,C1,A,1461122,22701
221704257887707,14895,ZCTA5 14895,300405547,941404,G6350,B5,S,NA,NA,NA,NA,NA,NA,NA,NA,286881731,941404
221704257887707,14895,ZCTA5 14895,300405547,941404,G6350,B5,S,28090114795302,3670717,Stannards CDP,7245212,0,G4210,U1,S,7245212,0
221704257887707,14895,ZCTA5 14895,300405547,941404,G6350,B5,S,27890114795303,3679092,Wellsville village,6278604,0,G4110,C1,A,6278604,0
221704257887723,14897,ZCTA5 14897,63650120,5524,G6350,B5,S,NA,NA,NA,NA,NA,NA,NA,NA,63650120,5524
221704257887748,14898,ZCTA5 14898,158359441,73453,G6350,B5,S,NA,NA,NA,NA,NA,NA,NA,NA,158359441,73453
221704257887916,14901,ZCTA5 14901,85987910,2464169,G6350,B5,S,NA,NA,NA,NA,NA,NA,NA,NA,75003792,2117491
221704257887916,14901,ZCTA5 14901,85987910,2464169,G6350,B5,S,27890100833075,3624229,Elmira city,18782821,845559,G4110,C5,A,10853238,346678
221704257887916,14901,ZCTA5 14901,85987910,2464169,G6350,B5,S,28090100833080,3669606,Southport CDP,16513353,566610,G4210,U1,S,120623,0
221704257887916,14901,ZCTA5 14901,85987910,2464169,G6350,B5,S,27890100833082,3679081,Wellsburg village,1471379,22701,G4110,C1,A,10257,0
221704257887957,14903,ZCTA5 14903,56064851,1301695,G6350,B5,S,NA,NA,NA,NA,NA,NA,NA,NA,40355455,1178854
221704257887957,14903,ZCTA5 14903,56064851,1301695,G6350,B5,S,28090100833073,3606464,Big Flats CDP,43222933,200374,G4210,U1,S,10947414,120071
221704257887957,14903,ZCTA5 14903,56064851,1301695,G6350,B5,S,27890100833076,3624251,Elmira Heights village,2969214,0,G4110,C1,A,2969214,0
221704257887957,14903,ZCTA5 14903,56064851,1301695,G6350,B5,S,27890100833077,3635694,Horseheads village,10070798,38288,G4110,C1,A,89251,0
221704257887957,14903,ZCTA5 14903,56064851,1301695,G6350,B5,S,28090100833083,3679785,West Elmira CDP,7869039,301128,G4210,U1,S,1703517,2770
221704257888032,14904,ZCTA5 14904,16702992,889988,G6350,B5,S,27890100833075,3624229,Elmira city,18782821,845559,G4110,C5,A,5191133,398447
221704257888032,14904,ZCTA5 14904,16702992,889988,G6350,B5,S,28090100833080,3669606,Southport CDP,16513353,566610,G4210,U1,S,11511859,491541
221704257888092,14905,ZCTA5 14905,9610511,431607,G6350,B5,S,NA,NA,NA,NA,NA,NA,NA,NA,706539,32815
221704257888092,14905,ZCTA5 14905,9610511,431607,G6350,B5,S,27890100833075,3624229,Elmira city,18782821,845559,G4110,C5,A,2738450,100434
221704257888092,14905,ZCTA5 14905,9610511,431607,G6350,B5,S,28090100833083,3679785,West Elmira CDP,7869039,301128,G4210,U1,S,6165522,298358
